{"type":"FeatureCollection", "features": [
{"type":"Feature","geometry":{"type":"MultiPolygon","coordinates":[[[[-17.24,20.67],[-17.01,20.03],[-16.83,19.56],[-16.73,19.28],[-16.63,19.13],[-16.56,19.07],[-16.49,19.03],[-16.44,18.98],[-16.39,18.87],[-16.37,18.76],[-16.33,18.59],[-16.26,18.42],[-16.23,18.06],[-16.25,17.73],[-16.28,17.57],[-16.35,17.38],[-16.5,17.04],[-16.63,16.72],[-16.65,16.64],[-16.67,16.48],[-16.72,16.32],[-16.72,16.06],[-16.73,15.86],[-16.77,15.77],[-16.84,15.66],[-17.03,15.37],[-17.16,15.19],[-17.28,15.06],[-17.47,14.97],[-17.54,14.96],[-17.65,14.92],[-17.71,14.86],[-17.74,14.79],[-17.75,14.72],[-17.72,14.65],[-17.63,14.52],[-17.55,14.47],[-17.44,14.45],[-17.32,14.48],[-17.21,14.32],[-17.14,14.27],[-17.1,14.17],[-17.03,14.06],[-16.98,14.01],[-16.96,13.76],[-16.87,13.59],[-16.97,13.52],[-17.01,13.46],[-17.02,13.38],[-17.01,13.23],[-16.99,13.19],[-16.98,13.06],[-16.94,13.02],[-16.99,12.81],[-16.99,12.65],[-17,12.49],[-16.99,12.41],[-16.94,12.3],[-16.9,12.24],[-16.84,11.92],[-16.79,11.59],[-16.68,11.22],[-16.61,11.12],[-16.32,10.87],[-16.26,10.84],[-15.8,10.67],[-15.75,10.66],[-15.59,10.65],[-15.57,10.63],[-15.55,10.54],[-15.47,10.44],[-15.38,10.41],[-15.31,10.42],[-15.23,10.46],[-15.16,10.57],[-15.15,10.63],[-15.08,10.59],[-14.99,10.57],[-14.91,10.57],[-14.87,10.53],[-14.86,10.43],[-14.81,10.32],[-14.77,10.28],[-14.68,10.25],[-14.67,10.2],[-14.63,10.11],[-14.58,10.05],[-14.47,10.01],[-14.41,10.01],[-14.25,9.87],[-14.06,9.79],[-14,9.75],[-13.94,9.67],[-14,9.61],[-14.03,9.53],[-14.04,9.44],[-14.01,9.35],[-13.96,9.29],[-13.86,9.24],[-13.77,9.23],[-13.69,9.25],[-13.63,9.28],[-13.61,9.17],[-13.52,9.09],[-13.52,9.03],[-13.48,8.88],[-13.45,8.84],[-13.44,8.64],[-13.47,8.6],[-13.5,8.51],[-13.49,8.38],[-13.46,8.31],[-13.4,8.23],[-13.45,8.14],[-13.45,8.06],[-13.43,8],[-13.36,7.93],[-13.31,7.9],[-13.21,7.9],[-13.2,7.83],[-13.24,7.78],[-13.27,7.72],[-13.27,7.61],[-13.24,7.52],[-13.15,7.43],[-13.03,7.37],[-12.95,7.37],[-12.76,7.31],[-12.69,7.22],[-12.61,7.18],[-12.51,7.18],[-12.44,7.16],[-12,6.99],[-11.79,6.88],[-11.71,6.81],[-11.59,6.74],[-11.57,6.67],[-11.52,6.58],[-11.47,6.54],[-11.19,6.42],[-11.02,6.32],[-11,6.24],[-10.97,6.18],[-10.91,6.13],[-10.75,6.04],[-10.52,5.98],[-10.44,5.92],[-10.38,5.9],[-10.34,5.85],[-10.25,5.79],[-10.21,5.73],[-10.13,5.64],[-10,5.54],[-9.91,5.46],[-9.81,5.38],[-9.73,5.28],[-9.67,5.25],[-9.58,5.14],[-9.47,5.05],[-9.43,5],[-9.32,4.94],[-9.11,4.79],[-9,4.76],[-8.9,4.69],[-8.69,4.57],[-8.61,4.55],[-8.55,4.5],[-8.43,4.45],[-8.33,4.39],[-8.26,4.37],[-8.05,4.33],[-7.93,4.25],[-7.78,4.17],[-7.62,4.16],[-7.41,4.17],[-7.34,4.2],[-7.1,4.33],[-6.98,4.35],[-6.91,4.39],[-6.8,4.48],[-6.66,4.5],[-6.56,4.53],[-6.49,4.58],[-6.38,4.61],[-6.33,4.63],[-6.12,4.7],[-5.98,4.77],[-5.8,4.84],[-5.56,4.88],[-5.18,4.92],[-4.74,4.95],[-4.52,4.99],[-4.23,5.02],[-4.03,5.04],[-3.93,5.04],[-3.76,4.99],[-3.54,4.97],[-3.36,4.94],[-2.89,4.84],[-2.53,4.77],[-2.41,4.74],[-2.3,4.64],[-2.2,4.57],[-2.13,4.54],[-2.04,4.54],[-1.92,4.56],[-1.87,4.59],[-1.8,4.65],[-1.63,4.71],[-1.56,4.79],[-1.49,4.84],[-1.18,4.91],[-1.02,5],[-0.81,5.01],[-0.68,5.06],[-0.6,5.13],[-0.4,5.2],[-0.27,5.31],[-0.14,5.34],[0.09,5.44],[0.19,5.52],[0.33,5.58],[0.44,5.59],[0.69,5.57],[0.83,5.57],[1,5.6],[1.09,5.66],[1.15,5.74],[1.2,5.87],[1.27,5.93],[1.34,5.94],[1.42,5.98],[1.67,6.04],[1.63,6.24],[1.76,6.27],[1.79,6.3],[1.78,6.37],[1.74,6.47],[1.69,6.52],[1.68,6.56],[1.61,6.61],[1.58,6.69],[1.62,6.74],[1.59,6.8],[1.61,6.9],[1.58,6.91],[1.56,7],[1.64,7],[1.64,7.44],[1.66,7.53],[1.64,7.62],[1.64,7.85],[1.63,8.36],[1.61,8.37],[1.63,8.45],[1.66,8.5],[1.62,8.55],[1.63,9.01],[1.6,9.1],[1.57,9.17],[1.51,9.21],[1.41,9.34],[1.39,9.48],[1.34,9.55],[1.37,9.6],[1.36,10],[1.1,10.15],[0.78,10.38],[0.79,10.52],[0.81,10.61],[0.81,10.73],[0.88,10.8],[0.89,10.92],[0.91,11],[0.95,11.04],[0.98,11.09],[1.03,11.05],[1.1,11.07],[1.07,11.13],[1.19,11.26],[1.28,11.27],[1.35,11.31],[1.33,11.35],[1.39,11.41],[1.4,11.45],[1.46,11.47],[1.57,11.46],[1.6,11.4],[1.67,11.4],[1.71,11.43],[1.75,11.42],[1.81,11.44],[1.88,11.45],[1.92,11.42],[2.03,11.44],[2.19,11.6],[2.31,11.68],[2.3,11.72],[2.37,11.8],[2.4,11.91],[2.21,12.17],[2.07,12.35],[2.09,12.39],[2.18,12.42],[2.27,12.43],[2.26,12.47],[2.22,12.52],[2.22,12.59],[2.15,12.65],[2.15,12.69],[2.09,12.72],[1.99,12.73],[1.93,12.7],[1.87,12.61],[1.35,12.9],[0.99,13.1],[0.99,13.37],[1.11,13.33],[1.19,13.32],[1.2,13.39],[1.03,13.46],[1.02,13.52],[0.9,13.62],[0.77,13.64],[0.77,13.69],[0.63,13.68],[0.6,13.73],[0.62,13.77],[0.53,13.84],[0.47,13.91],[0.47,13.95],[0.42,13.98],[0.38,14.05],[0.21,14.42],[0.17,14.52],[0.24,14.74],[0.2,14.83],[0.24,14.91],[0.23,15],[0.39,14.96],[0.51,15],[0.57,14.99],[0.69,14.94],[0.73,14.96],[0.91,14.97],[1,15],[1.31,15.28],[1.85,15.31],[2.64,15.35],[3.02,15.34],[3.03,15.43],[3.49,15.36],[3.54,15.4],[3.54,15.49],[3.59,15.52],[3.65,15.59],[3.72,15.66],[3.8,15.66],[3.86,15.69],[3.9,15.75],[3.93,15.86],[3.98,15.94],[3.99,16.03],[3.99,16.08],[4.06,16.22],[4.1,16.32],[4.2,16.4],[4.2,16.81],[4.21,17],[4.27,17],[4.27,17.39],[4.27,17.92],[4.27,18.29],[4.27,18.76],[4.27,19.14],[3.81,19.06],[3.36,18.97],[3.16,19.11],[3.12,19.13],[3.12,19.19],[3.2,19.28],[3.18,19.36],[3.21,19.43],[3.26,19.44],[3.27,19.53],[3.23,19.61],[3.25,19.65],[3.23,19.71],[3.26,19.82],[3.24,19.84],[3.14,19.86],[3.08,19.91],[2.97,19.95],[2.86,19.97],[2.82,19.96],[2.72,20.01],[2.67,20.05],[2.56,20.03],[2.52,20.09],[2.47,20.1],[2.4,20.06],[2.4,20.12],[2.36,20.19],[2.32,20.22],[2.31,20.27],[2.27,20.3],[2.19,20.32],[2.19,20.28],[2.13,20.24],[2.04,20.27],[2,20.24],[1.95,20.26],[1.9,20.24],[1.88,20.29],[1.8,20.3],[1.78,20.34],[1.67,20.41],[1.68,20.48],[1.64,20.56],[1.59,20.6],[1.5,20.62],[1.35,20.68],[1.32,20.74],[1.18,20.73],[1.16,20.79],[1.19,20.92],[1.19,21],[1.17,21.12],[0.51,21.54],[-0.06,21.91],[-0.52,22.21],[-0.92,22.47],[-1.3,22.72],[-1.67,22.95],[-2.05,23.2],[-2.59,23.55],[-2.99,23.8],[-3.6,24.2],[-4.09,24.52],[-4.48,24.77],[-4.83,25],[-5.19,25.22],[-5.67,25.51],[-6.03,25.74],[-6.43,25.98],[-6.83,26.22],[-7.58,26.67],[-8.23,27.06],[-8.67,27.31],[-8.67,26.77],[-8.67,26],[-9.43,26],[-9.93,26],[-10.37,26],[-11.1,26],[-11.58,26],[-12,26],[-12,25.23],[-12,24.77],[-12,24.37],[-12,23.83],[-12,23.45],[-12.16,23.42],[-12.37,23.32],[-12.57,23.29],[-13,23.02],[-13.11,22.89],[-13.15,22.76],[-13.08,22.54],[-13.05,22.09],[-13,21.34],[-13.54,21.34],[-14.29,21.34],[-14.85,21.34],[-15.17,21.34],[-15.91,21.34],[-16.49,21.34],[-16.95,21.33],[-16.99,21.14],[-17.03,21.06],[-17.07,20.89],[-17.05,20.77],[-17.24,20.67]]],[[[-18.67,67.35],[-18.93,67.33],[-19.08,67.28],[-19.16,67.23],[-19.2,67.14],[-19.15,67.07],[-18.96,66.98],[-18.77,66.95],[-18.45,66.97],[-18.28,67.02],[-18.18,67.1],[-18.16,67.18],[-18.3,67.29],[-18.45,67.33],[-18.67,67.35]]],[[[-22.5,63.42],[-20.77,63.1],[-20.53,63.09],[-19.09,63.19],[-18.7,63.19],[-18.58,63.19],[-18.06,63.26],[-17.71,63.35],[-17.32,63.55],[-16.58,63.59],[-16.38,63.62],[-15.93,63.75],[-15.7,63.86],[-14.77,64.05],[-14.21,64.22],[-13.79,64.39],[-13.64,64.47],[-13.44,64.4],[-13.18,64.39],[-12.96,64.44],[-12.84,64.51],[-12.81,64.57],[-12.82,64.64],[-12.89,64.7],[-13.04,64.76],[-13.21,64.79],[-13.08,64.88],[-13.03,64.95],[-13.01,65.08],[-13.03,65.19],[-13.12,65.53],[-13.16,65.58],[-14.06,66.45],[-14.22,66.53],[-14.38,66.56],[-15.89,66.73],[-16.3,66.73],[-16.73,66.69],[-16.88,66.65],[-17.38,66.46],[-17.5,66.48],[-17.48,66.56],[-17.52,66.62],[-17.63,66.69],[-17.9,66.76],[-18.08,66.76],[-18.25,66.74],[-18.4,66.7],[-18.49,66.64],[-18.53,66.54],[-18.46,66.44],[-18.32,66.38],[-18.86,66.38],[-20.12,66.34],[-22.16,66.63],[-22.46,66.67],[-22.6,66.66],[-22.88,66.67],[-23.07,66.66],[-23.38,66.59],[-23.54,66.53],[-24.19,66.17],[-24.53,65.9],[-24.95,65.6],[-25.01,65.54],[-24.99,65.44],[-24.48,64.79],[-23.72,63.62],[-23.61,63.53],[-23.49,63.49],[-23.34,63.47],[-23.2,63.47],[-22.99,63.51],[-22.5,63.42]]],[[[-16.77,79.53],[-19.45,79.5],[-22.67,79.65],[-22.67,79.61],[-22.91,75.95],[-19.47,75.74],[-17.49,75.82],[-17.64,76.02],[-17.63,76.09],[-17.72,76.2],[-17.74,76.29],[-17.84,76.39],[-17.88,76.48],[-17.33,76.85],[-17.28,77.02],[-17.31,77.21],[-16.84,77.54],[-16.74,77.58],[-16.54,77.73],[-16.51,77.8],[-16.67,77.93],[-16.91,78.74],[-16.53,79.05],[-16.52,79.14],[-16.39,79.17],[-16.05,79.13],[-15.42,79.14],[-15.06,79.2],[-14.86,79.27],[-14.81,79.33],[-14.92,79.43],[-15.19,79.5],[-15.77,79.54],[-16.17,79.52],[-16.47,79.48],[-16.7,79.42],[-16.77,79.53]]],[[[7.5,1.89],[7.43,1.92],[7.31,1.91],[7.25,1.88],[7.21,1.83],[6.77,1.13],[6.32,0.42],[6.26,0.28],[6.26,0.19],[6.32,-0.06],[6.34,-0.11],[6.4,-0.17],[6.45,-0.2],[6.54,-0.21],[6.6,-0.2],[6.74,-0.13],[6.78,-0.08],[6.93,0.14],[7.29,0.82],[7.61,1.42],[7.66,1.59],[7.67,1.72],[7.65,1.78],[7.58,1.85],[7.5,1.89]]],[[[-14.52,-8.15],[-14.44,-8.19],[-14.37,-8.19],[-14.26,-8.17],[-14.2,-8.13],[-14.13,-8.07],[-14.1,-8.01],[-14.1,-7.92],[-14.12,-7.85],[-14.2,-7.76],[-14.3,-7.7],[-14.42,-7.69],[-14.5,-7.72],[-14.56,-7.78],[-14.62,-7.89],[-14.62,-7.96],[-14.6,-8.06],[-14.52,-8.15]]],[[[-5.76,-16.23],[-5.68,-16.22],[-5.53,-16.15],[-5.46,-16.1],[-5.42,-15.98],[-5.44,-15.89],[-5.49,-15.79],[-5.54,-15.75],[-5.63,-15.71],[-5.72,-15.7],[-5.8,-15.72],[-5.93,-15.84],[-5.99,-15.94],[-6,-15.99],[-5.98,-16.08],[-5.87,-16.19],[-5.76,-16.23]]],[[[-10,-40.56],[-9.85,-40.57],[-9.73,-40.52],[-9.68,-40.48],[-9.62,-40.4],[-9.62,-40.29],[-9.7,-40.17],[-9.77,-40.12],[-9.86,-40.08],[-9.98,-40.07],[-10.09,-40.09],[-10.18,-40.13],[-10.24,-40.19],[-10.28,-40.28],[-10.27,-40.37],[-10.22,-40.43],[-10.08,-40.53],[-10,-40.56]]],[[[-12.09,-37.3],[-11.99,-37.2],[-11.97,-37.07],[-12.01,-36.99],[-12.12,-36.9],[-12.19,-36.87],[-12.31,-36.86],[-12.47,-36.91],[-12.52,-36.95],[-12.58,-37.03],[-12.6,-37.09],[-12.67,-37.08],[-12.77,-37.09],[-12.87,-37.14],[-12.93,-37.2],[-12.96,-37.28],[-12.94,-37.38],[-12.86,-37.47],[-12.72,-37.52],[-12.63,-37.6],[-12.56,-37.62],[-12.43,-37.63],[-12.34,-37.6],[-12.26,-37.53],[-12.22,-37.47],[-12.23,-37.36],[-12.09,-37.3]]],[[[-17,-86],[-15,-86],[-5.5,-86],[-5.5,-69],[-17,-71],[-17,-86]]]]},"properties":{"tzid":"Africa/Abidjan"}},
{"type":"Feature","geometry":{"type":"MultiPolygon","coordinates":[[[[23.62,51.51],[23.66,51.58],[23.61,51.62],[23.68,51.65],[23.78,51.67],[23.87,51.64],[23.88,51.61],[24,51.58],[24.12,51.67],[24.27,51.72],[24.32,51.75],[24.3,51.81],[24.39,51.88],[24.63,51.9],[24.75,51.88],[24.81,51.91],[24.93,51.89],[25.1,51.95],[25.26,51.97],[25.34,51.93],[25.47,51.92],[25.53,51.94],[25.71,51.92],[25.82,51.93],[25.94,51.92],[25.99,51.93],[26.09,51.91],[26.19,51.86],[26.37,51.86],[26.47,51.8],[26.55,51.8],[26.61,51.82],[26.76,51.8],[26.95,51.74],[26.99,51.77],[27.2,51.77],[27.21,51.67],[27.27,51.61],[27.46,51.61],[27.55,51.64],[27.62,51.61],[27.73,51.59],[27.68,51.54],[27.74,51.48],[27.85,51.55],[27.83,51.61],[27.92,51.61],[27.95,51.56],[28.12,51.58],[28.17,51.64],[28.27,51.68],[28.28,51.62],[28.36,51.54],[28.47,51.59],[28.65,51.57],[28.68,51.44],[28.76,51.49],[28.81,51.55],[28.91,51.59],[29,51.57],[29.11,51.65],[29.17,51.65],[29.25,51.5],[29.31,51.45],[29.34,51.39],[29.42,51.42],[29.5,51.4],[29.54,51.48],[29.72,51.53],[29.75,51.46],[29.8,51.45],[29.89,51.49],[30.04,51.5],[30.12,51.49],[30.18,51.51],[30.34,51.42],[30.32,51.36],[30.4,51.31],[30.54,51.26],[30.62,51.29],[30.66,51.38],[30.59,51.5],[30.53,51.56],[30.51,51.63],[30.62,51.71],[30.67,51.79],[30.65,51.82],[30.81,51.95],[30.89,51.97],[30.94,52.01],[30.93,52.08],[31.14,52.1],[31.25,52.04],[31.33,52.11],[31.4,52.14],[31.47,52.12],[31.86,52.11],[31.96,52.05],[32.07,52.03],[32.29,52.1],[32.35,52.18],[32.32,52.22],[32.4,52.25],[32.35,52.32],[32.55,52.33],[32.69,52.27],[32.76,52.26],[32.83,52.28],[33,52.27],[33.07,52.33],[33.21,52.38],[33.35,52.35],[33.38,52.37],[33.6,52.33],[33.79,52.37],[34.05,52.17],[34.12,52.14],[34.06,52.07],[34.23,51.91],[34.41,51.83],[34.42,51.72],[34.22,51.7],[34.17,51.65],[34.31,51.52],[34.22,51.43],[34.31,51.33],[34.24,51.29],[34.33,51.24],[34.38,51.27],[34.48,51.24],[34.66,51.25],[34.67,51.2],[34.82,51.17],[34.95,51.23],[35.15,51.22],[35.12,51.17],[35.17,51.08],[35.21,51.05],[35.3,51.08],[35.41,51.05],[35.33,50.99],[35.33,50.95],[35.4,50.9],[35.41,50.81],[35.49,50.78],[35.46,50.69],[35.39,50.64],[35.44,50.53],[35.48,50.49],[35.59,50.45],[35.58,50.4],[35.63,50.35],[35.74,50.35],[35.83,50.43],[36.07,50.45],[36.16,50.43],[36.36,50.29],[36.42,50.33],[36.49,50.31],[36.56,50.25],[36.65,50.22],[36.69,50.27],[36.94,50.35],[37.11,50.35],[37.29,50.4],[37.33,50.44],[37.47,50.43],[37.48,50.36],[37.63,50.29],[37.62,50.22],[37.76,50.08],[37.93,50.03],[37.96,49.98],[38.06,49.92],[38.17,49.94],[38.22,49.98],[38.18,50.08],[38.33,50.09],[38.35,50.01],[38.49,49.96],[38.58,49.98],[38.72,49.93],[38.74,49.9],[38.85,49.86],[38.9,49.87],[38.93,49.8],[39.07,49.82],[39.18,49.89],[39.23,49.81],[39.29,49.76],[39.38,49.74],[39.44,49.76],[39.59,49.72],[39.66,49.61],[39.75,49.6],[39.81,49.56],[39.89,49.56],[39.95,49.6],[40.14,49.62],[40.17,49.57],[40.04,49.52],[40.03,49.45],[40.11,49.39],[40.2,49.35],[40.19,49.28],[40.08,49.19],[40.03,49.18],[39.94,49.08],[39.69,49.05],[39.7,49],[39.85,48.89],[40.06,48.9],[40.08,48.87],[39.98,48.79],[39.8,48.84],[39.78,48.79],[39.73,48.75],[39.72,48.69],[39.67,48.62],[39.69,48.59],[39.8,48.59],[39.86,48.56],[39.85,48.47],[39.9,48.45],[39.95,48.35],[39.84,48.33],[40.02,48.25],[39.94,48.23],[39.94,48.18],[39.88,48.12],[39.88,48.04],[39.82,48],[39.79,47.87],[39.74,47.83],[39.57,47.84],[39.39,47.87],[39.24,47.87],[39.11,47.84],[39.08,47.87],[38.84,47.87],[38.79,47.82],[38.77,47.69],[38.67,47.7],[38.62,47.64],[38.46,47.64],[38.35,47.62],[38.28,47.54],[38.3,47.39],[38.26,47.37],[38.22,47.31],[38.34,47.31],[38.32,47.26],[38.23,47.23],[38.23,47.12],[38.34,46.98],[38.14,46.86],[37.62,46.83],[37.44,46.72],[37.46,46.61],[37.51,46.57],[37.57,46.44],[37.66,46.33],[37.83,46.23],[37.83,46.19],[37.77,46.15],[37.69,46.05],[37.63,45.89],[37.49,45.83],[37.4,45.78],[37.35,45.69],[37.34,45.54],[37.29,45.52],[36.98,45.61],[36.85,45.63],[36.67,45.63],[36.34,45.67],[36.14,45.65],[35.98,45.62],[35.89,45.64],[35.79,45.64],[35.68,45.61],[35.63,45.57],[35.58,45.49],[35.46,45.56],[35.42,45.63],[35.34,45.68],[35.31,45.73],[35.23,45.79],[34.98,45.76],[34.8,45.81],[34.8,45.9],[34.75,45.91],[34.67,45.97],[34.56,45.99],[34.5,45.94],[34.44,45.96],[34.32,46.07],[34.25,46.05],[34.12,46.11],[34.05,46.11],[33.81,46.2],[33.74,46.19],[33.62,46.23],[33.64,46.15],[33.57,46.1],[33.59,46.06],[33.54,46.01],[32.97,45.87],[32.87,45.83],[32.77,45.83],[32.59,45.71],[32.48,45.66],[32.38,45.63],[32.3,45.57],[32.22,45.48],[32.2,45.38],[32.23,45.29],[32.31,45.2],[32.38,45.16],[32.59,45.12],[32.73,45.12],[32.83,45.15],[32.89,45.09],[33.01,45.01],[33.19,44.95],[33.29,44.94],[33.24,44.81],[33.25,44.76],[33.17,44.72],[33.09,44.6],[33.13,44.48],[33.25,44.36],[33.31,44.33],[33.42,44.29],[33.49,44.25],[33.72,44.19],[33.86,44.19],[33.95,44.18],[34.27,44.25],[34.56,44.41],[34.67,44.55],[34.81,44.6],[34.93,44.61],[35,44.59],[35.12,44.59],[35.3,44.65],[35.4,44.74],[35.53,44.78],[35.63,44.85],[35.74,44.8],[35.82,44.79],[36.03,44.81],[36.1,44.83],[36.24,44.82],[36.45,44.86],[36.56,44.9],[36.61,44.94],[36.79,44.92],[36.95,44.88],[37.04,44.85],[37.11,44.75],[37.17,44.64],[37.32,44.55],[37.49,44.49],[37.75,44.47],[37.81,44.43],[37.91,44.39],[38.06,44.27],[38.33,44.18],[38.46,44.17],[38.62,44.12],[38.68,44.06],[38.8,44],[39.2,43.72],[39.25,43.66],[39.33,43.61],[39.41,43.53],[39.47,43.49],[39.56,43.41],[39.64,43.37],[39.69,43.3],[39.82,43.23],[39.88,43.22],[40.01,43.17],[40.07,43.07],[40.2,43],[40.3,43],[40.46,42.92],[40.68,42.89],[40.74,42.89],[40.89,42.78],[40.93,42.69],[41,42.64],[41.09,42.61],[41.23,42.59],[41.29,42.41],[41.56,42.41],[41.65,42.43],[41.65,42.48],[41.83,42.55],[41.86,42.6],[41.95,42.64],[41.88,42.85],[41.94,42.88],[41.87,42.98],[41.9,43.03],[42.04,43.06],[42.13,43.19],[42.08,43.2],[42.22,43.23],[42.34,43.22],[42.36,43.25],[42.67,43.14],[42.7,43.17],[42.78,43.19],[42.85,43.18],[42.99,43.12],[43.05,43.02],[43.17,42.96],[43.18,42.94],[43.56,42.87],[43.81,42.72],[43.76,42.66],[43.77,42.59],[43.87,42.59],[43.96,42.55],[44.01,42.59],[44.12,42.62],[44.23,42.63],[44.25,42.68],[44.32,42.72],[44.39,42.71],[44.5,42.73],[44.68,42.76],[44.75,42.71],[44.77,42.64],[44.8,42.61],[44.87,42.69],[44.89,42.75],[44.98,42.74],[45.03,42.69],[45.16,42.71],[45.26,42.61],[45.35,42.52],[45.42,42.55],[45.49,42.54],[45.57,42.55],[45.61,42.51],[45.78,42.49],[45.77,42.43],[45.73,42.38],[45.75,42.31],[45.65,42.29],[45.61,42.23],[45.65,42.19],[45.75,42.15],[45.79,42.1],[45.86,42.11],[46.04,42.02],[46.25,41.98],[46.32,41.93],[46.4,41.94],[46.45,41.86],[46.51,41.89],[46.62,41.82],[46.76,41.86],[46.77,41.8],[46.86,41.72],[47.01,41.63],[47.04,41.56],[47.11,41.59],[47.17,41.53],[47.22,41.42],[47.3,41.31],[47.38,41.27],[47.5,41.27],[47.51,41.23],[47.56,41.2],[47.62,41.23],[47.7,41.23],[47.78,41.19],[47.82,41.22],[47.88,41.22],[47.89,41.29],[47.99,41.36],[48,41.42],[48.06,41.49],[48.2,41.51],[48.28,41.56],[48.38,41.59],[48.49,41.73],[48.56,41.78],[48.59,41.84],[48.81,41.96],[48.75,41.99],[48.69,42.05],[48.56,42.14],[48.52,42.21],[48.44,42.29],[48.32,42.44],[48.22,42.52],[48.15,42.64],[47.98,42.83],[47.97,42.91],[47.9,43],[47.81,43.06],[47.78,43.14],[47.82,43.22],[47.83,43.32],[47.79,43.48],[47.82,43.53],[47.85,43.64],[47.93,43.75],[48.09,43.87],[48.13,43.92],[48.14,43.99],[48.12,44.07],[48.04,44.14],[47.91,44.19],[47.7,44.2],[47.66,44.21],[47.79,44.31],[47.83,44.38],[47.84,44.47],[47.78,44.59],[47.69,44.66],[47.62,44.68],[47.5,44.7],[47.41,44.68],[47.31,44.64],[47.16,44.61],[47.15,44.64],[47.28,44.7],[47.36,44.79],[47.5,44.99],[47.56,45.13],[47.62,45.21],[47.71,45.23],[47.66,45.08],[47.74,45.1],[47.8,45.26],[47.83,45.26],[47.55,45.4],[47.56,45.5],[47.5,45.57],[47.49,45.65],[47.3,45.68],[47.28,45.65],[47.15,45.61],[46.97,45.62],[46.95,45.6],[46.81,45.57],[46.69,45.65],[46.48,45.7],[46.55,45.8],[46.41,45.82],[46.3,45.91],[46.31,45.96],[46.45,45.97],[46.45,46.18],[46.5,46.28],[46.4,46.32],[46.5,46.38],[46.56,46.35],[46.66,46.44],[46.86,46.46],[46.96,46.45],[46.95,46.52],[46.87,46.62],[46.96,46.72],[46.98,46.87],[46.96,46.97],[46.82,46.99],[46.74,47.07],[46.54,47.4],[46.67,47.48],[46.87,47.55],[46.76,47.61],[46.69,47.6],[46.4,47.41],[46.27,47.42],[46.01,47.56],[45.92,47.64],[45.9,47.72],[45.84,47.72],[45.78,47.81],[45.74,47.83],[45.71,47.93],[45.76,48],[45.7,48.03],[45.55,47.99],[45.38,48.1],[45.27,48.11],[45.24,48.16],[45.15,48.19],[45.17,48.22],[44.96,48.27],[44.98,48.29],[45.01,48.42],[45.21,48.51],[45.3,48.45],[45.42,48.49],[45.27,48.52],[45.5,48.58],[45.64,48.62],[45.71,48.67],[45.81,48.68],[45.93,48.79],[45.95,48.84],[46.04,48.86],[46.32,48.84],[46.31,48.82],[46.62,48.67],[46.78,48.95],[46.89,48.98],[46.97,49.03],[47.03,49.09],[47.05,49.17],[47,49.23],[46.78,49.34],[46.83,49.57],[46.86,49.64],[46.9,49.86],[47.18,49.93],[47.35,50.09],[47.26,50.19],[47.34,50.24],[47.29,50.28],[47.43,50.38],[47.27,50.38],[47.2,50.43],[47.21,50.51],[47.04,50.51],[46.91,50.49],[46.87,50.58],[46.74,50.66],[46.73,50.7],[46.63,50.68],[46.57,50.69],[46.57,50.61],[46.46,50.62],[46.47,50.55],[46.35,50.56],[46.28,50.53],[46.06,50.53],[46.07,50.6],[46.04,50.67],[45.89,50.75],[45.74,50.76],[45.68,50.67],[45.71,50.59],[45.61,50.59],[45.53,50.55],[45.49,50.6],[45.39,50.59],[45.19,50.59],[45.23,50.7],[45.28,50.72],[45.33,50.86],[45.3,50.91],[45.25,50.92],[45.2,50.97],[45.19,51.04],[45.09,51.08],[45.07,51.12],[44.9,51.16],[44.79,51.15],[44.64,51.18],[44.57,51.12],[44.48,51.21],[44.35,51.17],[44.23,51.2],[44.18,51.09],[44.06,51.1],[44.02,51.16],[43.92,51.16],[43.88,51.11],[43.69,51.11],[43.65,51.05],[43.56,51.06],[43.36,51],[43.19,51.11],[43.15,51.12],[42.88,51.23],[42.95,51.27],[42.86,51.32],[42.83,51.39],[42.75,51.49],[42.57,51.54],[42.52,51.6],[42.52,51.72],[42.65,51.79],[42.71,51.89],[42.71,52],[42.76,52.02],[42.77,52.16],[42.79,52.19],[42.89,52.21],[42.94,52.34],[43.12,52.38],[43.14,52.44],[43.3,52.43],[43.34,52.38],[43.49,52.38],[43.51,52.4],[43.67,52.39],[43.78,52.43],[43.87,52.38],[43.91,52.4],[44.03,52.33],[44.16,52.31],[44.32,52.32],[44.4,52.41],[44.54,52.42],[44.49,52.51],[44.53,52.53],[44.61,52.48],[44.85,52.45],[44.95,52.36],[45.03,52.32],[45.09,52.4],[45.15,52.42],[45.27,52.39],[45.35,52.4],[45.52,52.46],[45.62,52.48],[45.77,52.46],[45.79,52.42],[45.96,52.4],[46.01,52.46],[46,52.51],[46.14,52.55],[46.17,52.61],[46.27,52.61],[46.26,52.65],[46.33,52.68],[46.49,52.68],[46.57,52.7],[46.74,52.61],[46.87,52.71],[46.94,52.72],[46.97,52.81],[46.89,52.89],[46.92,52.92],[46.93,53.17],[46.86,53.18],[46.91,53.36],[46.79,53.37],[46.65,53.47],[46.5,53.48],[46.45,53.54],[46.44,53.65],[46.38,53.67],[46.28,53.79],[46.17,53.8],[46.19,53.91],[46.06,53.98],[45.94,54],[45.9,54.06],[46.03,54.13],[46.06,54.17],[46.16,54.16],[46.2,54.18],[46.34,54.19],[46.39,54.23],[46.62,54.3],[46.68,54.3],[46.71,54.4],[46.54,54.4],[46.55,54.47],[46.52,54.66],[46.42,54.69],[46.48,54.76],[46.66,54.67],[46.74,54.69],[46.8,54.64],[46.89,54.65],[47.08,54.71],[47.11,54.67],[47.3,54.67],[47.4,54.53],[47.45,54.57],[47.54,54.53],[47.62,54.56],[47.69,54.66],[47.72,54.74],[47.82,54.73],[47.82,54.64],[47.91,54.65],[47.9,54.7],[48.02,54.73],[48.08,54.71],[48.25,54.72],[48.28,54.66],[48.35,54.67],[48.47,54.63],[48.88,54.63],[48.88,54.8],[49.12,54.8],[49.15,54.84],[49.24,54.84],[49.28,54.89],[49.48,54.78],[49.48,54.69],[49.55,54.67],[49.58,54.62],[49.56,54.56],[49.7,54.58],[49.85,54.54],[50.2,54.5],[50.24,54.45],[50.31,54.44],[50.39,54.48],[50.52,54.32],[50.65,54.39],[50.82,54.36],[50.95,54.39],[51.01,54.55],[51.07,54.54],[51.17,54.65],[51.36,54.66],[51.38,54.59],[51.51,54.6],[51.54,54.65],[51.63,54.56],[51.78,54.56],[51.94,54.52],[51.95,54.45],[52.13,54.38],[52.24,54.44],[52.5,54.46],[52.51,54.37],[52.57,54.34],[52.7,54.36],[52.93,54.31],[52.98,54.27],[53.08,54.32],[53.16,54.29],[53.1,54.23],[52.95,54.24],[53.13,54.08],[53.29,54.09],[53.29,54.03],[53.35,54],[53.5,54.06],[53.42,54.23],[53.45,54.26],[53.4,54.37],[53.43,54.43],[53.43,54.57],[53.53,54.62],[53.62,54.7],[53.63,54.8],[53.59,54.81],[53.48,54.97],[53.37,55.03],[53.27,55.05],[53.25,55.1],[53.17,55.11],[53.16,55.17],[53.32,55.16],[53.41,55.22],[53.62,55.21],[53.6,55.26],[53.72,55.33],[53.86,55.37],[53.9,55.43],[53.98,55.47],[53.97,55.53],[54.02,55.54],[54.2,55.64],[54.27,55.7],[54.17,55.72],[54.04,55.81],[53.96,55.78],[53.86,55.89],[53.7,55.93],[53.35,55.86],[53.24,55.87],[53.2,55.93],[53.45,56.02],[53.46,56.08],[53.5,56.13],[53.57,56.13],[53.58,56.24],[53.45,56.27],[53.31,56.25],[53.37,56.1],[53.33,56.06],[53.19,56.11],[53.16,56.16],[53.06,56.13],[53,56.18],[52.97,56.28],[53.01,56.43],[53.09,56.45],[53.1,56.5],[52.97,56.54],[52.97,56.46],[52.92,56.4],[52.78,56.4],[52.65,56.29],[52.59,56.22],[52.74,56.22],[52.85,56.19],[52.88,56.11],[52.81,56.08],[52.74,56.01],[52.56,56.04],[52.46,56.08],[52.38,56.02],[52.32,56.07],[52.21,56.02],[52.23,55.95],[52.07,55.9],[52.06,55.95],[51.93,55.95],[51.81,55.93],[51.59,55.95],[51.42,55.96],[51.4,56.03],[51.64,56.12],[51.55,56.14],[51.44,56.13],[51.39,56.23],[51.4,56.29],[51.14,56.48],[51.18,56.68],[51.39,56.67],[51.39,56.77],[51.48,56.8],[51.52,56.88],[51.43,56.9],[51.34,56.94],[51.31,57.02],[51.22,57.09],[51.21,57.2],[51.12,57.24],[51.17,57.44],[51.4,57.47],[51.53,57.46],[51.71,57.52],[51.77,57.58],[51.83,57.57],[51.88,57.7],[51.95,57.77],[51.87,57.83],[51.82,57.91],[51.89,57.95],[51.9,58.01],[51.8,58.12],[51.71,58.14],[51.69,58.18],[51.72,58.25],[51.82,58.28],[51.8,58.37],[51.86,58.37],[51.96,58.45],[52.17,58.49],[52.27,58.47],[52.33,58.44],[52.84,58.39],[52.89,58.53],[53.09,58.52],[53.18,58.5],[53.16,58.45],[53.21,58.4],[53.37,58.38],[53.49,58.44],[53.62,58.47],[53.79,58.46],[53.7,58.6],[53.77,58.66],[53.74,58.69],[53.91,58.75],[53.93,58.8],[53.83,58.83],[53.75,58.97],[53.79,59.02],[53.87,59.03],[53.9,59.09],[53.82,59.11],[53.38,59.16],[53.23,59.32],[53.22,59.36],[53.36,59.46],[53.45,59.7],[53.6,59.69],[53.63,59.74],[53.69,60.01],[53.63,60.11],[53.42,60.23],[53.37,60.16],[52.93,60.15],[52.44,60.19],[52.32,60.23],[52.37,60.36],[52.35,60.44],[52.12,60.46],[52.15,60.54],[51.77,60.58],[51.89,60.88],[52.36,60.83],[52.43,60.98],[52.81,60.94],[52.87,61.09],[53.41,61.03],[53.36,60.88],[53.81,60.83],[53.88,60.98],[54.98,60.86],[55.05,61.01],[55.2,60.99],[55.28,61.15],[55.73,61.1],[55.81,61.25],[56.27,61.19],[56.38,61.44],[56.57,61.42],[56.6,61.49],[56.65,61.52],[57.08,61.48],[57.09,61.5],[57.92,61.5],[58.85,61.5],[58.92,61.53],[59.05,61.54],[59.15,61.63],[59.24,61.63],[59.35,61.66],[59.42,61.75],[59.32,61.8],[59.33,61.84],[59.49,61.95],[59.4,62.1],[59.4,62.16],[59.61,62.37],[59.63,62.54],[59.44,62.57],[59.41,62.71],[59.36,62.75],[59.43,62.78],[59.45,62.92],[59.33,62.94],[59.2,63.03],[59.25,63.1],[59.32,63.12],[59.29,63.18],[59.37,63.27],[59.31,63.39],[59.38,63.42],[59.48,63.57],[59.47,63.64],[59.53,63.71],[59.56,63.91],[59.76,63.99],[59.77,64.04],[59.84,64.09],[59.59,64.22],[59.6,64.33],[59.65,64.43],[59.59,64.48],[59.49,64.49],[59.66,64.66],[59.62,64.78],[59.81,64.91],[59.99,64.94],[60.05,65.03],[60.2,65.08],[60.42,65.07],[60.43,65.01],[60.61,64.92],[60.73,64.93],[60.81,65.02],[60.93,65.02],[61.08,65.08],[61.14,65.17],[61.27,65.17],[61.36,65.25],[61.29,65.31],[61.42,65.39],[61.46,65.44],[61.63,65.56],[61.96,65.7],[62.13,65.75],[62.47,65.82],[62.48,65.84],[62.8,65.86],[62.78,65.9],[62.9,65.97],[62.83,66],[62.87,66.06],[63.14,66.26],[63.23,66.3],[63.33,66.41],[63.42,66.47],[63.51,66.46],[63.63,66.51],[63.8,66.53],[63.98,66.63],[64.26,66.65],[64.39,66.72],[64.54,66.73],[64.55,66.8],[64.88,66.83],[65.14,66.91],[65.08,67.04],[65.24,67.09],[65.18,67.14],[65.32,67.2],[65.43,67.21],[65.6,67.3],[65.74,67.33],[65.7,67.38],[66.01,67.41],[66.09,67.5],[66.05,67.58],[65.82,67.54],[65.85,67.67],[66.22,67.68],[66.23,67.75],[66.02,67.81],[66.06,67.88],[66.13,67.91],[65.92,67.96],[65.77,67.92],[65.55,67.93],[65.44,67.91],[65.36,67.95],[65.32,68.02],[65.35,68.1],[65.27,68.23],[65.36,68.28],[65.51,68.47],[65.61,68.49],[65.65,68.58],[65.44,68.65],[65.35,68.74],[65.4,68.79],[65.09,68.81],[65.02,68.84],[64.81,68.88],[64.56,68.87],[64.62,68.93],[64.52,68.98],[64.54,69.03],[64.71,69.08],[64.72,69.11],[64.86,69.17],[65.03,69.2],[65.13,69.34],[64.97,69.56],[64.7,69.64],[64.4,69.71],[63.94,69.78],[63.29,69.87],[62.86,69.91],[62.18,69.93],[62.01,69.95],[61.62,70.01],[61.38,70.05],[60.67,70.12],[60.46,70.23],[60.08,70.33],[59.84,70.47],[59.43,70.63],[58.85,70.73],[57.5,71.01],[57.11,71.15],[56.69,71.34],[56.65,71.39],[56.34,71.64],[56.19,71.83],[56.11,71.97],[56.11,72.03],[56.21,72.13],[56.26,72.38],[56.83,72.76],[57.07,72.95],[57.33,73.13],[57.66,73.26],[58.2,73.5],[58.53,73.68],[58.89,73.89],[59.31,74.08],[59.97,74.23],[60.18,74.3],[60.5,74.49],[60.89,74.62],[61.21,74.74],[61.62,74.92],[62.1,75.09],[62.64,75.24],[63.33,75.36],[64.04,75.42],[64.31,75.46],[64.63,75.53],[64.97,75.56],[65.25,75.6],[65.56,75.62],[66.03,75.72],[66.49,75.79],[66.81,75.81],[67.05,75.85],[67.56,75.91],[68.36,76.05],[68.74,76.08],[69.05,76.15],[69.71,76.44],[69.79,76.5],[69.94,76.66],[69.94,76.74],[69.8,76.86],[69.61,76.96],[69.24,77.09],[68.87,77.15],[68.04,77.23],[67.49,77.23],[67.18,77.2],[66.5,77.1],[65.46,76.89],[65.2,76.82],[65.08,76.76],[64.86,76.7],[64.57,76.66],[63.92,76.61],[63.63,76.57],[63.3,76.51],[62.7,76.46],[61.77,76.5],[60.91,76.48],[60.63,76.46],[59.74,76.34],[58.82,76.25],[58.44,76.19],[58.26,76.12],[58.05,75.98],[57.91,75.92],[56.52,75.53],[56.25,75.48],[56.04,75.41],[55.52,75.34],[55.17,75.24],[55.04,75.17],[54.98,75.08],[55.07,74.94],[55.04,74.82],[54.67,74.48],[54.29,74.24],[53.78,74.05],[53.15,73.92],[53.03,73.85],[52.96,73.74],[53.04,73.65],[53.3,73.56],[52.67,73.27],[51.99,72.96],[51.4,72.5],[50.99,72.17],[50.79,71.92],[50.8,71.63],[51.66,71.13],[52.56,70.8],[53.3,70.52],[54.71,70.35],[55.29,70.29],[56.64,70.24],[57.21,70.22],[57.9,70.07],[58.15,69.93],[58.67,69.72],[59.15,69.57],[59.36,69.52],[59.63,69.49],[59.71,69.41],[60.08,69.19],[60.11,69.08],[60.21,69],[60.31,68.96],[60.23,68.9],[60.08,68.96],[60.07,69.04],[59.97,69.14],[59.87,69.2],[59.81,69.3],[59.68,69.38],[59.49,69.44],[59.24,69.49],[58.97,69.62],[58.77,69.66],[58.4,69.68],[58.18,69.65],[58.02,69.6],[57.91,69.5],[57.91,69.43],[58.02,69.34],[58.36,69.19],[58.52,69.14],[58.13,69.06],[57.63,68.97],[57.22,68.93],[56.63,69.01],[55.92,69.06],[55.77,69.1],[55.5,69.13],[54.72,69.18],[54.45,69.19],[53.96,69.17],[53.71,69.15],[53.31,69.1],[53.06,69.05],[52.53,68.92],[51.91,68.74],[51.59,68.69],[51.06,68.68],[50.75,68.64],[50.54,68.57],[50.26,68.44],[49.94,68.32],[49.53,68.19],[49.02,68.05],[48.72,68.11],[48.53,68.11],[47.11,68.03],[47.07,68.06],[47.07,68.16],[46.87,68.41],[46.71,68.5],[46.2,68.62],[45.74,68.7],[45.37,68.74],[44.77,68.75],[44.19,68.74],[44.02,68.79],[43.62,68.86],[43.24,68.87],[43.07,68.85],[42.21,68.73],[41.31,68.6],[39.76,68.37],[39.18,68.47],[38.94,68.54],[38.78,68.56],[38.2,68.83],[37.75,68.96],[36.97,69.16],[36.59,69.27],[36.09,69.38],[35.96,69.4],[35.38,69.45],[34.65,69.52],[34.27,69.58],[33.62,69.83],[33.46,69.89],[33.25,69.94],[32.37,70.11],[32.05,70.15],[31.83,70.15],[31.44,70.1],[31.1,69.98],[30.82,69.79],[30.94,69.68],[30.94,69.56],[30.82,69.53],[30.52,69.54],[30.22,69.65],[30.14,69.64],[30.19,69.57],[30.12,69.47],[29.97,69.41],[29.85,69.42],[29.72,69.39],[29.57,69.32],[29.4,69.32],[29.29,69.3],[29.31,69.23],[29.24,69.11],[29.06,69.02],[28.93,69.05],[28.5,68.93],[28.47,68.89],[28.8,68.87],[28.71,68.73],[28.43,68.54],[28.65,68.2],[29.33,68.07],[29.66,67.8],[30.02,67.67],[29.93,67.52],[29.86,67.49],[29.64,67.33],[29.52,67.28],[29.07,67],[29.03,66.93],[29.12,66.8],[29.35,66.64],[29.52,66.5],[29.71,66.27],[29.92,66.13],[30,65.98],[30.07,65.89],[30.14,65.67],[30.02,65.7],[29.72,65.64],[29.86,65.56],[29.73,65.47],[29.75,65.35],[29.6,65.26],[29.89,65.19],[29.73,65.09],[29.63,65.06],[29.6,65],[29.64,64.87],[29.74,64.79],[30.04,64.79],[30.04,64.74],[30.14,64.65],[29.99,64.59],[29.99,64.53],[30.06,64.45],[30.04,64.4],[30.48,64.26],[30.47,64.2],[30.55,64.13],[30.53,64.05],[30.32,63.91],[30.26,63.82],[29.97,63.76],[30.24,63.61],[30.38,63.55],[30.48,63.47],[30.79,63.41],[30.93,63.36],[30.98,63.31],[31.15,63.26],[31.24,63.22],[31.27,63.12],[31.46,63.02],[31.59,62.91],[31.44,62.78],[31.35,62.64],[31.22,62.5],[31.14,62.44],[30.72,62.21],[30.66,62.21],[30.6,62.14],[30.42,62.02],[30.31,61.96],[30.05,61.77],[29.82,61.66],[29.74,61.58],[29.5,61.46],[29.33,61.36],[29.23,61.27],[28.99,61.17],[28.82,61.12],[28.71,61.04],[28.66,60.95],[28.52,60.96],[28.14,60.74],[27.87,60.6],[27.77,60.53],[27.73,60.39],[27.46,60.22],[27.29,60.2],[27.07,60.14],[26.91,60.14],[26.67,60],[26.66,59.98],[26.44,59.94],[26.63,59.82],[26.82,59.66],[27.05,59.62],[27.39,59.65],[27.81,59.55],[27.96,59.49],[28.04,59.47],[28.19,59.4],[28.21,59.37],[28.13,59.29],[27.95,59.27],[27.9,59.24],[27.87,59.16],[27.81,59.13],[27.73,58.97],[27.36,58.79],[27.55,58.37],[27.49,58.3],[27.49,58.22],[27.6,58.12],[27.62,58.01],[27.66,57.96],[27.81,57.86],[27.74,57.83],[27.55,57.83],[27.51,57.77],[27.38,57.67],[27.4,57.61],[27.32,57.58],[27.35,57.53],[27.5,57.54],[27.57,57.51],[27.52,57.42],[27.6,57.42],[27.87,57.3],[27.82,57.14],[27.76,57.13],[27.77,57.01],[27.74,56.92],[27.69,56.92],[27.66,56.83],[27.87,56.87],[27.9,56.82],[27.9,56.75],[28.01,56.67],[28.04,56.59],[28.13,56.58],[28.09,56.51],[28.19,56.44],[28.17,56.37],[28.24,56.27],[28.18,56.18],[28.03,56.12],[27.97,56.12],[27.81,55.99],[27.65,55.93],[27.62,55.79],[27.43,55.8],[27.36,55.81],[27.29,55.79],[27.15,55.85],[27.02,55.83],[26.92,55.79],[26.87,55.71],[26.8,55.7],[26.66,55.71],[26.63,55.57],[26.52,55.51],[26.56,55.46],[26.55,55.39],[26.44,55.35],[26.55,55.32],[26.67,55.34],[26.79,55.32],[26.84,55.29],[26.73,55.25],[26.68,55.16],[26.46,55.13],[26.36,55.15],[26.23,55.11],[26.27,55.08],[26.19,54.99],[26.08,54.95],[25.96,54.95],[25.86,54.91],[25.73,54.8],[25.73,54.68],[25.76,54.58],[25.68,54.54],[25.56,54.37],[25.55,54.31],[25.68,54.32],[25.79,54.23],[25.78,54.16],[25.71,54.17],[25.65,54.13],[25.52,54.18],[25.59,54.23],[25.51,54.31],[25.35,54.26],[25.21,54.26],[25.2,54.22],[25.09,54.15],[25.02,54.14],[24.95,54.17],[24.78,54.1],[24.84,54.02],[24.73,53.97],[24.63,54.01],[24.51,53.96],[24.45,53.9],[24.35,53.9],[24.2,53.97],[23.98,53.92],[23.91,53.97],[23.77,53.92],[23.63,53.93],[23.51,53.96],[23.55,53.77],[23.71,53.44],[23.82,53.24],[23.92,53.16],[23.87,53.08],[23.93,53.02],[23.92,52.94],[23.94,52.81],[23.94,52.71],[23.77,52.62],[23.64,52.61],[23.47,52.55],[23.36,52.47],[23.22,52.33],[23.2,52.23],[23.46,52.18],[23.49,52.15],[23.6,52.12],[23.65,52.07],[23.69,51.99],[23.61,51.92],[23.63,51.78],[23.53,51.74],[23.56,51.7],[23.54,51.6],[23.56,51.53],[23.62,51.51]],[[46.69,45.48],[46.63,45.44],[46.44,45.45],[46.46,45.48],[46.65,45.5],[46.66,45.55],[46.88,45.52],[46.86,45.45],[46.79,45.47],[46.69,45.48]]],[[[37.5,79.98],[37.86,80.06],[37.96,80.12],[37.91,80.21],[37.66,80.29],[37.28,80.34],[36.58,80.37],[35.97,80.34],[35.62,80.28],[35.42,80.16],[35.48,80.09],[35.7,80.02],[36.16,79.96],[36.59,79.93],[37.1,79.94],[37.5,79.98]]],[[[56.55,81.74],[56.14,81.71],[55.77,81.67],[55.44,81.58],[54.64,81.59],[53.51,81.52],[53.04,81.45],[52.87,81.39],[52.89,81.29],[53.13,81.21],[52.96,81.16],[52.92,81.08],[53.13,80.97],[52.94,80.93],[52.77,80.84],[52.15,80.96],[52.08,81.01],[52.3,81.12],[52.27,81.18],[52,81.28],[51.61,81.33],[51.22,81.36],[50.39,81.38],[49.9,81.36],[49.52,81.31],[49.21,81.24],[49.08,81.14],[49.11,81.08],[48.68,81.01],[48.25,81.01],[47.95,81.04],[47.34,81.06],[46.58,81.02],[46.21,80.98],[45.93,80.9],[45.5,80.84],[44.58,80.8],[43.91,80.72],[43.69,80.62],[43.81,80.51],[44.03,80.45],[44.76,80.36],[45.55,80.27],[45.86,80.11],[46.12,80.04],[46.99,79.89],[47.39,79.86],[47.79,79.85],[48.26,79.86],[48.79,79.8],[49.37,79.79],[50.09,79.74],[50.96,79.71],[51.43,79.71],[51.88,79.74],[52.25,79.78],[52.57,79.86],[52.98,79.82],[53.66,79.81],[54.09,79.85],[54.35,79.9],[54.54,80],[54.87,79.97],[55.35,79.91],[55.81,79.83],[56.5,79.8],[57.01,79.83],[57.22,79.86],[57.5,79.79],[57.54,79.72],[57.83,79.63],[58.23,79.58],[58.75,79.57],[59.36,79.62],[59.7,79.69],[60.1,79.69],[60.66,79.74],[61.03,79.83],[61.1,79.9],[61.02,80],[61.25,80.05],[61.41,80.14],[62.15,80.21],[62.56,80.29],[62.67,80.4],[62.99,80.44],[63.31,80.44],[64.89,80.53],[65.28,80.57],[65.9,80.66],[66.36,80.77],[66.56,80.85],[66.64,81.02],[66.53,81.15],[66.38,81.22],[65.94,81.31],[65.57,81.35],[65.07,81.38],[64.36,81.39],[63.52,81.33],[63.06,81.27],[62.79,81.19],[62.47,81.25],[61.89,81.3],[62.5,81.33],[63.07,81.38],[63.56,81.38],[64.26,81.42],[64.73,81.48],[64.97,81.53],[65.13,81.62],[65.11,81.68],[64.85,81.78],[64.59,81.83],[64.03,81.88],[63.45,81.91],[62.56,81.9],[61.95,81.88],[61.46,81.85],[60.99,81.79],[60.71,81.79],[60.7,81.86],[60.49,81.95],[59.94,82.03],[59.13,82.06],[58.44,82.05],[57.36,82],[56.75,81.93],[56.55,81.86],[56.55,81.74]]],[[[49.06,68.46],[49.18,68.46],[49.63,68.47],[49.92,68.52],[50.08,68.58],[50.59,68.85],[50.8,69],[50.87,69.12],[50.82,69.22],[50.61,69.37],[50.44,69.43],[50.12,69.51],[49.68,69.65],[49.38,69.69],[49.16,69.7],[48.84,69.69],[48.39,69.62],[48.09,69.51],[47.85,69.37],[47.76,69.27],[47.68,69.12],[47.65,68.92],[47.71,68.73],[47.87,68.62],[48.11,68.55],[48.25,68.53],[49.06,68.46]]],[[[47.01,46.06],[47.12,46.05],[47.13,46.11],[47.02,46.09],[47.01,46.06]]],[[[27.65,36.58],[27.7,36.61],[27.76,36.69],[27.87,36.7],[27.93,36.64],[27.93,36.53],[27.96,36.48],[28.07,36.49],[28.15,36.52],[28.19,36.54],[28.24,36.61],[28.35,36.66],[28.39,36.7],[28.51,36.71],[28.54,36.65],[28.66,36.61],[28.77,36.5],[28.84,36.49],[28.93,36.5],[29,36.46],[29.02,36.34],[29.1,36.28],[29.18,36.25],[29.29,36.14],[29.35,36.13],[29.39,36.16],[29.54,36.16],[29.59,36.18],[29.68,36.08],[29.65,36.03],[29.73,35.92],[29.81,35.93],[30.01,36],[30.12,36.05],[30.2,36.06],[30.26,36.01],[30.38,35.97],[30.51,35.98],[30.59,36.02],[30.69,36.13],[30.76,36.25],[30.8,36.47],[30.84,36.56],[30.83,36.65],[30.98,36.66],[31.21,36.62],[31.29,36.58],[31.44,36.54],[31.51,36.49],[31.69,36.42],[31.78,36.4],[31.92,36.34],[31.97,36.29],[32.08,36.13],[32.22,36.02],[32.35,35.94],[32.62,35.85],[32.78,35.82],[32.87,35.82],[32.99,35.88],[33.13,35.87],[33.26,35.93],[33.37,35.91],[33.71,35.94],[33.79,35.95],[33.94,36.03],[34.09,36.06],[34.26,36.19],[34.33,36.31],[34.45,36.43],[34.72,36.59],[34.8,36.54],[34.91,36.52],[35.15,36.41],[35.21,36.37],[35.6,36.16],[35.69,36.03],[35.62,35.99],[35.57,35.93],[35.56,35.83],[35.57,35.79],[35.47,35.62],[35.49,35.51],[35.56,35.4],[35.68,35.32],[35.69,35.22],[35.65,35.15],[35.61,34.91],[35.62,34.81],[35.67,34.69],[35.75,34.66],[35.84,34.6],[36.01,34.64],[36.04,34.63],[36.37,34.64],[36.46,34.6],[36.34,34.5],[36.45,34.51],[36.47,34.46],[36.57,34.4],[36.53,34.37],[36.58,34.28],[36.6,34.19],[36.56,34.13],[36.48,34.05],[36.44,34.06],[36.33,33.98],[36.28,33.92],[36.36,33.88],[36.32,33.83],[36.27,33.85],[36.2,33.83],[36.15,33.86],[36.07,33.82],[35.97,33.72],[35.95,33.64],[36.02,33.61],[36.03,33.55],[35.94,33.53],[35.95,33.49],[35.83,33.41],[35.77,33.34],[35.78,33.28],[35.82,33.24],[35.84,33.17],[35.87,32.98],[35.9,32.94],[35.85,32.89],[35.84,32.83],[35.75,32.74],[35.63,32.69],[35.57,32.64],[35.58,32.55],[35.55,32.51],[35.55,32.39],[35.57,32.19],[35.52,32.04],[35.54,31.93],[35.54,31.8],[35.56,31.76],[35.53,31.72],[35.49,31.62],[35.48,31.49],[35.47,31.39],[35.41,31.28],[35.4,31.24],[35.45,31.16],[35.45,31.1],[35.43,31.05],[35.42,30.95],[35.37,30.93],[35.33,30.87],[35.34,30.82],[35.3,30.76],[35.26,30.66],[35.2,30.58],[35.19,30.5],[35.16,30.44],[35.19,30.35],[35.15,30.28],[35.15,30.06],[35.11,30.04],[35.08,29.96],[35.08,29.89],[35.03,29.77],[35.01,29.64],[34.97,29.52],[34.92,29.45],[34.83,29.27],[34.82,29.19],[34.76,29.05],[34.76,28.95],[34.73,28.91],[34.74,28.84],[34.69,28.67],[34.68,28.58],[34.62,28.43],[34.55,28.28],[34.54,28.19],[34.47,28.02],[34.46,27.9],[34.48,27.79],[34.52,27.71],[34.68,27.7],[34.97,27.64],[35.05,27.55],[35.26,27.4],[35.33,27.32],[35.43,27.15],[35.51,27.05],[35.59,26.85],[35.8,26.55],[35.9,26.43],[36.07,26.26],[36.16,26.1],[36.28,25.96],[36.31,25.82],[36.26,25.67],[36.27,25.57],[36.31,25.5],[36.5,25.27],[36.65,25.12],[36.78,24.79],[36.91,24.42],[36.99,24.27],[37.1,24.2],[37.29,24.16],[37.51,24.02],[37.71,23.73],[37.85,23.54],[37.9,23.49],[38.09,23.36],[38.39,22.98],[38.39,22.75],[38.43,22.64],[38.64,22.36],[38.55,22.11],[38.53,21.87],[38.55,21.77],[38.63,21.61],[38.82,21.04],[38.86,20.98],[38.98,20.82],[39.08,20.65],[39.28,20.21],[39.33,20.13],[39.72,19.64],[39.82,19.41],[39.89,19.17],[39.93,18.96],[39.96,18.89],[40.01,18.84],[40.32,18.62],[40.46,18.43],[40.51,18.18],[40.59,17.97],[40.63,17.91],[40.84,17.57],[41.2,16.87],[41.22,16.8],[41.32,16.66],[41.41,16.54],[41.49,16.43],[41.54,16.38],[41.68,16.29],[41.76,16.29],[41.79,16.19],[41.85,16.13],[41.97,16.1],[42.07,16.12],[42.1,16.04],[42.13,16],[42.08,15.92],[42.08,15.84],[42.1,15.79],[42.08,15.7],[42.1,15.59],[42.15,15.52],[42.16,15.46],[42.23,15.34],[42.16,15.37],[42.04,15.36],[41.96,15.31],[41.9,15.23],[41.89,15.16],[41.91,15.04],[41.99,14.9],[42.03,14.85],[42.12,14.82],[42.25,14.83],[42.32,14.88],[42.37,14.94],[42.4,15.03],[42.54,14.97],[42.67,14.98],[42.66,14.89],[42.69,14.78],[42.72,14.73],[42.69,14.65],[42.72,14.53],[42.77,14.43],[42.83,14.28],[42.7,14.28],[42.61,14.23],[42.53,14.14],[42.48,14.06],[42.6,13.74],[42.5,13.7],[42.46,13.67],[42.42,13.72],[42.33,13.88],[42.24,13.94],[42.19,13.95],[42.12,14.06],[42.06,14.08],[41.99,14.1],[41.88,14.14],[41.84,14.23],[41.78,14.28],[41.69,14.31],[41.52,14.53],[41.45,14.64],[41.38,14.71],[41.29,14.8],[41.16,14.85],[41.07,14.87],[41.02,14.95],[40.97,15],[40.86,15.04],[40.7,15.15],[40.86,15.29],[40.97,15.32],[41.06,15.41],[41.08,15.47],[41.08,15.55],[41.04,15.63],[41.05,15.73],[41.03,15.79],[40.98,15.85],[40.88,15.92],[40.84,15.97],[40.72,16.06],[40.61,16.1],[40.48,16.09],[40.43,16.15],[40.45,16.24],[40.45,16.38],[40.39,16.48],[40.39,16.54],[40.37,16.63],[40.32,16.7],[40.26,16.74],[40.15,16.75],[40.01,16.73],[39.9,16.68],[39.81,16.72],[39.74,16.72],[39.57,16.66],[39.53,16.66],[39.5,16.73],[39.41,16.8],[39.32,16.82],[39.27,16.96],[39.14,17.43],[39.08,17.57],[39,17.72],[38.85,17.93],[38.79,18.07],[38.58,18.02],[38.45,17.9],[38.34,17.64],[38.27,17.6],[38.26,17.54],[38.19,17.56],[38.13,17.55],[38.09,17.5],[38.05,17.55],[37.9,17.44],[37.83,17.48],[37.79,17.47],[37.74,17.38],[37.58,17.35],[37.5,17.32],[37.5,17.2],[37.4,17.05],[37.31,17.06],[37.25,17.02],[37.16,17.02],[37.03,17.08],[36.99,16.94],[37.01,16.91],[37.01,16.78],[36.98,16.71],[36.92,16.65],[36.9,16.54],[36.91,16.49],[36.96,16.42],[36.95,16.35],[36.97,16.26],[36.92,16.22],[36.76,15.81],[36.7,15.75],[36.61,15.44],[36.55,15.25],[36.43,15.17],[36.46,14.98],[36.52,14.36],[36.54,14.28],[36.53,14.21],[36.45,13.96],[36.49,13.84],[36.41,13.65],[36.4,13.57],[36.25,13.37],[36.16,13.02],[36.16,12.98],[36.13,12.92],[36.17,12.88],[36.14,12.7],[36.01,12.72],[35.77,12.66],[35.7,12.67],[35.66,12.64],[35.31,12.05],[35.27,11.94],[35.09,11.81],[35.04,11.73],[35.08,11.64],[35.08,11.53],[35.05,11.48],[35.05,11.42],[34.99,11.34],[34.94,11.25],[35,11.19],[34.95,10.95],[34.98,10.86],[34.87,10.79],[34.85,10.73],[34.8,10.72],[34.7,10.82],[34.6,10.91],[34.47,10.81],[34.39,10.68],[34.29,10.59],[34.28,10.54],[34.31,10.45],[34.3,10.4],[34.34,10.28],[34.35,10.22],[34.33,10.12],[34.23,10.05],[34.22,9.93],[34.22,9.89],[34.16,9.77],[34.1,9.56],[34.15,9.03],[34.15,8.96],[34.17,8.59],[34.14,8.53],[34.01,8.46],[33.93,8.45],[33.88,8.41],[33.81,8.4],[33.77,8.37],[33.69,8.39],[33.68,8.44],[33.62,8.47],[33.57,8.45],[33.51,8.47],[33.4,8.44],[33.31,8.47],[33.24,8.45],[33.19,8.38],[33.21,8.33],[33.17,8.3],[33.17,8.2],[33.19,8.13],[33.12,8.11],[33.08,8.07],[33.08,8.02],[33,7.95],[33.01,7.86],[33.07,7.79],[33.24,7.78],[33.32,7.71],[33.44,7.75],[33.52,7.73],[33.58,7.69],[33.63,7.7],[33.72,7.66],[33.79,7.59],[33.87,7.56],[33.9,7.51],[34,7.42],[34.04,7.36],[34.04,7.27],[34.1,7.17],[34.19,7.13],[34.19,7.04],[34.27,7],[34.31,6.95],[34.37,6.91],[34.46,6.92],[34.53,6.85],[34.53,6.76],[34.59,6.73],[34.62,6.74],[34.7,6.69],[34.72,6.65],[34.79,6.59],[34.89,6.6],[35.01,6.47],[35.02,6.44],[34.99,6.38],[35,6.35],[34.95,6.25],[34.97,6.2],[34.96,6.14],[35,6.08],[34.99,5.94],[35.01,5.89],[35.13,5.69],[35.13,5.62],[35.31,5.5],[35.29,5.38],[35.32,5.34],[35.41,5.36],[35.5,5.42],[35.63,5.38],[35.72,5.39],[35.76,5.36],[35.84,5.34],[35.86,5.31],[35.83,5.26],[35.87,5.18],[35.82,5.1],[35.82,4.77],[35.95,4.63],[35.94,4.62],[35.15,4.61],[34.39,4.61],[34.06,4.28],[33.99,4.23],[33.51,3.75],[33.18,3.78],[33.03,3.89],[32.9,3.82],[32.72,3.77],[32.42,3.75],[32.2,3.6],[32.22,3.56],[32.19,3.51],[32.09,3.54],[32.05,3.59],[31.96,3.57],[31.96,3.65],[31.86,3.79],[31.83,3.82],[31.7,3.71],[31.58,3.68],[31.51,3.67],[31.35,3.75],[31.29,3.8],[31.16,3.79],[31.02,3.69],[30.97,3.69],[30.95,3.63],[30.89,3.55],[30.9,3.5],[30.94,3.51],[30.94,3.4],[30.89,3.34],[30.77,3.05],[30.86,2.96],[30.89,2.88],[30.88,2.81],[30.82,2.75],[30.78,2.61],[30.75,2.59],[30.76,2.51],[30.74,2.45],[30.83,2.43],[30.88,2.34],[30.93,2.34],[30.98,2.4],[31.07,2.34],[31.08,2.3],[31.13,2.26],[31.2,2.29],[31.2,2.22],[31.31,2.16],[31.31,2.12],[31.01,1.78],[30.55,1.27],[30.52,1.27],[30.5,1.21],[30.39,1.19],[30.34,1.15],[30.29,1.17],[30.23,1.13],[30.23,1.01],[30.18,0.94],[30.18,0.91],[29.99,0.85],[29.96,0.78],[29.98,0.74],[29.95,0.64],[29.98,0.52],[29.87,0.37],[29.82,0.17],[29.74,0.13],[29.72,0.08],[29.74,-0.04],[29.71,-0.22],[29.69,-0.45],[29.66,-0.54],[29.66,-0.63],[29.63,-0.72],[29.64,-0.83],[29.63,-0.89],[29.59,-0.9],[29.59,-1.05],[29.57,-1.19],[29.61,-1.22],[29.61,-1.32],[29.59,-1.39],[29.68,-1.38],[29.71,-1.35],[29.78,-1.37],[29.82,-1.31],[29.88,-1.36],[29.89,-1.42],[29.92,-1.48],[30,-1.45],[30.08,-1.37],[30.12,-1.38],[30.17,-1.27],[30.21,-1.27],[30.29,-1.19],[30.36,-1.06],[30.47,-1.06],[30.45,-1.1],[30.47,-1.16],[30.51,-1.17],[30.55,-1.25],[30.57,-1.34],[30.63,-1.39],[30.68,-1.4],[30.74,-1.45],[30.75,-1.52],[30.84,-1.65],[30.82,-1.69],[30.83,-1.86],[30.81,-1.94],[30.9,-2.08],[30.84,-2.21],[30.85,-2.32],[30.78,-2.39],[30.72,-2.36],[30.66,-2.41],[30.61,-2.4],[30.55,-2.41],[30.51,-2.5],[30.42,-2.66],[30.46,-2.69],[30.44,-2.8],[30.41,-2.84],[30.45,-2.91],[30.51,-2.95],[30.58,-2.89],[30.65,-2.95],[30.75,-3],[30.84,-2.98],[30.82,-3.04],[30.85,-3.21],[30.83,-3.26],[30.67,-3.32],[30.63,-3.36],[30.68,-3.4],[30.62,-3.47],[30.5,-3.52],[30.45,-3.56],[30.46,-3.61],[30.39,-3.71],[30.41,-3.77],[30.33,-3.78],[30.31,-3.85],[30.26,-3.88],[30.21,-3.99],[30.22,-4.05],[30.16,-4.12],[30.08,-4.17],[30.04,-4.28],[29.87,-4.38],[29.82,-4.36],[29.76,-4.43],[29.71,-4.46],[29.66,-4.45],[29.44,-4.45],[29.34,-4.65],[29.33,-4.77],[29.35,-4.95],[29.38,-5.05],[29.46,-5.18],[29.53,-5.45],[29.6,-5.58],[29.63,-5.75],[29.61,-5.8],[29.5,-5.95],[29.5,-6.06],[29.53,-6.17],[29.54,-6.24],[29.57,-6.34],[29.66,-6.45],[29.7,-6.59],[29.75,-6.64],[29.89,-6.76],[30.04,-6.82],[30.19,-6.96],[30.31,-7.14],[30.38,-7.28],[30.43,-7.43],[30.46,-7.58],[30.51,-7.68],[30.65,-7.88],[30.7,-7.97],[30.76,-8.14],[30.8,-8.28],[30.88,-8.41],[31.03,-8.59],[31.08,-8.62],[31.16,-8.63],[31.21,-8.58],[31.29,-8.63],[31.31,-8.61],[31.46,-8.64],[31.48,-8.68],[31.55,-8.69],[31.58,-8.74],[31.57,-8.81],[31.58,-8.84],[31.73,-8.92],[31.82,-8.89],[31.95,-8.94],[31.94,-9.02],[31.99,-9.08],[32.07,-9.05],[32.17,-9.07],[32.24,-9.14],[32.3,-9.11],[32.36,-9.13],[32.43,-9.12],[32.48,-9.14],[32.52,-9.23],[32.76,-9.29],[32.77,-9.32],[32.87,-9.38],[32.93,-9.4],[32.99,-9.37],[33.07,-9.44],[33.16,-9.5],[33.21,-9.51],[33.33,-9.49],[33.39,-9.53],[33.44,-9.61],[33.51,-9.63],[33.55,-9.59],[33.7,-9.61],[33.77,-9.59],[33.85,-9.66],[33.94,-9.71],[33.96,-9.61],[33.95,-9.57],[33.98,-9.52],[34.04,-9.49],[34.21,-9.65],[34.33,-9.76],[34.54,-10.07],[34.52,-10.12],[34.57,-10.21],[34.58,-10.3],[34.56,-10.43],[34.6,-10.48],[34.57,-10.53],[34.62,-10.6],[34.68,-10.75],[34.67,-10.94],[34.62,-11],[34.64,-11.12],[34.76,-11.21],[34.8,-11.28],[34.79,-11.31],[34.93,-11.4],[34.93,-11.46],[34.96,-11.49],[34.97,-11.57],[35.23,-11.57],[35.42,-11.57],[35.56,-11.57],[35.65,-11.55],[35.77,-11.47],[35.81,-11.42],[35.95,-11.43],[36.06,-11.54],[36.13,-11.56],[36.19,-11.6],[36.18,-11.67],[36.22,-11.71],[36.35,-11.71],[36.38,-11.68],[36.49,-11.68],[36.57,-11.7],[36.62,-11.74],[36.77,-11.65],[36.84,-11.58],[36.91,-11.61],[36.99,-11.58],[37.08,-11.63],[37.23,-11.65],[37.3,-11.64],[37.33,-11.68],[37.41,-11.69],[37.45,-11.64],[37.5,-11.61],[37.58,-11.63],[37.66,-11.58],[37.75,-11.55],[37.79,-11.5],[37.78,-11.46],[37.83,-11.37],[37.83,-11.31],[37.94,-11.26],[38.06,-11.28],[38.11,-11.26],[38.26,-11.29],[38.37,-11.37],[38.49,-11.42],[38.66,-11.27],[38.75,-11.27],[38.85,-11.21],[38.88,-11.17],[39.08,-11.16],[39.12,-11.14],[39.24,-11.17],[39.27,-11.16],[39.36,-11.08],[39.44,-11.05],[39.52,-10.98],[39.6,-10.95],[39.76,-10.92],[39.88,-10.85],[40,-10.81],[40.13,-10.69],[40.18,-10.67],[40.22,-10.61],[40.3,-10.57],[40.34,-10.57],[40.49,-10.41],[40.65,-10.33],[40.64,-10.27],[40.54,-10.13],[39.99,-9.7],[39.83,-9.03],[39.79,-8.6],[40.08,-7.88],[40.11,-7.71],[40.13,-6.91],[40.1,-6.8],[39.8,-6.32],[40.05,-5.25],[40.07,-5.1],[40.08,-4.89],[40.06,-4.81],[39.99,-4.73],[39.91,-4.69],[39.8,-4.7],[39.76,-4.68],[39.65,-4.68],[39.71,-4.55],[39.9,-4.14],[39.96,-4.04],[40.34,-3.37],[40.35,-3.32],[40.42,-3.09],[40.75,-2.76],[41.33,-2.27],[41.65,-1.91],[41.72,-1.8],[41.82,-1.66],[41.84,-1.62],[42,-1.38],[42.05,-1.34],[42.2,-1.14],[42.26,-1.08],[42.47,-0.82],[42.53,-0.72],[42.6,-0.66],[42.63,-0.61],[42.75,-0.46],[42.78,-0.39],[43.03,-0.15],[43.25,0.1],[43.53,0.4],[43.69,0.56],[43.91,0.76],[44.1,0.9],[44.15,0.93],[44.21,1],[44.27,1.05],[44.3,1.09],[44.48,1.25],[44.69,1.41],[44.99,1.61],[45.21,1.74],[45.35,1.8],[45.55,1.92],[46,2.18],[46.16,2.29],[46.25,2.38],[46.36,2.51],[46.46,2.59],[46.49,2.65],[46.58,2.73],[46.71,2.83],[46.84,2.95],[46.94,3.06],[47.08,3.23],[47.23,3.38],[47.36,3.53],[47.62,3.79],[47.74,3.93],[47.9,4.11],[48,4.23],[48.08,4.3],[48.16,4.41],[48.33,4.7],[48.36,4.76],[48.44,4.89],[48.7,5.23],[48.81,5.39],[48.9,5.53],[49.09,5.82],[49.16,5.97],[49.24,6.13],[49.28,6.28],[49.28,6.36],[49.4,6.66],[49.54,6.9],[49.64,7.05],[49.75,7.2],[49.84,7.33],[49.92,7.49],[49.96,7.59],[50,7.65],[50.04,7.78],[50.03,7.85],[50.11,7.93],[50.19,7.98],[50.28,8.07],[50.32,8.13],[50.34,8.21],[50.41,8.32],[50.49,8.42],[50.52,8.48],[50.54,8.57],[50.58,8.64],[50.61,8.77],[50.78,8.93],[50.82,8.99],[50.85,9.12],[50.9,9.16],[51.01,9.33],[51.05,9.43],[51.05,9.51],[51.01,9.58],[51.05,9.79],[51.1,9.94],[51.09,10.09],[51.11,10.2],[51.15,10.21],[51.22,10.18],[51.4,10.16],[51.47,10.19],[51.55,10.25],[51.61,10.39],[51.62,10.46],[51.6,10.53],[51.53,10.63],[51.46,10.67],[51.35,10.68],[51.33,10.74],[51.32,10.95],[51.37,11.06],[51.39,11.14],[51.37,11.21],[51.3,11.31],[51.33,11.44],[51.4,11.53],[51.44,11.59],[51.46,11.7],[51.49,11.8],[51.47,11.91],[51.42,11.99],[51.34,12.03],[51.25,12.04],[51.2,12.07],[51.11,12.07],[51.04,12.11],[50.93,12.14],[50.88,12.17],[50.77,12.19],[50.65,12.14],[50.55,12.13],[50.41,12.03],[50.36,11.95],[50.33,11.85],[50.17,11.77],[50.01,11.71],[49.89,11.71],[49.79,11.66],[49.7,11.68],[49.63,11.67],[49.48,11.64],[49.35,11.53],[49.27,11.53],[49.18,11.49],[48.94,11.44],[48.84,11.48],[48.69,11.52],[48.49,11.51],[48.27,11.45],[48.07,11.33],[47.99,11.32],[47.92,11.33],[47.8,11.32],[47.71,11.31],[47.63,11.36],[47.56,11.38],[47.39,11.38],[47.29,11.42],[47.22,11.43],[47.13,11.39],[47.07,11.33],[47.03,11.23],[46.97,11.16],[46.82,11.09],[46.75,11.03],[46.58,10.93],[46.43,10.89],[46.34,10.96],[46.23,10.98],[46.09,10.97],[46.04,10.98],[45.87,11.06],[45.77,11.07],[45.68,11.04],[45.57,10.96],[45.48,10.93],[45.39,10.86],[45.33,10.86],[45.23,10.84],[45.17,10.8],[45.11,10.73],[45,10.69],[44.87,10.61],[44.75,10.62],[44.58,10.58],[44.39,10.61],[44.32,10.67],[44.23,10.73],[44.09,10.84],[43.95,10.96],[43.84,11.09],[43.7,11.31],[43.71,11.41],[43.67,11.5],[43.64,11.62],[43.58,11.68],[43.51,11.71],[43.43,11.71],[43.41,11.78],[43.47,11.81],[43.55,11.89],[43.6,12],[43.62,12.16],[43.6,12.29],[43.63,12.32],[43.66,12.42],[43.66,12.52],[43.74,12.49],[43.81,12.43],[43.94,12.39],[44.33,12.43],[44.42,12.47],[44.47,12.48],[44.56,12.52],[44.59,12.56],[44.65,12.54],[44.89,12.53],[44.99,12.55],[45.05,12.55],[45.15,12.59],[45.21,12.63],[45.25,12.69],[45.27,12.82],[45.43,12.86],[45.52,12.91],[45.61,13],[45.7,13.12],[45.74,13.16],[45.85,13.19],[46.03,13.22],[46.08,13.21],[46.24,13.23],[46.44,13.2],[46.62,13.24],[46.74,13.23],[46.92,13.3],[47,13.35],[47.12,13.37],[47.44,13.46],[47.51,13.49],[47.58,13.54],[47.79,13.72],[47.91,13.76],[48.02,13.84],[48.08,13.79],[48.16,13.77],[48.25,13.78],[48.31,13.74],[48.42,13.73],[48.5,13.76],[48.62,13.85],[48.73,13.85],[48.84,13.9],[48.97,14.02],[49.03,14.09],[49.15,14.19],[49.19,14.26],[49.2,14.31],[49.3,14.36],[49.35,14.41],[49.43,14.46],[49.6,14.52],[49.64,14.55],[49.94,14.64],[50.01,14.62],[50.25,14.66],[50.34,14.72],[50.43,14.75],[50.55,14.84],[50.64,14.86],[50.87,14.9],[51.09,14.96],[51.19,14.98],[51.36,15.03],[51.51,15.07],[51.6,15.13],[51.71,15.14],[51.77,15.17],[51.85,15.24],[51.97,15.28],[52.04,15.34],[52.3,15.44],[52.37,15.49],[52.42,15.56],[52.43,15.68],[52.41,15.75],[52.41,15.83],[52.37,15.97],[52.41,16.08],[52.44,16.13],[52.56,16.24],[52.61,16.27],[52.89,16.37],[53.04,16.43],[53.19,16.46],[53.11,16.65],[52.81,17.29],[52.75,17.29],[52.78,17.35],[52.5,17.95],[52.28,18.4],[52,19],[52.42,19.14],[52.92,19.31],[53.67,19.56],[54.21,19.74],[55,20],[55.15,20.45],[55.34,21.01],[55.48,21.44],[55.67,22],[55.21,22.71],[55.14,22.63],[54.38,22.73],[53.81,22.8],[53.14,22.88],[52.58,22.94],[52.16,23.44],[51.92,23.74],[51.59,24.13],[51.59,24.27],[51.53,24.34],[51.42,24.39],[51.47,24.46],[51.55,24.53],[51.58,24.6],[51.59,24.66],[51.83,24.77],[51.83,24.85],[51.81,24.91],[51.86,25.01],[51.88,25.08],[51.84,25.19],[51.87,25.33],[51.83,25.46],[51.79,25.5],[51.75,25.59],[51.78,25.64],[51.82,25.75],[51.81,25.9],[51.83,25.96],[51.82,26.03],[51.76,26.13],[51.69,26.16],[51.58,26.19],[51.54,26.27],[51.39,26.39],[51.3,26.43],[51.19,26.43],[51.11,26.41],[50.98,26.3],[50.91,26.3],[50.87,26.39],[50.81,26.47],[50.81,26.53],[50.77,26.6],[50.72,26.65],[50.6,26.69],[50.56,26.62],[50.49,26.59],[50.44,27.01],[50.39,27.11],[50.1,27.46],[50.01,27.54],[50.04,27.62],[50.11,27.59],[50.22,27.58],[50.3,27.61],[50.38,27.69],[50.4,27.81],[50.37,27.89],[49.98,27.88],[49.9,27.91],[49.82,27.92],[49.75,27.91],[49.65,27.85],[49.61,27.77],[49.52,27.85],[49.28,28.13],[49.16,28.3],[49.1,28.36],[48.7,28.62],[48.69,28.7],[49,28.8],[48.99,28.88],[48.93,28.97],[48.83,29.01],[48.71,29.01],[48.72,29.07],[48.71,29.15],[48.61,29.24],[48.66,29.31],[48.67,29.36],[48.82,29.38],[48.95,29.45],[49.05,29.55],[49.1,29.67],[49.1,29.81],[48.88,29.82],[48.61,29.94],[48.51,29.96],[48.46,30],[48.45,30.06],[48.39,30.11],[48.42,30.19],[48.28,30.33],[48.19,30.34],[48.16,30.43],[48.03,30.48],[48.03,31],[47.69,31],[47.69,31.39],[47.87,31.78],[47.8,31.86],[47.81,31.88],[47.73,31.94],[47.7,32.02],[47.6,32.12],[47.53,32.14],[47.57,32.19],[47.46,32.32],[47.47,32.39],[47.38,32.47],[47.28,32.49],[47.25,32.46],[47.17,32.46],[46.96,32.6],[46.89,32.63],[46.72,32.79],[46.66,32.81],[46.52,32.9],[46.42,32.94],[46.31,32.97],[46.17,32.95],[46.09,32.99],[46.15,33.05],[46.08,33.09],[46.16,33.14],[46.19,33.26],[46.13,33.29],[46.08,33.36],[46.01,33.5],[45.86,33.49],[45.96,33.56],[45.86,33.63],[45.77,33.64],[45.67,33.7],[45.65,33.76],[45.5,33.95],[45.45,33.94],[45.42,33.99],[45.47,34.02],[45.52,34.11],[45.58,34.15],[45.56,34.2],[45.58,34.25],[45.56,34.33],[45.47,34.38],[45.44,34.46],[45.53,34.49],[45.52,34.55],[45.58,34.56],[45.71,34.54],[45.74,34.59],[45.7,34.69],[45.66,34.72],[45.72,34.84],[45.8,34.86],[45.79,34.91],[45.87,34.9],[45.89,34.95],[45.88,35.04],[45.94,35.09],[46.07,35.04],[46.19,35.11],[46.16,35.16],[46.18,35.23],[46.12,35.23],[46.15,35.31],[46.04,35.41],[45.99,35.5],[46.01,35.57],[46.01,35.68],[46.04,35.71],[46.17,35.69],[46.23,35.72],[46.35,35.79],[46.29,35.83],[46.21,35.79],[46.14,35.84],[46.06,35.86],[45.96,35.82],[45.9,35.84],[45.76,35.8],[45.67,35.93],[45.56,36],[45.45,35.99],[45.4,35.97],[45.34,36.01],[45.38,36.08],[45.33,36.14],[45.34,36.2],[45.3,36.27],[45.26,36.3],[45.28,36.38],[45.24,36.43],[45.15,36.4],[45.08,36.43],[45.03,36.6],[45.07,36.63],[45.03,36.74],[44.94,36.78],[44.84,36.78],[44.84,36.82],[44.89,36.85],[44.91,36.92],[44.88,36.95],[44.9,37],[44.85,37.05],[44.8,37.05],[44.75,37.11],[44.78,37.14],[44.76,37.23],[44.82,37.28],[44.71,37.38],[44.66,37.39],[44.59,37.44],[44.61,37.6],[44.57,37.64],[44.62,37.7],[44.59,37.76],[44.53,37.78],[44.44,37.77],[44.4,37.85],[44.22,37.89],[44.24,37.96],[44.3,38.03],[44.35,38.13],[44.39,38.15],[44.42,38.27],[44.5,38.31],[44.44,38.38],[44.38,38.36],[44.32,38.37],[44.31,38.44],[44.32,38.62],[44.28,38.64],[44.26,38.71],[44.31,38.81],[44.21,38.89],[44.17,38.99],[44.21,39.02],[44.19,39.08],[44.21,39.13],[44.09,39.22],[44.05,39.4],[44.25,39.4],[44.3,39.38],[44.43,39.44],[44.44,39.5],[44.42,39.56],[44.48,39.61],[44.47,39.68],[44.61,39.78],[44.67,39.71],[44.71,39.71],[44.81,39.63],[44.77,39.71],[44.71,39.77],[44.65,39.79],[44.55,39.89],[44.54,39.92],[44.42,40],[44.27,40.05],[44.17,40.03],[44.09,40.03],[43.9,40.02],[43.76,40.08],[43.66,40.11],[43.68,40.26],[43.59,40.35],[43.62,40.4],[43.55,40.48],[43.67,40.57],[43.75,40.68],[43.75,40.73],[43.68,40.84],[43.67,40.94],[43.6,40.98],[43.47,41.03],[43.45,41.18],[43.37,41.2],[43.25,41.18],[43.19,41.25],[43.21,41.29],[43.11,41.35],[43.02,41.38],[42.97,41.45],[42.8,41.5],[42.84,41.58],[42.77,41.58],[42.68,41.6],[42.6,41.58],[42.57,41.51],[42.44,41.44],[42.27,41.49],[42.08,41.51],[42.04,41.49],[41.96,41.52],[41.82,41.43],[41.75,41.47],[41.67,41.48],[41.3,41.61],[41.23,41.55],[41.12,41.51],[40.92,41.39],[40.74,41.36],[40.64,41.32],[40.51,41.24],[40.34,41.22],[40.22,41.18],[40.15,41.14],[39.95,41.16],[39.85,41.2],[39.71,41.21],[39.61,41.27],[39.45,41.31],[39.39,41.31],[39.26,41.27],[39.14,41.28],[39,41.24],[38.91,41.24],[38.66,41.17],[38.51,41.15],[38.46,41.13],[38.23,41.14],[38.04,41.18],[37.99,41.25],[37.87,41.31],[37.68,41.34],[37.59,41.32],[37.51,41.29],[37.35,41.34],[37.26,41.35],[37.15,41.45],[36.92,41.54],[36.68,41.58],[36.55,41.57],[36.43,41.51],[36.4,41.57],[36.37,41.69],[36.29,41.79],[36.22,41.85],[36.08,41.91],[35.93,41.93],[35.85,41.92],[35.59,41.84],[35.45,41.88],[35.47,41.97],[35.47,42.08],[35.41,42.16],[35.3,42.22],[35.2,42.24],[35.11,42.28],[34.92,42.3],[34.84,42.28],[34.72,42.21],[34.68,42.15],[34.56,42.17],[34.44,42.17],[34.29,42.15],[34.16,42.17],[34.03,42.18],[33.84,42.18],[33.63,42.19],[33.39,42.22],[33.28,42.22],[33.05,42.14],[32.91,42.11],[32.81,42.06],[32.72,42.06],[32.48,42.01],[32.32,41.95],[32.17,41.9],[32.05,41.84],[31.98,41.78],[31.76,41.69],[31.56,41.59],[31.39,41.54],[31.24,41.48],[31.15,41.39],[31.13,41.3],[31.01,41.28],[30.84,41.28],[30.77,41.31],[30.51,41.35],[30.34,41.41],[30.23,41.42],[30.15,41.4],[30.05,41.34],[29.88,41.34],[29.67,41.38],[29.57,41.38],[29.31,41.43],[29.2,41.43],[29.03,41.46],[28.78,41.54],[28.72,41.55],[28.43,41.66],[28.37,41.72],[28.31,41.81],[28.32,41.85],[28.32,41.98],[27.91,41.97],[27.87,42],[27.78,41.97],[27.71,41.98],[27.57,41.94],[27.45,41.97],[27.38,42.05],[27.31,42.09],[27.22,42.1],[27.19,42.06],[27.07,42.09],[27.03,42.08],[26.97,42],[26.79,41.99],[26.75,41.96],[26.64,41.97],[26.54,41.82],[26.37,41.82],[26.33,41.74],[26.39,41.69],[26.47,41.67],[26.53,41.62],[26.6,41.61],[26.59,41.53],[26.63,41.34],[26.58,41.32],[26.5,41.33],[26.41,41.25],[26.32,41.25],[26.31,41.17],[26.34,41.14],[26.31,41.08],[26.37,41.02],[26.33,40.98],[26.3,40.9],[26.25,40.88],[26.16,40.81],[26.13,40.74],[26.04,40.73],[25.95,40.69],[25.98,40.59],[26.08,40.52],[26.42,40.51],[26.15,40.37],[26.12,40.31],[26.17,40.23],[26.12,40.14],[26.07,40.25],[25.98,40.31],[25.9,40.31],[25.75,40.28],[25.6,40.2],[25.57,40.13],[25.6,40.07],[25.73,40.02],[25.87,40.03],[26.07,40.06],[26.04,40.02],[25.98,39.99],[25.95,39.92],[25.89,39.89],[25.86,39.83],[25.89,39.78],[26.01,39.72],[26.06,39.65],[26.02,39.63],[25.96,39.48],[25.98,39.43],[26.07,39.39],[26.17,39.42],[26.35,39.44],[26.44,39.43],[26.47,39.4],[26.49,39.28],[26.56,39.22],[26.64,39.19],[26.7,39.11],[26.71,39.06],[26.69,38.98],[26.71,38.9],[26.75,38.82],[26.68,38.8],[26.57,38.73],[26.4,38.76],[26.3,38.72],[26.26,38.66],[26.25,38.61],[26.32,38.54],[26.34,38.49],[26.23,38.44],[26.22,38.35],[26.17,38.26],[26.2,38.19],[26.35,38.15],[26.43,38.1],[26.49,38.05],[26.63,38.03],[26.74,38.09],[26.76,38.02],[26.81,37.96],[26.87,37.94],[26.97,37.98],[27.09,37.92],[27.16,37.9],[27.14,37.84],[27.16,37.78],[27.1,37.7],[26.99,37.69],[26.94,37.64],[26.95,37.58],[27.06,37.56],[27.07,37.54],[27.1,37.43],[27.1,37.39],[27.2,37.26],[27.28,37.23],[27.2,37.2],[27.13,37.14],[27.15,37.08],[27.14,37.03],[27.12,37.01],[27.23,36.94],[27.32,36.92],[27.39,36.93],[27.45,36.88],[27.55,36.9],[27.54,36.84],[27.46,36.85],[27.39,36.8],[27.28,36.75],[27.27,36.73],[27.27,36.66],[27.3,36.62],[27.46,36.57],[27.59,36.6],[27.65,36.58]],[[42.83,13.43],[42.93,13.49],[43,13.6],[43.01,13.68],[43.05,13.73],[43.08,13.66],[43.05,13.54],[43.04,13.4],[43.02,13.32],[43.04,13.17],[42.93,13.24],[42.82,13.25],[42.85,13.36],[42.83,13.43]]],[[[52.35,24.87],[52.33,24.98],[52.4,25.02],[52.45,24.98],[52.46,25.05],[52.43,25.12],[52.38,25.18],[52.32,25.22],[52.23,25.23],[52.12,25.21],[52.05,25.16],[52.02,25.1],[52.01,25],[52.03,24.94],[52.08,24.89],[52.16,24.84],[52.26,24.83],[52.35,24.87]]],[[[52.22,25.78],[52.19,25.71],[52.19,25.64],[52.25,25.53],[52.31,25.49],[52.39,25.47],[52.46,25.47],[52.53,25.5],[52.61,25.58],[52.63,25.64],[52.63,25.72],[52.61,25.78],[52.55,25.84],[52.48,25.87],[52.4,25.88],[52.3,25.85],[52.22,25.78]]],[[[25,-86],[30,-86],[45,-86],[55,-86],[55,-64],[25,-68],[25,-86]]],[[[41.9,15.34],[41.96,15.37],[42.03,15.44],[42.06,15.56],[42.02,15.66],[41.97,15.72],[41.9,15.75],[41.81,15.76],[41.74,15.73],[41.66,15.67],[41.63,15.62],[41.61,15.54],[41.62,15.47],[41.7,15.36],[41.81,15.32],[41.9,15.34]]],[[[53.62,12.9],[53.47,12.91],[53.4,12.88],[53.27,12.81],[53.2,12.83],[53.1,12.83],[53,12.76],[52.95,12.66],[52.96,12.58],[53,12.51],[53.04,12.47],[53.13,12.44],[53.17,12.38],[53.16,12.36],[53.06,12.38],[52.98,12.38],[52.89,12.35],[52.83,12.31],[52.79,12.25],[52.77,12.18],[52.81,12.06],[52.86,12],[52.98,11.94],[53.04,11.92],[53.16,11.94],[53.29,11.91],[53.37,11.92],[53.47,11.99],[53.51,12.06],[53.51,12.14],[53.66,12.11],[53.77,12.1],[53.96,12.13],[54.06,12.13],[54.24,12.18],[54.36,12.25],[54.46,12.27],[54.55,12.31],[54.67,12.4],[54.71,12.45],[54.74,12.52],[54.72,12.63],[54.68,12.69],[54.58,12.75],[54.51,12.76],[54.38,12.8],[54.28,12.86],[54.15,12.9],[54.05,12.9],[53.95,12.85],[53.81,12.83],[53.7,12.9],[53.62,12.9]]],[[[52.5,12.37],[52.4,12.4],[52.34,12.4],[52.34,12.5],[52.3,12.57],[52.19,12.63],[52.1,12.64],[52.02,12.61],[51.95,12.54],[51.93,12.46],[51.93,12.39],[51.89,12.34],[51.86,12.26],[51.86,12.2],[51.9,12.11],[52,12.03],[52.19,11.96],[52.27,11.95],[52.41,11.96],[52.48,11.98],[52.55,12.05],[52.59,12.14],[52.6,12.23],[52.57,12.31],[52.5,12.37]]],[[[48.57,-21.26],[48.65,-21.06],[48.71,-20.74],[48.81,-20.46],[48.88,-20.28],[48.98,-20.08],[49.02,-19.98],[49.03,-19.86],[49.07,-19.67],[49.19,-19.4],[49.2,-19.31],[49.23,-19.21],[49.29,-19.07],[49.42,-18.72],[49.5,-18.55],[49.53,-18.49],[49.57,-18.31],[49.62,-18.25],[49.67,-18.06],[49.65,-17.96],[49.72,-17.77],[50.22,-16.79],[50.24,-16.73],[50.23,-16.64],[50.12,-16.3],[50.34,-16.17],[50.42,-16.09],[50.53,-15.86],[50.65,-15.53],[50.67,-15.28],[50.67,-15.22],[50.22,-13.31],[50.05,-12.74],[50.02,-12.69],[49.42,-11.82],[49.36,-11.77],[49.27,-11.73],[49.15,-11.76],[48.55,-12.09],[48.48,-12.15],[48.45,-12.27],[48.46,-12.67],[47.69,-13.44],[47.63,-13.53],[47.4,-14.43],[46.36,-15.34],[44.39,-16.01],[43.91,-16.14],[43.85,-16.17],[43.78,-16.24],[43.76,-16.3],[43.56,-17.47],[43.56,-17.5],[43.54,-18.31],[43.55,-18.37],[43.6,-18.55],[43.66,-18.65],[44.01,-18.95],[44.01,-19.09],[44.15,-19.78],[43.93,-20.37],[43.6,-20.69],[43.56,-20.74],[43.07,-21.66],[43.06,-21.7],[42.97,-22.04],[42.97,-22.12],[43.04,-22.48],[43.14,-22.86],[43.15,-22.9],[43.42,-23.41],[43.45,-24.34],[43.47,-24.42],[43.84,-25.09],[44.04,-25.35],[44.13,-25.42],[45.05,-25.77],[45.13,-25.78],[45.52,-25.78],[45.59,-25.77],[46.79,-25.37],[47.2,-25.18],[47.3,-25.08],[47.42,-24.85],[47.43,-24.73],[47.49,-24.59],[47.52,-24.46],[47.59,-24.3],[47.62,-24.22],[47.68,-24.12],[47.77,-23.92],[47.81,-23.82],[47.82,-23.74],[47.86,-23.52],[47.92,-23.39],[47.97,-23.21],[47.98,-23.12],[48.02,-23.02],[48.07,-22.78],[48.08,-22.69],[48.1,-22.53],[48.16,-22.36],[48.33,-21.97],[48.43,-21.72],[48.52,-21.44],[48.57,-21.26]]],[[[44.55,-12.81],[44.85,-12.36],[44.97,-12.2],[44.61,-11.91],[44.32,-11.72],[43.79,-11.38],[43.5,-11.2],[43.37,-11.16],[43.22,-11.18],[43.17,-11.21],[43.1,-11.29],[42.85,-11.7],[42.83,-11.78],[42.83,-11.84],[42.89,-11.95],[43.25,-12.29],[43.5,-12.54],[43.56,-12.58],[43.93,-12.75],[44.44,-12.99],[44.55,-12.81]]],[[[45.06,-12.38],[44.99,-12.4],[44.91,-12.45],[44.81,-12.51],[44.76,-12.58],[44.74,-12.64],[44.77,-12.76],[44.75,-12.88],[44.75,-12.94],[44.81,-13.09],[44.86,-13.16],[44.99,-13.25],[45.08,-13.27],[45.2,-13.27],[45.28,-13.24],[45.41,-13.13],[45.44,-13.05],[45.45,-12.99],[45.49,-12.91],[45.51,-12.81],[45.49,-12.7],[45.43,-12.59],[45.31,-12.48],[45.2,-12.41],[45.13,-12.38],[45.06,-12.38]]]]},"properties":{"tzid":"Europe/Moscow"}},
{"type":"Feature","geometry":{"type":"MultiPolygon","coordinates":[[[[1.67,6.04],[1.88,6.08],[2.13,6.13],[2.35,6.15],[2.43,6.14],[2.51,6.16],[2.67,6.17],[2.9,6.2],[3.19,6.2],[3.39,6.19],[3.5,6.22],[3.9,6.24],[4.34,6.17],[4.41,6.14],[4.64,5.96],[4.82,5.78],[4.96,5.54],[4.97,5.48],[5.05,5.34],[5.13,5.27],[5.16,5.1],[5.23,4.96],[5.27,4.82],[5.36,4.64],[5.47,4.48],[5.56,4.38],[5.73,4.24],[5.88,4.14],[6.01,4.08],[6.09,4.07],[6.23,4.08],[6.29,4.09],[6.49,4.11],[6.54,4.12],[6.62,4.12],[6.73,4.14],[7.03,4.18],[7.08,4.19],[7.17,4.18],[7.28,4.19],[7.41,4.23],[7.64,4.26],[7.73,4.3],[7.95,4.34],[8.09,4.34],[8.29,4.33],[8.37,4.36],[8.43,4.32],[8.54,4.29],[8.62,4.28],[8.75,4.18],[8.79,4.02],[8.82,3.97],[8.69,3.99],[8.62,3.97],[8.53,3.89],[8.43,3.76],[8.41,3.66],[8.32,3.61],[8.25,3.52],[8.23,3.45],[8.22,3.34],[8.27,3.18],[8.34,3.1],[8.38,3.08],[8.64,3.01],[8.76,3.03],[8.84,3.09],[8.92,3.19],[9.04,3.45],[9.1,3.53],[9.13,3.59],[9.14,3.71],[9.13,3.77],[9.29,3.72],[9.41,3.66],[9.44,3.62],[9.43,3.52],[9.5,3.41],[9.59,3.34],[9.7,3.23],[9.75,3.1],[9.72,3.01],[9.69,2.9],[9.68,2.82],[9.63,2.6],[9.62,2.46],[9.59,2.4],[9.58,2.3],[9.59,2.21],[9.56,2.09],[9.59,1.98],[9.55,1.89],[9.44,1.77],[9.41,1.63],[9.28,1.49],[9.26,1.42],[9.22,1.37],[9.15,1.22],[9.14,1.14],[9.17,1.08],[9.12,1],[9.1,0.92],[9.12,0.81],[9.15,0.75],[9.11,0.6],[9.1,0.37],[8.81,-0.09],[8.55,-0.5],[8.52,-0.57],[8.5,-0.68],[8.51,-0.74],[8.57,-0.85],[8.64,-1],[8.68,-1.11],[8.78,-1.25],[8.79,-1.33],[8.84,-1.44],[9.03,-1.68],[9.05,-1.72],[9.07,-1.92],[9.14,-2.04],[9.25,-2.17],[9.39,-2.32],[9.41,-2.44],[9.48,-2.55],[9.57,-2.63],[9.69,-2.75],[9.76,-2.85],[10,-3.03],[10.27,-3.23],[10.36,-3.33],[10.38,-3.38],[10.44,-3.43],[10.47,-3.54],[10.5,-3.58],[10.61,-3.66],[10.74,-3.77],[10.81,-3.84],[10.84,-3.95],[10.88,-4],[10.96,-4.07],[11.09,-4.16],[11.18,-4.23],[11.25,-4.35],[11.39,-4.46],[11.58,-4.63],[11.6,-4.76],[11.65,-4.89],[11.8,-5.08],[11.93,-5.27],[12.01,-5.46],[11.95,-5.58],[11.95,-5.68],[12,-5.83],[12.11,-5.99],[12.08,-6.07],[12.08,-6.2],[12.11,-6.27],[12.22,-6.42],[12.33,-6.66],[12.42,-6.81],[12.57,-6.97],[12.63,-7.06],[12.64,-7.13],[12.65,-7.29],[12.67,-7.34],[12.73,-7.43],[12.81,-7.67],[12.86,-7.78],[12.92,-7.93],[12.96,-8],[13.09,-8.27],[13.16,-8.38],[13.14,-8.49],[13.16,-8.54],[13.11,-8.63],[12.9,-8.82],[12.81,-8.97],[12.79,-9.05],[12.81,-9.17],[12.96,-9.41],[13,-9.62],[13,-9.73],[13.03,-9.8],[13.11,-9.92],[13.11,-10],[13.14,-10.08],[13.26,-10.22],[13.33,-10.36],[13.34,-10.47],[13.4,-10.54],[13.53,-10.69],[13.52,-10.77],[13.55,-10.87],[13.65,-11.01],[13.62,-11.23],[13.59,-11.32],[13.59,-11.44],[13.57,-11.56],[13.59,-11.76],[13.57,-11.86],[13.54,-11.91],[13.51,-12.02],[13.46,-12.16],[13.36,-12.25],[13.28,-12.38],[13.14,-12.41],[13.04,-12.47],[12.97,-12.54],[12.81,-12.68],[12.74,-12.77],[12.73,-12.86],[12.74,-12.93],[12.65,-13.02],[12.57,-13.07],[12.51,-13.12],[12.44,-13.23],[12.38,-13.28],[12.34,-13.35],[12.32,-13.43],[12.33,-13.55],[12.32,-13.7],[12.27,-13.74],[12.22,-13.83],[12.2,-13.93],[12.17,-13.99],[12.13,-14.2],[12.15,-14.3],[12.13,-14.42],[12.11,-14.49],[12.07,-14.71],[12.03,-14.75],[11.92,-15.06],[11.86,-15.16],[11.82,-15.38],[11.82,-15.51],[11.74,-15.59],[11.62,-15.65],[11.59,-15.69],[11.54,-15.8],[11.52,-15.87],[11.54,-15.97],[11.59,-16.05],[11.59,-16.2],[11.5,-16.42],[11.46,-16.53],[11.47,-16.62],[11.52,-16.75],[11.56,-16.81],[11.54,-17.09],[11.54,-17.25],[11.75,-17.25],[11.79,-17.27],[11.93,-17.19],[12.08,-17.14],[12.16,-17.16],[12.25,-17.24],[12.42,-17.21],[12.46,-17.26],[12.6,-17.23],[12.67,-17.17],[12.81,-17.12],[12.92,-17.02],[12.99,-16.98],[13.09,-16.98],[13.17,-16.96],[13.28,-16.99],[13.35,-16.97],[13.46,-17.01],[13.52,-17.09],[13.51,-17.13],[13.64,-17.21],[13.68,-17.25],[13.87,-17.34],[13.96,-17.43],[14.01,-17.42],[14.1,-17.44],[14.21,-17.41],[14.22,-17.39],[14.64,-17.39],[15.2,-17.39],[15.58,-17.39],[16.11,-17.39],[16.89,-17.39],[17.63,-17.39],[18.42,-17.39],[18.54,-17.52],[18.57,-17.58],[18.79,-17.77],[18.83,-17.77],[18.89,-17.82],[19.03,-17.84],[19.12,-17.84],[19.14,-17.81],[19.23,-17.83],[19.27,-17.82],[19.33,-17.85],[19.41,-17.87],[19.57,-17.87],[19.67,-17.85],[19.76,-17.91],[19.81,-17.87],[19.86,-17.88],[19.91,-17.86],[20.02,-17.9],[20.06,-17.89],[20.11,-17.91],[20.17,-17.88],[20.25,-17.89],[20.33,-17.87],[20.46,-17.92],[20.55,-17.99],[20.64,-17.98],[20.7,-18.01],[20.74,-18.01],[20.84,-18.04],[20.98,-17.96],[21.22,-17.93],[21.24,-17.96],[21.36,-17.98],[21.43,-18.03],[22.18,-17.88],[23,-17.72],[23.43,-17.64],[23.34,-17.55],[23.23,-17.54],[23.18,-17.47],[23.14,-17.47],[23.09,-17.41],[23,-17.27],[22.8,-17.17],[22.79,-17.12],[22.56,-16.88],[22.49,-16.84],[22.42,-16.75],[22.26,-16.6],[22.19,-16.55],[22.14,-16.49],[22.13,-16.38],[22.07,-16.27],[22,-16.21],[22,-15.41],[22,-14.74],[22,-14.26],[22,-13.44],[22,-13],[22.65,-13],[23.12,-13],[23.67,-13],[24.06,-13],[23.98,-12.9],[23.94,-12.9],[23.89,-12.84],[23.92,-12.67],[23.96,-12.6],[23.95,-12.55],[24.04,-12.43],[24.08,-12.36],[24.04,-12.23],[23.98,-12.17],[23.98,-11.91],[24.02,-11.83],[23.97,-11.68],[24,-11.59],[24.04,-11.53],[24.02,-11.45],[24.09,-11.4],[24.06,-11.31],[24.03,-11.27],[24.03,-11.13],[24.01,-11.08],[24.02,-10.94],[23.99,-10.92],[23.9,-10.98],[23.86,-11.04],[23.78,-10.99],[23.67,-11],[23.6,-10.99],[23.53,-10.95],[23.48,-10.94],[23.4,-10.96],[23.26,-11.05],[23.2,-11.11],[23.15,-11.08],[23.08,-11.11],[23.04,-11.09],[22.91,-11.09],[22.85,-11.06],[22.77,-11.12],[22.71,-11.11],[22.58,-11.03],[22.49,-11.06],[22.5,-11.11],[22.44,-11.18],[22.35,-11.18],[22.27,-11.26],[22.27,-11.18],[22.22,-11.11],[22.2,-10.93],[22.17,-10.85],[22.27,-10.79],[22.31,-10.78],[22.32,-10.72],[22.31,-10.53],[22.27,-10.51],[22.32,-10.38],[22.27,-10.26],[22.24,-10.22],[22.22,-10.16],[22.22,-10.05],[22.19,-9.93],[22.15,-9.89],[22.07,-9.87],[22.01,-9.82],[22,-9.76],[21.94,-9.71],[21.86,-9.59],[21.83,-9.46],[21.79,-9.41],[21.81,-9.33],[21.86,-9.19],[21.83,-9.06],[21.87,-8.88],[21.9,-8.78],[21.89,-8.7],[21.92,-8.57],[21.95,-8.5],[21.95,-8.44],[21.92,-8.4],[21.92,-8.31],[21.89,-8.25],[21.82,-8.07],[21.77,-8.03],[21.75,-7.94],[21.78,-7.91],[21.78,-7.77],[21.85,-7.6],[21.84,-7.53],[21.86,-7.45],[21.84,-7.37],[21.79,-7.28],[21.12,-7.28],[20.55,-7.28],[20.56,-7.12],[20.6,-7.06],[20.63,-6.95],[20.62,-6.92],[20.32,-6.92],[20.3,-7],[19.97,-7],[19.95,-6.9],[19.82,-6.74],[19.81,-6.7],[19.72,-6.61],[19.7,-6.54],[19.72,-6.43],[19.69,-6.37],[19.67,-6.24],[19.68,-6.18],[19.81,-6.09],[19.83,-6.06],[19.96,-5.99],[20.02,-5.95],[20.05,-5.87],[20.11,-5.84],[20.15,-5.78],[20.18,-5.7],[20.18,-5.63],[20.14,-5.58],[20.13,-5.42],[20.13,-5.36],[20.2,-5.28],[20.2,-5.18],[20.18,-5.09],[20.14,-5.04],[20.11,-4.97],[20.1,-4.87],[20.05,-4.79],[20.07,-4.68],[20.06,-4.59],[20.12,-4.5],[20.04,-4.36],[20.03,-4.28],[20.13,-4.28],[20.16,-4.34],[20.21,-4.33],[20.23,-4.37],[20.32,-4.38],[20.38,-4.29],[20.44,-4.29],[20.6,-4.22],[20.63,-4.16],[20.68,-4.13],[20.67,-3.95],[20.66,-3.87],[20.66,-3.74],[20.64,-3.5],[20.66,-3.28],[20.74,-2.77],[20.84,-2.62],[20.86,-2.57],[20.92,-2.57],[21.01,-2.53],[21.22,-2.53],[21.27,-2.48],[21.35,-2.52],[21.42,-2.51],[21.52,-2.55],[21.66,-2.66],[21.7,-2.67],[21.82,-2.57],[21.95,-2.42],[22.06,-2.36],[22.12,-2.29],[22.15,-2.28],[22.2,-2.34],[22.18,-2.41],[22.2,-2.45],[22.25,-2.47],[22.3,-2.42],[22.29,-2.36],[22.23,-2.2],[22.2,-2.01],[22.16,-1.93],[22.21,-1.91],[22.32,-1.94],[22.52,-1.96],[22.64,-1.82],[22.69,-1.81],[22.76,-1.85],[22.82,-1.86],[22.91,-1.91],[22.94,-1.96],[23.02,-1.93],[23.1,-1.96],[23.19,-2.01],[23.27,-2.02],[23.34,-2.07],[23.4,-2.09],[23.49,-2.04],[23.53,-1.99],[23.62,-2.02],[23.71,-2.01],[23.77,-1.96],[23.85,-1.94],[23.86,-1.9],[23.84,-1.83],[23.88,-1.83],[23.99,-1.87],[24.01,-1.76],[24.04,-1.75],[24.14,-1.75],[24.21,-1.73],[24.21,-1.69],[24.41,-1.72],[24.37,-1.52],[24.32,-1.43],[24.32,-1.32],[24.26,-1.31],[24.13,-1.32],[24.13,-1.25],[24.06,-1.24],[24.01,-1.21],[23.9,-1.17],[23.85,-1.16],[23.8,-1.11],[23.63,-1.04],[23.55,-0.97],[23.52,-0.92],[23.48,-0.78],[23.49,-0.73],[23.59,-0.72],[23.62,-0.64],[23.67,-0.63],[23.68,-0.54],[23.61,-0.54],[23.61,-0.5],[23.56,-0.45],[23.48,-0.47],[23.42,-0.46],[23.31,-0.49],[23.25,-0.52],[23.25,-0.41],[22.95,-0.41],[23.06,-0.29],[23.11,-0.24],[23.41,-0.24],[23.36,-0.11],[23.32,-0.09],[23.25,0.04],[23.14,0.16],[23.08,0.28],[23.02,0.34],[22.95,0.48],[22.93,0.56],[22.98,0.6],[22.91,0.67],[22.88,0.73],[22.88,0.82],[22.85,0.87],[22.84,1],[22.78,1.11],[22.76,1.13],[22.73,1.23],[22.63,1.38],[22.49,1.48],[22.26,1.53],[22.28,1.66],[22.37,1.71],[22.39,1.75],[22.36,1.79],[22.42,1.81],[22.43,1.87],[22.49,1.93],[22.47,1.98],[22.41,2.05],[22.36,2.06],[22.36,2.17],[22.45,2.14],[22.65,2.11],[22.68,2.08],[22.78,2.01],[22.92,2.09],[22.93,2.14],[23.01,2.18],[23.03,2.22],[23.11,2.17],[23.18,2.1],[23.31,2.09],[23.33,2.14],[23.31,2.2],[23.32,2.28],[23.48,2.18],[23.58,2.19],[23.56,2.36],[23.57,2.4],[23.54,2.45],[23.35,2.56],[23.33,2.49],[23.03,2.58],[22.9,2.72],[22.88,2.76],[22.91,2.81],[22.95,2.85],[23.02,2.96],[23.05,3.03],[23.01,3.07],[22.91,3.08],[22.86,3.02],[22.78,3.05],[22.78,3.11],[22.66,3.15],[22.6,3.15],[22.59,3.2],[22.65,3.28],[22.62,3.33],[22.62,3.39],[22.66,3.44],[22.91,3.57],[22.99,3.58],[23.02,3.62],[23.08,3.64],[23.09,3.7],[23.15,3.72],[23.24,3.79],[23.32,3.76],[23.35,3.7],[23.39,3.67],[23.52,3.77],[23.53,3.82],[23.47,3.82],[23.41,3.84],[23.38,3.81],[23.34,3.85],[23.26,3.84],[23.21,3.87],[23.18,3.85],[23.09,3.88],[23.07,3.86],[22.97,3.87],[22.9,3.84],[22.82,3.86],[22.78,3.89],[22.81,4.02],[22.75,4.07],[22.68,4.09],[22.67,4.12],[22.55,4.14],[22.46,4.12],[22.55,4.21],[22.54,4.29],[22.58,4.34],[22.6,4.48],[22.69,4.47],[22.73,4.56],[22.74,4.63],[22.78,4.71],[22.84,4.7],[22.89,4.75],[22.9,4.81],[22.98,4.83],[23.01,4.76],[23.11,4.71],[23.16,4.74],[23.23,4.68],[23.27,4.67],[23.33,4.61],[23.43,4.6],[23.43,4.65],[23.5,4.68],[23.59,4.76],[23.77,4.78],[23.83,4.83],[23.89,4.83],[23.96,4.81],[23.96,4.87],[24.05,4.87],[24.11,4.92],[24.14,4.9],[24.28,5],[24.39,5.03],[24.36,5.07],[24.41,5.1],[24.47,5.1],[24.53,5.08],[24.57,5.03],[24.62,5.01],[24.67,4.97],[24.68,4.91],[24.78,4.9],[24.8,4.93],[24.91,4.95],[24.96,4.99],[25.06,4.93],[25.09,4.98],[25.25,5.03],[25.31,5.03],[25.34,5.11],[25.31,5.19],[25.34,5.26],[25.44,5.34],[25.58,5.38],[25.6,5.34],[25.71,5.3],[25.75,5.24],[25.78,5.26],[25.83,5.2],[25.95,5.2],[25.98,5.25],[26.06,5.2],[26.09,5.25],[26.16,5.26],[26.21,5.2],[26.29,5.16],[26.39,5.15],[26.52,5.05],[26.57,5.08],[26.66,5.08],[26.75,5.11],[26.86,5.04],[26.93,5.14],[27.09,5.21],[27.14,5.21],[27.23,5.15],[27.26,5.15],[27.44,5.07],[27.41,5.15],[27.32,5.22],[27.3,5.28],[27.25,5.32],[27.23,5.43],[27.28,5.6],[27.2,5.74],[27.1,5.81],[27.07,5.8],[26.99,5.86],[26.93,5.86],[26.92,5.9],[26.83,5.9],[26.78,6],[26.7,6.02],[26.66,6],[26.57,6.03],[26.51,6.12],[26.53,6.22],[26.47,6.22],[26.49,6.28],[26.4,6.31],[26.3,6.4],[26.32,6.51],[26.4,6.62],[26.41,6.65],[26.25,6.74],[26.18,6.76],[26.18,6.81],[26.11,6.82],[26.08,6.85],[26.04,7],[25.94,7.04],[25.89,7.1],[25.84,7.11],[25.82,7.16],[25.65,7.2],[25.57,7.24],[25.54,7.28],[25.48,7.27],[25.41,7.34],[25.37,7.34],[25.34,7.43],[25.29,7.47],[25.2,7.49],[25.17,7.57],[25.23,7.63],[25.29,7.65],[25.28,7.78],[25.25,7.85],[25.18,7.91],[25.09,7.9],[25.05,7.94],[24.97,7.98],[24.91,8.03],[24.86,8.17],[24.8,8.2],[24.63,8.22],[24.54,8.21],[24.48,8.23],[24.47,8.27],[24.33,8.27],[24.23,8.29],[24.16,8.33],[24.14,8.38],[24.16,8.47],[24.27,8.59],[24.23,8.63],[24.25,8.68],[24.17,8.7],[24.13,8.69],[23.93,8.72],[23.83,8.73],[23.73,8.71],[23.6,8.73],[23.53,8.71],[23.5,8.77],[23.58,8.9],[23.58,8.99],[23.53,8.96],[23.46,8.99],[23.47,9.12],[23.49,9.17],[23.55,9.18],[23.65,9.28],[23.64,9.35],[23.67,9.44],[23.63,9.45],[23.63,9.55],[23.7,9.67],[23.67,9.87],[23.31,10.46],[23.25,10.49],[23.15,10.6],[23.01,10.7],[22.88,10.9],[22.92,11.07],[22.98,11.22],[22.93,11.42],[22.79,11.4],[22.78,11.46],[22.64,11.52],[22.56,11.62],[22.55,11.67],[22.61,12],[22.64,12.07],[22.48,12.03],[22.5,12.17],[22.45,12.26],[22.43,12.38],[22.39,12.46],[22.43,12.52],[22.46,12.62],[22.28,12.7],[22.21,12.74],[22.19,12.7],[22.14,12.66],[21.94,12.62],[21.94,12.65],[21.86,12.73],[21.86,12.78],[21.82,12.82],[21.85,12.85],[21.93,13.05],[21.97,13.07],[22.02,13.14],[22.07,13.14],[22.14,13.17],[22.18,13.25],[22.29,13.36],[22.22,13.46],[22.22,13.53],[22.17,13.59],[22.12,13.68],[22.12,13.74],[22.07,13.78],[22.23,13.95],[22.29,13.98],[22.39,14.05],[22.43,14.05],[22.54,14.12],[22.58,14.18],[22.56,14.23],[22.48,14.23],[22.43,14.28],[22.46,14.33],[22.44,14.37],[22.45,14.49],[22.38,14.51],[22.41,14.59],[22.52,14.64],[22.63,14.65],[22.72,14.69],[22.68,14.87],[22.75,14.92],[22.75,14.97],[22.86,15.08],[22.92,15.09],[22.94,15.17],[22.98,15.2],[23,15.32],[22.99,15.41],[22.92,15.48],[22.94,15.56],[22.99,15.58],[23.11,15.71],[23.21,15.72],[23.34,15.69],[23.4,15.7],[23.55,15.77],[23.66,15.77],[23.81,15.75],[24,15.7],[24,16.2],[24,16.73],[24,17.1],[24,17.7],[24,18.53],[24,19.07],[24,19.5],[23.5,19.77],[22.83,20.13],[22.27,20.43],[21.66,20.74],[21.27,20.94],[20.74,21.22],[20.26,21.46],[19.67,21.75],[19.19,21.99],[18.63,22.26],[18.15,22.49],[17.79,22.66],[16,23.45],[15,23],[14.23,22.61],[13.62,23.12],[13.54,23.17],[13.42,23.21],[12.58,23.4],[12,23.52],[11.6,24.26],[11.42,24.2],[11.14,24.39],[11.08,24.41],[10.95,24.53],[10.82,24.57],[10.77,24.51],[10.71,24.57],[10.63,24.57],[10.54,24.53],[10.36,24.54],[10.3,24.6],[10.22,24.65],[10.15,24.78],[10.04,24.97],[10.03,25.36],[9.54,26],[9.4,26.2],[9.46,26.25],[9.51,26.39],[9.86,26.52],[9.91,26.65],[9.9,26.74],[9.93,26.86],[9.86,26.94],[9.82,27.15],[9.78,27.26],[9.79,27.4],[9.81,27.46],[9.86,27.5],[9.89,27.61],[9.94,27.73],[9.94,27.84],[9.96,27.89],[9.83,28.29],[9.9,28.76],[9.87,29.03],[9.78,29.42],[9.54,29.9],[9.41,30.04],[9.39,30.15],[9.42,30.19],[9.6,30.24],[9.67,30.28],[9.83,30.34],[9.88,30.34],[9.94,30.38],[10.02,30.48],[10.07,30.51],[10.27,30.8],[10.3,30.89],[10.28,31.04],[10.29,31.09],[10.17,31.38],[10.14,31.49],[10.21,31.57],[10.31,31.7],[10.39,31.74],[10.53,31.74],[10.63,31.88],[10.61,31.92],[10.66,31.98],[10.72,31.97],[10.8,32],[10.86,32.11],[11.03,32.2],[11.55,32.41],[11.6,32.45],[11.6,32.52],[11.48,32.66],[11.5,32.83],[11.5,32.92],[11.53,32.99],[11.53,33.08],[11.56,33.17],[11.66,33.35],[11.55,33.38],[11.37,33.48],[11.34,33.62],[11.29,33.69],[11.3,33.8],[11.29,33.86],[11.23,33.96],[11.16,34.01],[11.27,34.44],[11.38,34.48],[11.53,34.5],[11.67,34.56],[11.74,34.6],[11.85,34.76],[11.88,34.82],[11.88,34.89],[11.83,34.98],[11.75,35.05],[11.64,35.18],[11.4,35.29],[11.36,35.36],[11.29,35.4],[11.33,35.52],[11.27,35.71],[11.29,35.81],[11.25,35.91],[11.15,35.99],[11.01,36.01],[10.91,35.98],[10.82,35.99],[10.76,36.05],[10.71,36.15],[10.73,36.21],[10.81,36.25],[10.91,36.27],[11.03,36.36],[11.09,36.49],[11.21,36.65],[11.31,36.71],[11.38,36.83],[11.38,36.9],[11.35,36.98],[11.31,37.12],[11.21,37.23],[11.13,37.27],[10.83,37.34],[10.38,37.38],[10.35,37.45],[10.3,37.51],[10.23,37.54],[10.15,37.56],[10.04,37.55],[9.97,37.52],[9.92,37.53],[9.73,37.55],[9.6,37.53],[9.48,37.5],[9.36,37.5],[9.22,37.44],[9.2,37.6],[9.17,37.67],[9.1,37.72],[9.01,37.76],[8.92,37.76],[8.8,37.72],[8.7,37.64],[8.65,37.59],[8.62,37.49],[8.64,37.42],[8.69,37.36],[8.75,37.32],[8.87,37.29],[8.8,37.24],[8.73,37.17],[8.42,37.12],[8.25,37.15],[7.74,37.18],[7.6,37.24],[7.41,37.29],[7.22,37.3],[7.12,37.28],[6.76,37.18],[6.62,37.26],[6.53,37.28],[6.38,37.29],[6.19,37.23],[6.08,37.16],[5.99,37.06],[5.65,37.02],[5.54,36.99],[5.17,36.98],[5.1,37.01],[4.88,37.08],[4.79,37.1],[4.35,37.12],[4.19,37.12],[3.87,37.13],[3.68,37.08],[3.29,37.02],[2.93,37.02],[2.8,36.99],[2.71,36.94],[2.39,36.85],[2.3,36.85],[1.92,36.79],[1.78,36.79],[1.64,36.76],[1.48,36.74],[1.38,36.76],[1.28,36.75],[1.02,36.69],[0.84,36.63],[0.69,36.55],[0.54,36.51],[0.2,36.36],[0.05,36.27],[-0.01,36.21],[-0.37,36.11],[-0.44,36.11],[-0.58,36.07],[-0.82,35.97],[-0.95,35.97],[-1.17,35.93],[-1.28,35.89],[-1.35,35.84],[-1.66,35.46],[-1.84,35.36],[-1.98,35.32],[-2.21,35.34],[-2.21,35.06],[-2.04,34.92],[-1.97,34.94],[-1.97,34.88],[-1.89,34.84],[-1.86,34.8],[-1.74,34.74],[-1.84,34.63],[-1.75,34.52],[-1.69,34.49],[-1.78,34.39],[-1.71,34.31],[-1.7,34.2],[-1.65,34.11],[-1.7,33.87],[-1.68,33.76],[-1.73,33.7],[-1.65,33.68],[-1.6,33.62],[-1.59,33.53],[-1.66,33.38],[-1.67,33.28],[-1.61,33.21],[-1.58,33.15],[-1.46,33.04],[-1.49,32.98],[-1.54,32.96],[-1.4,32.76],[-1.27,32.7],[-1,32.52],[-1.06,32.45],[-1.13,32.41],[-1.19,32.41],[-1.25,32.32],[-1.23,32.29],[-1.26,32.16],[-1.19,32.17],[-1.15,32.13],[-1.22,32.08],[-1.41,32.09],[-1.51,32.1],[-1.58,32.09],[-1.75,32.12],[-1.9,32.16],[-1.97,32.16],[-2.01,32.18],[-2.18,32.14],[-2.28,32.17],[-2.54,32.15],[-2.6,32.11],[-2.87,32.11],[-2.93,32.04],[-2.84,31.88],[-2.82,31.79],[-3.66,31.63],[-3.66,31.38],[-3.76,31.33],[-3.76,31.26],[-3.79,31.24],[-3.76,31.18],[-3.68,31.17],[-3.67,31.1],[-3.61,31.08],[-3.54,31.01],[-3.56,30.93],[-3.65,30.84],[-3.63,30.74],[-3.64,30.69],[-3.82,30.59],[-3.89,30.61],[-4,30.59],[-4.15,30.59],[-4.33,30.52],[-4.49,30.37],[-4.61,30.28],[-4.94,30.14],[-5.12,30],[-5.24,29.93],[-5.29,29.88],[-5.32,29.79],[-5.57,29.48],[-5.65,29.5],[-5.73,29.59],[-5.81,29.61],[-5.94,29.59],[-6.07,29.56],[-6.17,29.58],[-6.47,29.56],[-6.53,29.52],[-6.62,29.53],[-6.72,29.51],[-6.78,29.46],[-6.91,29.5],[-7.02,29.49],[-7.15,29.52],[-7.26,29.47],[-7.35,29.39],[-7.49,29.36],[-7.61,29.37],[-7.63,29.3],[-7.77,29.26],[-7.87,29.19],[-7.96,29.12],[-8.2,28.98],[-8.35,28.89],[-8.46,28.79],[-8.57,28.75],[-8.67,28.67],[-8.67,27.94],[-8.67,27.31],[-8.23,27.06],[-7.58,26.67],[-6.83,26.22],[-6.43,25.98],[-6.03,25.74],[-5.67,25.51],[-5.19,25.22],[-4.83,25],[-4.48,24.77],[-4.09,24.52],[-3.6,24.2],[-2.99,23.8],[-2.59,23.55],[-2.05,23.2],[-1.67,22.95],[-1.3,22.72],[-0.92,22.47],[-0.52,22.21],[-0.06,21.91],[0.51,21.54],[1.17,21.12],[1.19,21],[1.19,20.92],[1.16,20.79],[1.18,20.73],[1.32,20.74],[1.35,20.68],[1.5,20.62],[1.59,20.6],[1.64,20.56],[1.68,20.48],[1.67,20.41],[1.78,20.34],[1.8,20.3],[1.88,20.29],[1.9,20.24],[1.95,20.26],[2,20.24],[2.04,20.27],[2.13,20.24],[2.19,20.28],[2.19,20.32],[2.27,20.3],[2.31,20.27],[2.32,20.22],[2.36,20.19],[2.4,20.12],[2.4,20.06],[2.47,20.1],[2.52,20.09],[2.56,20.03],[2.67,20.05],[2.72,20.01],[2.82,19.96],[2.86,19.97],[2.97,19.95],[3.08,19.91],[3.14,19.86],[3.24,19.84],[3.26,19.82],[3.23,19.71],[3.25,19.65],[3.23,19.61],[3.27,19.53],[3.26,19.44],[3.21,19.43],[3.18,19.36],[3.2,19.28],[3.12,19.19],[3.12,19.13],[3.16,19.11],[3.36,18.97],[3.81,19.06],[4.27,19.14],[4.27,18.76],[4.27,18.29],[4.27,17.92],[4.27,17.39],[4.27,17],[4.21,17],[4.2,16.81],[4.2,16.4],[4.1,16.32],[4.06,16.22],[3.99,16.08],[3.99,16.03],[3.98,15.94],[3.93,15.86],[3.9,15.75],[3.86,15.69],[3.8,15.66],[3.72,15.66],[3.65,15.59],[3.59,15.52],[3.54,15.49],[3.54,15.4],[3.49,15.36],[3.03,15.43],[3.02,15.34],[2.64,15.35],[1.85,15.31],[1.31,15.28],[1,15],[0.91,14.97],[0.73,14.96],[0.69,14.94],[0.57,14.99],[0.51,15],[0.39,14.96],[0.23,15],[0.24,14.91],[0.2,14.83],[0.24,14.74],[0.17,14.52],[0.21,14.42],[0.38,14.05],[0.42,13.98],[0.47,13.95],[0.47,13.91],[0.53,13.84],[0.62,13.77],[0.6,13.73],[0.63,13.68],[0.77,13.69],[0.77,13.64],[0.9,13.62],[1.02,13.52],[1.03,13.46],[1.2,13.39],[1.19,13.32],[1.11,13.33],[0.99,13.37],[0.99,13.1],[1.35,12.9],[1.87,12.61],[1.93,12.7],[1.99,12.73],[2.09,12.72],[2.15,12.69],[2.15,12.65],[2.22,12.59],[2.22,12.52],[2.26,12.47],[2.27,12.43],[2.18,12.42],[2.09,12.39],[2.07,12.35],[2.21,12.17],[2.4,11.91],[2.37,11.8],[2.3,11.72],[2.31,11.68],[2.19,11.6],[2.03,11.44],[1.92,11.42],[1.88,11.45],[1.81,11.44],[1.75,11.42],[1.71,11.43],[1.67,11.4],[1.6,11.4],[1.57,11.46],[1.46,11.47],[1.4,11.45],[1.39,11.41],[1.33,11.35],[1.35,11.31],[1.28,11.27],[1.19,11.26],[1.07,11.13],[1.1,11.07],[1.03,11.05],[0.98,11.09],[0.95,11.04],[0.91,11],[0.89,10.92],[0.88,10.8],[0.81,10.73],[0.81,10.61],[0.79,10.52],[0.78,10.38],[1.1,10.15],[1.36,10],[1.37,9.6],[1.34,9.55],[1.39,9.48],[1.41,9.34],[1.51,9.21],[1.57,9.17],[1.6,9.1],[1.63,9.01],[1.62,8.55],[1.66,8.5],[1.63,8.45],[1.61,8.37],[1.63,8.36],[1.64,7.85],[1.64,7.62],[1.66,7.53],[1.64,7.44],[1.64,7],[1.56,7],[1.58,6.91],[1.61,6.9],[1.59,6.8],[1.62,6.74],[1.58,6.69],[1.61,6.61],[1.68,6.56],[1.69,6.52],[1.74,6.47],[1.78,6.37],[1.79,6.3],[1.76,6.27],[1.63,6.24],[1.67,6.04]]],[[[5.63,-1.67],[5.74,-1.65],[5.8,-1.59],[5.84,-1.53],[5.86,-1.41],[5.83,-1.3],[5.77,-1.24],[5.69,-1.21],[5.57,-1.21],[5.47,-1.27],[5.43,-1.35],[5.42,-1.43],[5.43,-1.51],[5.47,-1.58],[5.57,-1.66],[5.63,-1.67]]]]},"properties":{"tzid":"Africa/Lagos"}},
{"type":"Feature","geometry":{"type":"MultiPolygon","coordinates":[[[[37.5,-47.15],[37.65,-47.18],[37.89,-47.18],[37.98,-47.15],[38.06,-47.11],[38.14,-47.05],[38.19,-46.97],[38.2,-46.9],[38.18,-46.82],[38.23,-46.77],[38.28,-46.71],[38.29,-46.63],[38.24,-46.53],[38.16,-46.47],[38.05,-46.43],[37.94,-46.41],[37.82,-46.42],[37.74,-46.44],[37.64,-46.5],[37.59,-46.58],[37.58,-46.64],[37.46,-46.7],[37.36,-46.8],[37.31,-46.9],[37.3,-46.97],[37.39,-47.1],[37.5,-47.15]]],[[[11.54,-17.25],[11.55,-17.31],[11.53,-17.46],[11.53,-17.59],[11.56,-17.8],[11.59,-17.93],[11.6,-18.01],[11.63,-18.14],[11.67,-18.23],[11.75,-18.32],[11.79,-18.43],[11.8,-18.49],[11.84,-18.57],[11.9,-18.66],[12.15,-18.86],[12.26,-19.01],[12.31,-19.13],[12.4,-19.21],[12.49,-19.39],[12.54,-19.53],[12.74,-19.88],[12.83,-20.06],[12.86,-20.16],[12.91,-20.23],[13,-20.3],[13.03,-20.39],[13.04,-20.51],[13.14,-20.69],[13.17,-20.82],[13.24,-20.98],[13.32,-21.09],[13.4,-21.25],[13.49,-21.35],[13.54,-21.43],[13.62,-21.53],[13.68,-21.66],[13.74,-21.75],[13.75,-21.83],[13.78,-21.9],[13.88,-21.98],[14.08,-22.21],[14.1,-22.26],[14.2,-22.39],[14.29,-22.6],[14.31,-22.72],[14.26,-22.77],[14.2,-22.9],[14.19,-23.02],[14.22,-23.16],[14.26,-23.27],[14.22,-23.38],[14.23,-23.5],[14.29,-23.64],[14.28,-23.75],[14.29,-23.83],[14.24,-23.92],[14.23,-24],[14.25,-24.15],[14.3,-24.3],[14.39,-24.48],[14.32,-24.57],[14.31,-24.64],[14.34,-24.74],[14.39,-24.8],[14.46,-24.83],[14.56,-24.84],[14.58,-24.95],[14.64,-25.08],[14.58,-25.29],[14.59,-25.4],[14.64,-25.55],[14.61,-25.75],[14.62,-25.82],[14.68,-25.92],[14.73,-26.05],[14.71,-26.15],[14.72,-26.23],[14.71,-26.31],[14.74,-26.41],[14.79,-26.49],[14.89,-26.55],[14.86,-26.63],[14.88,-26.79],[14.98,-27.09],[15.01,-27.14],[15.05,-27.27],[15.09,-27.41],[15.18,-27.55],[15.24,-27.61],[15.3,-27.73],[15.32,-27.8],[15.37,-27.88],[15.45,-27.95],[15.48,-28.04],[15.55,-28.13],[15.7,-28.27],[15.9,-28.43],[16.16,-28.69],[16.34,-28.81],[16.39,-28.94],[16.43,-29],[16.5,-29.05],[16.53,-29.11],[16.61,-29.2],[16.62,-29.27],[16.67,-29.38],[16.75,-29.51],[16.79,-29.64],[16.83,-29.73],[16.85,-29.85],[16.9,-29.99],[16.94,-30.05],[16.97,-30.18],[17.04,-30.33],[17.06,-30.4],[17.19,-30.62],[17.22,-30.69],[17.31,-30.83],[17.4,-31.01],[17.47,-31.09],[17.55,-31.24],[17.65,-31.36],[17.71,-31.47],[17.9,-31.67],[18,-31.82],[18.07,-32.07],[18.09,-32.23],[17.7,-32.6],[17.66,-32.64],[17.62,-32.78],[17.61,-32.85],[17.64,-33.02],[17.7,-33.15],[17.76,-33.24],[17.86,-33.5],[18.09,-34.2],[18.2,-34.41],[18.27,-34.48],[18.37,-34.54],[18.45,-34.56],[18.75,-34.58],[19.3,-34.87],[19.53,-34.96],[19.63,-34.99],[19.96,-35.03],[20.04,-35.03],[20.13,-35.01],[20.92,-34.67],[21.33,-34.64],[21.76,-34.59],[21.99,-34.55],[22.06,-34.51],[22.26,-34.38],[22.99,-34.29],[23.39,-34.31],[23.94,-34.35],[24.82,-34.41],[24.9,-34.41],[25.79,-34.22],[26.37,-34.03],[26.72,-33.9],[26.85,-33.84],[26.94,-33.82],[27.04,-33.77],[27.12,-33.75],[27.25,-33.69],[27.3,-33.65],[27.74,-33.39],[27.88,-33.29],[27.96,-33.25],[28.1,-33.17],[28.14,-33.12],[28.24,-33.06],[28.32,-32.96],[28.53,-32.86],[28.58,-32.8],[28.73,-32.7],[28.95,-32.49],[29.07,-32.41],[29.2,-32.26],[29.26,-32.22],[29.34,-32.11],[29.39,-32.08],[29.47,-31.97],[29.53,-31.93],[29.59,-31.85],[29.69,-31.8],[29.83,-31.69],[29.89,-31.64],[30,-31.59],[30.13,-31.48],[30.24,-31.37],[30.41,-31.18],[30.66,-30.84],[30.75,-30.73],[30.93,-30.44],[31.08,-30.17],[31.15,-30.1],[31.27,-29.96],[31.29,-29.83],[31.33,-29.74],[31.53,-29.5],[31.75,-29.29],[31.9,-29.13],[32.1,-29.06],[32.19,-29],[32.39,-28.82],[32.54,-28.7],[32.59,-28.64],[32.63,-28.53],[32.65,-28.43],[32.72,-28.31],[32.78,-28.19],[32.82,-27.94],[32.82,-27.9],[32.9,-27.54],[32.96,-27.41],[33.05,-27.18],[33.09,-27.05],[33.12,-26.88],[33.13,-26.69],[33.12,-26.65],[33.15,-26.45],[33.15,-26.41],[33.18,-26.09],[33.21,-26.03],[33.49,-25.44],[33.7,-25.36],[33.79,-25.31],[34.06,-25.22],[34.3,-25.14],[34.37,-25.12],[34.64,-25.02],[34.9,-24.93],[35.12,-24.84],[35.3,-24.73],[35.39,-24.63],[35.41,-24.57],[35.58,-24.38],[35.65,-24.28],[35.71,-24.18],[35.72,-24.02],[35.76,-23.93],[35.77,-23.84],[35.72,-23.69],[35.65,-23.62],[35.64,-23.54],[35.7,-23.37],[35.71,-23.18],[35.77,-23.09],[35.81,-22.99],[35.82,-22.92],[35.79,-22.83],[35.73,-22.76],[35.72,-22.6],[35.76,-22.44],[35.76,-22.32],[35.75,-22.24],[35.76,-22.11],[35.74,-22.05],[35.69,-21.98],[35.61,-21.94],[35.68,-21.82],[35.71,-21.67],[35.71,-21.56],[35.7,-21.47],[35.62,-21.36],[35.57,-21.33],[35.45,-21.3],[35.33,-21.33],[35.32,-21.07],[35.33,-21.01],[35.34,-20.91],[35.32,-20.84],[35.23,-20.74],[35.2,-20.64],[35.13,-20.54],[35.06,-20.47],[34.93,-20.42],[34.92,-20.35],[34.98,-20.22],[34.99,-20.1],[34.97,-20.04],[35.1,-19.97],[35.18,-19.9],[35.25,-19.86],[35.47,-19.68],[35.56,-19.59],[35.69,-19.43],[35.91,-19.2],[36.05,-19.13],[36.35,-19.07],[36.47,-19],[36.55,-18.91],[36.59,-18.85],[36.6,-18.78],[36.71,-18.62],[36.98,-18.36],[37.05,-18.31],[37.08,-18.24],[37.15,-18.16],[37.17,-18.12],[37.3,-17.95],[37.39,-17.88],[37.52,-17.81],[37.94,-17.59],[38.06,-17.53],[38.11,-17.53],[38.9,-17.45],[38.98,-17.42],[39.22,-17.29],[39.66,-16.98],[39.87,-16.81],[40.09,-16.61],[40.23,-16.46],[40.75,-15.59],[40.96,-15.17],[40.99,-15.1],[41.04,-14.86],[41.05,-14.47],[41.05,-14.42],[41,-14.19],[40.96,-14.1],[40.9,-14.05],[40.82,-13.92],[40.79,-13.82],[40.77,-13.67],[40.81,-13.56],[40.77,-13.45],[40.79,-13.37],[40.77,-13.25],[40.76,-13.1],[40.8,-13.01],[40.84,-12.77],[40.85,-12.45],[40.84,-11.83],[40.86,-11.71],[40.93,-11.04],[40.93,-10.97],[40.89,-10.79],[40.84,-10.62],[40.74,-10.47],[40.69,-10.36],[40.65,-10.33],[40.49,-10.41],[40.34,-10.57],[40.3,-10.57],[40.22,-10.61],[40.18,-10.67],[40.13,-10.69],[40,-10.81],[39.88,-10.85],[39.76,-10.92],[39.6,-10.95],[39.52,-10.98],[39.44,-11.05],[39.36,-11.08],[39.27,-11.16],[39.24,-11.17],[39.12,-11.14],[39.08,-11.16],[38.88,-11.17],[38.85,-11.21],[38.75,-11.27],[38.66,-11.27],[38.49,-11.42],[38.37,-11.37],[38.26,-11.29],[38.11,-11.26],[38.06,-11.28],[37.94,-11.26],[37.83,-11.31],[37.83,-11.37],[37.78,-11.46],[37.79,-11.5],[37.75,-11.55],[37.66,-11.58],[37.58,-11.63],[37.5,-11.61],[37.45,-11.64],[37.41,-11.69],[37.33,-11.68],[37.3,-11.64],[37.23,-11.65],[37.08,-11.63],[36.99,-11.58],[36.91,-11.61],[36.84,-11.58],[36.77,-11.65],[36.62,-11.74],[36.57,-11.7],[36.49,-11.68],[36.38,-11.68],[36.35,-11.71],[36.22,-11.71],[36.18,-11.67],[36.19,-11.6],[36.13,-11.56],[36.06,-11.54],[35.95,-11.43],[35.81,-11.42],[35.77,-11.47],[35.65,-11.55],[35.56,-11.57],[35.42,-11.57],[35.23,-11.57],[34.97,-11.57],[34.96,-11.49],[34.93,-11.46],[34.93,-11.4],[34.79,-11.31],[34.8,-11.28],[34.76,-11.21],[34.64,-11.12],[34.62,-11],[34.67,-10.94],[34.68,-10.75],[34.62,-10.6],[34.57,-10.53],[34.6,-10.48],[34.56,-10.43],[34.58,-10.3],[34.57,-10.21],[34.52,-10.12],[34.54,-10.07],[34.33,-9.76],[34.21,-9.65],[34.04,-9.49],[33.98,-9.52],[33.95,-9.57],[33.96,-9.61],[33.94,-9.71],[33.85,-9.66],[33.77,-9.59],[33.7,-9.61],[33.55,-9.59],[33.51,-9.63],[33.44,-9.61],[33.39,-9.53],[33.33,-9.49],[33.21,-9.51],[33.16,-9.5],[33.07,-9.44],[32.99,-9.37],[32.93,-9.4],[32.87,-9.38],[32.77,-9.32],[32.76,-9.29],[32.52,-9.23],[32.48,-9.14],[32.43,-9.12],[32.36,-9.13],[32.3,-9.11],[32.24,-9.14],[32.17,-9.07],[32.07,-9.05],[31.99,-9.08],[31.94,-9.02],[31.95,-8.94],[31.82,-8.89],[31.73,-8.92],[31.58,-8.84],[31.57,-8.81],[31.58,-8.74],[31.55,-8.69],[31.48,-8.68],[31.46,-8.64],[31.31,-8.61],[31.29,-8.63],[31.21,-8.58],[31.16,-8.63],[31.08,-8.62],[31.03,-8.59],[30.88,-8.41],[30.8,-8.28],[30.76,-8.14],[30.7,-7.97],[30.65,-7.88],[30.51,-7.68],[30.46,-7.58],[30.43,-7.43],[30.38,-7.28],[30.31,-7.14],[30.19,-6.96],[30.04,-6.82],[29.89,-6.76],[29.75,-6.64],[29.7,-6.59],[29.66,-6.45],[29.57,-6.34],[29.54,-6.24],[29.53,-6.17],[29.5,-6.06],[29.5,-5.95],[29.61,-5.8],[29.63,-5.75],[29.6,-5.58],[29.53,-5.45],[29.46,-5.18],[29.38,-5.05],[29.35,-4.95],[29.33,-4.77],[29.34,-4.65],[29.44,-4.45],[29.66,-4.45],[29.71,-4.46],[29.76,-4.43],[29.82,-4.36],[29.87,-4.38],[30.04,-4.28],[30.08,-4.17],[30.16,-4.12],[30.22,-4.05],[30.21,-3.99],[30.26,-3.88],[30.31,-3.85],[30.33,-3.78],[30.41,-3.77],[30.39,-3.71],[30.46,-3.61],[30.45,-3.56],[30.5,-3.52],[30.62,-3.47],[30.68,-3.4],[30.63,-3.36],[30.67,-3.32],[30.83,-3.26],[30.85,-3.21],[30.82,-3.04],[30.84,-2.98],[30.75,-3],[30.65,-2.95],[30.58,-2.89],[30.51,-2.95],[30.45,-2.91],[30.41,-2.84],[30.44,-2.8],[30.46,-2.69],[30.42,-2.66],[30.51,-2.5],[30.55,-2.41],[30.61,-2.4],[30.66,-2.41],[30.72,-2.36],[30.78,-2.39],[30.85,-2.32],[30.84,-2.21],[30.9,-2.08],[30.81,-1.94],[30.83,-1.86],[30.82,-1.69],[30.84,-1.65],[30.75,-1.52],[30.74,-1.45],[30.68,-1.4],[30.63,-1.39],[30.57,-1.34],[30.55,-1.25],[30.51,-1.17],[30.47,-1.16],[30.45,-1.1],[30.47,-1.06],[30.36,-1.06],[30.29,-1.19],[30.21,-1.27],[30.17,-1.27],[30.12,-1.38],[30.08,-1.37],[30,-1.45],[29.92,-1.48],[29.89,-1.42],[29.88,-1.36],[29.82,-1.31],[29.78,-1.37],[29.71,-1.35],[29.68,-1.38],[29.59,-1.39],[29.61,-1.32],[29.61,-1.22],[29.57,-1.19],[29.59,-1.05],[29.59,-0.9],[29.63,-0.89],[29.64,-0.83],[29.63,-0.72],[29.66,-0.63],[29.66,-0.54],[29.69,-0.45],[29.71,-0.22],[29.74,-0.04],[29.72,0.08],[29.74,0.13],[29.82,0.17],[29.87,0.37],[29.98,0.52],[29.95,0.64],[29.98,0.74],[29.96,0.78],[29.99,0.85],[30.18,0.91],[30.18,0.94],[30.23,1.01],[30.23,1.13],[30.29,1.17],[30.34,1.15],[30.39,1.19],[30.5,1.21],[30.52,1.27],[30.55,1.27],[31.01,1.78],[31.31,2.12],[31.31,2.16],[31.2,2.22],[31.2,2.29],[31.13,2.26],[31.08,2.3],[31.07,2.34],[30.98,2.4],[30.93,2.34],[30.88,2.34],[30.83,2.43],[30.74,2.45],[30.76,2.51],[30.75,2.59],[30.78,2.61],[30.82,2.75],[30.88,2.81],[30.89,2.88],[30.86,2.96],[30.77,3.05],[30.89,3.34],[30.94,3.4],[30.94,3.51],[30.9,3.5],[30.89,3.55],[30.95,3.63],[30.97,3.69],[31.02,3.69],[31.16,3.79],[31.29,3.8],[31.35,3.75],[31.51,3.67],[31.58,3.68],[31.7,3.71],[31.83,3.82],[31.86,3.79],[31.96,3.65],[31.96,3.57],[32.05,3.59],[32.09,3.54],[32.19,3.51],[32.22,3.56],[32.2,3.6],[32.42,3.75],[32.72,3.77],[32.9,3.82],[33.03,3.89],[33.18,3.78],[33.51,3.75],[33.99,4.23],[34.06,4.28],[34.39,4.61],[35.15,4.61],[35.94,4.62],[35.95,4.63],[35.82,4.77],[35.82,5.1],[35.87,5.18],[35.83,5.26],[35.86,5.31],[35.84,5.34],[35.76,5.36],[35.72,5.39],[35.63,5.38],[35.5,5.42],[35.41,5.36],[35.32,5.34],[35.29,5.38],[35.31,5.5],[35.13,5.62],[35.13,5.69],[35.01,5.89],[34.99,5.94],[35,6.08],[34.96,6.14],[34.97,6.2],[34.95,6.25],[35,6.35],[34.99,6.38],[35.02,6.44],[35.01,6.47],[34.89,6.6],[34.79,6.59],[34.72,6.65],[34.7,6.69],[34.62,6.74],[34.59,6.73],[34.53,6.76],[34.53,6.85],[34.46,6.92],[34.37,6.91],[34.31,6.95],[34.27,7],[34.19,7.04],[34.19,7.13],[34.1,7.17],[34.04,7.27],[34.04,7.36],[34,7.42],[33.9,7.51],[33.87,7.56],[33.79,7.59],[33.72,7.66],[33.63,7.7],[33.58,7.69],[33.52,7.73],[33.44,7.75],[33.32,7.71],[33.24,7.78],[33.07,7.79],[33.01,7.86],[33,7.95],[33.08,8.02],[33.08,8.07],[33.12,8.11],[33.19,8.13],[33.17,8.2],[33.17,8.3],[33.21,8.33],[33.19,8.38],[33.24,8.45],[33.31,8.47],[33.4,8.44],[33.51,8.47],[33.57,8.45],[33.62,8.47],[33.68,8.44],[33.69,8.39],[33.77,8.37],[33.81,8.4],[33.88,8.41],[33.93,8.45],[34.01,8.46],[34.14,8.53],[34.17,8.59],[34.15,8.96],[34.15,9.03],[34.1,9.56],[34.16,9.77],[34.22,9.89],[34.22,9.93],[34.23,10.05],[34.33,10.12],[34.35,10.22],[34.34,10.28],[34.3,10.4],[34.31,10.45],[34.28,10.54],[34.29,10.59],[34.39,10.68],[34.47,10.81],[34.6,10.91],[34.7,10.82],[34.8,10.72],[34.85,10.73],[34.87,10.79],[34.98,10.86],[34.95,10.95],[35,11.19],[34.94,11.25],[34.99,11.34],[35.05,11.42],[35.05,11.48],[35.08,11.53],[35.08,11.64],[35.04,11.73],[35.09,11.81],[35.27,11.94],[35.31,12.05],[35.66,12.64],[35.7,12.67],[35.77,12.66],[36.01,12.72],[36.14,12.7],[36.17,12.88],[36.13,12.92],[36.16,12.98],[36.16,13.02],[36.25,13.37],[36.4,13.57],[36.41,13.65],[36.49,13.84],[36.45,13.96],[36.53,14.21],[36.54,14.28],[36.52,14.36],[36.46,14.98],[36.43,15.17],[36.55,15.25],[36.61,15.44],[36.7,15.75],[36.76,15.81],[36.92,16.22],[36.97,16.26],[36.95,16.35],[36.96,16.42],[36.91,16.49],[36.9,16.54],[36.92,16.65],[36.98,16.71],[37.01,16.78],[37.01,16.91],[36.99,16.94],[37.03,17.08],[37.16,17.02],[37.25,17.02],[37.31,17.06],[37.4,17.05],[37.5,17.2],[37.5,17.32],[37.58,17.35],[37.74,17.38],[37.79,17.47],[37.83,17.48],[37.9,17.44],[38.05,17.55],[38.09,17.5],[38.13,17.55],[38.19,17.56],[38.26,17.54],[38.27,17.6],[38.34,17.64],[38.45,17.9],[38.58,18.02],[38.79,18.07],[38.75,18.15],[38.83,18.16],[38.89,18.2],[38.93,18.25],[38.96,18.34],[39.01,18.39],[39.05,18.48],[39.06,18.63],[39.04,18.71],[38.99,18.78],[38.97,18.88],[38.93,18.96],[38.83,19.03],[38.75,19.04],[38.68,19.09],[38.58,19.1],[38.5,19.08],[38.42,19.08],[38.39,19.16],[38.4,19.22],[38.37,19.32],[38.27,19.4],[38.19,19.42],[38.12,19.41],[38.11,19.46],[38.06,19.53],[37.95,19.58],[37.87,19.58],[37.79,19.55],[37.71,19.45],[37.7,19.39],[37.63,19.31],[37.6,19.22],[37.54,19.24],[37.53,19.41],[37.5,19.54],[37.46,19.61],[37.47,19.66],[37.48,19.85],[37.47,19.92],[37.42,20.01],[37.43,20.08],[37.41,20.34],[37.45,20.45],[37.46,20.62],[37.52,20.68],[37.55,20.75],[37.55,20.82],[37.49,20.93],[37.53,21.02],[37.53,21.09],[37.51,21.16],[37.46,21.24],[37.35,21.36],[37.31,21.39],[37.19,21.55],[37.12,21.71],[37.09,21.89],[37.09,22],[36.74,22],[36.62,22.01],[36.48,22],[36.1,22],[35.56,22],[35.18,22],[34.51,22],[34.08,22],[34,21.77],[33.55,21.73],[33.17,22],[32.54,22],[32,22],[31.51,22],[31,22],[30.42,22],[29.57,22],[29.02,22],[28.32,22],[27.52,22],[26.99,22],[26.29,22],[25.53,22],[25,22],[25,22.34],[25,23.04],[25,23.57],[25,23.9],[25,24.47],[25,24.79],[25,25.51],[25,25.98],[25,26.41],[25,27.07],[25,27.52],[25,28.12],[25,28.89],[25,29.25],[24.88,29.51],[24.88,29.59],[24.91,29.61],[24.81,29.78],[24.83,29.88],[24.74,30.1],[24.65,30.13],[24.7,30.23],[24.89,30.45],[24.95,30.64],[25.01,30.78],[24.98,30.9],[24.9,31.04],[24.86,31.15],[24.86,31.24],[24.84,31.36],[24.86,31.41],[24.98,31.5],[25.08,31.55],[25.08,31.6],[25.13,31.67],[25.38,31.72],[25.25,32.02],[25.14,32.12],[25.06,32.16],[24.84,32.21],[24.72,32.22],[24.34,32.2],[24.2,32.21],[24.05,32.3],[23.84,32.36],[23.69,32.38],[23.48,32.39],[23.44,32.48],[23.36,32.58],[23.34,32.71],[23.3,32.75],[23.22,32.81],[23.03,32.86],[22.57,33.03],[22.43,33.07],[22.33,33.08],[22.24,33.12],[22.15,33.14],[21.94,33.11],[21.75,33.14],[21.67,33.14],[21.55,33.11],[21.49,33.09],[21.33,32.99],[21.06,32.97],[20.86,32.91],[20.42,32.7],[19.65,32.7],[18.76,32.7],[18.16,32.7],[17.75,32.7],[17.14,32.7],[16.63,32.7],[15.94,32.7],[15.36,32.7],[14.63,32.7],[14.57,32.72],[14.49,32.8],[14.33,32.88],[14.01,32.96],[13.82,33],[13.61,33.02],[13.44,33.09],[13.24,33.12],[13.11,33.1],[12.93,33.03],[12.68,33],[12.49,33.02],[12.3,33.07],[12.04,33.21],[11.92,33.27],[11.66,33.35],[11.56,33.17],[11.53,33.08],[11.53,32.99],[11.5,32.92],[11.5,32.83],[11.48,32.66],[11.6,32.52],[11.6,32.45],[11.55,32.41],[11.03,32.2],[10.86,32.11],[10.8,32],[10.72,31.97],[10.66,31.98],[10.61,31.92],[10.63,31.88],[10.53,31.74],[10.39,31.74],[10.31,31.7],[10.21,31.57],[10.14,31.49],[10.17,31.38],[10.29,31.09],[10.28,31.04],[10.3,30.89],[10.27,30.8],[10.07,30.51],[10.02,30.48],[9.94,30.38],[9.88,30.34],[9.83,30.34],[9.67,30.28],[9.6,30.24],[9.42,30.19],[9.39,30.15],[9.41,30.04],[9.54,29.9],[9.78,29.42],[9.87,29.03],[9.9,28.76],[9.83,28.29],[9.96,27.89],[9.94,27.84],[9.94,27.73],[9.89,27.61],[9.86,27.5],[9.81,27.46],[9.79,27.4],[9.78,27.26],[9.82,27.15],[9.86,26.94],[9.93,26.86],[9.9,26.74],[9.91,26.65],[9.86,26.52],[9.51,26.39],[9.46,26.25],[9.4,26.2],[9.54,26],[10.03,25.36],[10.04,24.97],[10.15,24.78],[10.22,24.65],[10.3,24.6],[10.36,24.54],[10.54,24.53],[10.63,24.57],[10.71,24.57],[10.77,24.51],[10.82,24.57],[10.95,24.53],[11.08,24.41],[11.14,24.39],[11.42,24.2],[11.6,24.26],[12,23.52],[12.58,23.4],[13.42,23.21],[13.54,23.17],[13.62,23.12],[14.23,22.61],[15,23],[16,23.45],[17.79,22.66],[18.15,22.49],[18.63,22.26],[19.19,21.99],[19.67,21.75],[20.26,21.46],[20.74,21.22],[21.27,20.94],[21.66,20.74],[22.27,20.43],[22.83,20.13],[23.5,19.77],[24,19.5],[24,19.07],[24,18.53],[24,17.7],[24,17.1],[24,16.73],[24,16.2],[24,15.7],[23.81,15.75],[23.66,15.77],[23.55,15.77],[23.4,15.7],[23.34,15.69],[23.21,15.72],[23.11,15.71],[22.99,15.58],[22.94,15.56],[22.92,15.48],[22.99,15.41],[23,15.32],[22.98,15.2],[22.94,15.17],[22.92,15.09],[22.86,15.08],[22.75,14.97],[22.75,14.92],[22.68,14.87],[22.72,14.69],[22.63,14.65],[22.52,14.64],[22.41,14.59],[22.38,14.51],[22.45,14.49],[22.44,14.37],[22.46,14.33],[22.43,14.28],[22.48,14.23],[22.56,14.23],[22.58,14.18],[22.54,14.12],[22.43,14.05],[22.39,14.05],[22.29,13.98],[22.23,13.95],[22.07,13.78],[22.12,13.74],[22.12,13.68],[22.17,13.59],[22.22,13.53],[22.22,13.46],[22.29,13.36],[22.18,13.25],[22.14,13.17],[22.07,13.14],[22.02,13.14],[21.97,13.07],[21.93,13.05],[21.85,12.85],[21.82,12.82],[21.86,12.78],[21.86,12.73],[21.94,12.65],[21.94,12.62],[22.14,12.66],[22.19,12.7],[22.21,12.74],[22.28,12.7],[22.46,12.62],[22.43,12.52],[22.39,12.46],[22.43,12.38],[22.45,12.26],[22.5,12.17],[22.48,12.03],[22.64,12.07],[22.61,12],[22.55,11.67],[22.56,11.62],[22.64,11.52],[22.78,11.46],[22.79,11.4],[22.93,11.42],[22.98,11.22],[22.92,11.07],[22.88,10.9],[23.01,10.7],[23.15,10.6],[23.25,10.49],[23.31,10.46],[23.67,9.87],[23.7,9.67],[23.63,9.55],[23.63,9.45],[23.67,9.44],[23.64,9.35],[23.65,9.28],[23.55,9.18],[23.49,9.17],[23.47,9.12],[23.46,8.99],[23.53,8.96],[23.58,8.99],[23.58,8.9],[23.5,8.77],[23.53,8.71],[23.6,8.73],[23.73,8.71],[23.83,8.73],[23.93,8.72],[24.13,8.69],[24.17,8.7],[24.25,8.68],[24.23,8.63],[24.27,8.59],[24.16,8.47],[24.14,8.38],[24.16,8.33],[24.23,8.29],[24.33,8.27],[24.47,8.27],[24.48,8.23],[24.54,8.21],[24.63,8.22],[24.8,8.2],[24.86,8.17],[24.91,8.03],[24.97,7.98],[25.05,7.94],[25.09,7.9],[25.18,7.91],[25.25,7.85],[25.28,7.78],[25.29,7.65],[25.23,7.63],[25.17,7.57],[25.2,7.49],[25.29,7.47],[25.34,7.43],[25.37,7.34],[25.41,7.34],[25.48,7.27],[25.54,7.28],[25.57,7.24],[25.65,7.2],[25.82,7.16],[25.84,7.11],[25.89,7.1],[25.94,7.04],[26.04,7],[26.08,6.85],[26.11,6.82],[26.18,6.81],[26.18,6.76],[26.25,6.74],[26.41,6.65],[26.4,6.62],[26.32,6.51],[26.3,6.4],[26.4,6.31],[26.49,6.28],[26.47,6.22],[26.53,6.22],[26.51,6.12],[26.57,6.03],[26.66,6],[26.7,6.02],[26.78,6],[26.83,5.9],[26.92,5.9],[26.93,5.86],[26.99,5.86],[27.07,5.8],[27.1,5.81],[27.2,5.74],[27.28,5.6],[27.23,5.43],[27.25,5.32],[27.3,5.28],[27.32,5.22],[27.41,5.15],[27.44,5.07],[27.26,5.15],[27.23,5.15],[27.14,5.21],[27.09,5.21],[26.93,5.14],[26.86,5.04],[26.75,5.11],[26.66,5.08],[26.57,5.08],[26.52,5.05],[26.39,5.15],[26.29,5.16],[26.21,5.2],[26.16,5.26],[26.09,5.25],[26.06,5.2],[25.98,5.25],[25.95,5.2],[25.83,5.2],[25.78,5.26],[25.75,5.24],[25.71,5.3],[25.6,5.34],[25.58,5.38],[25.44,5.34],[25.34,5.26],[25.31,5.19],[25.34,5.11],[25.31,5.03],[25.25,5.03],[25.09,4.98],[25.06,4.93],[24.96,4.99],[24.91,4.95],[24.8,4.93],[24.78,4.9],[24.68,4.91],[24.67,4.97],[24.62,5.01],[24.57,5.03],[24.53,5.08],[24.47,5.1],[24.41,5.1],[24.36,5.07],[24.39,5.03],[24.28,5],[24.14,4.9],[24.11,4.92],[24.05,4.87],[23.96,4.87],[23.96,4.81],[23.89,4.83],[23.83,4.83],[23.77,4.78],[23.59,4.76],[23.5,4.68],[23.43,4.65],[23.43,4.6],[23.33,4.61],[23.27,4.67],[23.23,4.68],[23.16,4.74],[23.11,4.71],[23.01,4.76],[22.98,4.83],[22.9,4.81],[22.89,4.75],[22.84,4.7],[22.78,4.71],[22.74,4.63],[22.73,4.56],[22.69,4.47],[22.6,4.48],[22.58,4.34],[22.54,4.29],[22.55,4.21],[22.46,4.12],[22.55,4.14],[22.67,4.12],[22.68,4.09],[22.75,4.07],[22.81,4.02],[22.78,3.89],[22.82,3.86],[22.9,3.84],[22.97,3.87],[23.07,3.86],[23.09,3.88],[23.18,3.85],[23.21,3.87],[23.26,3.84],[23.34,3.85],[23.38,3.81],[23.41,3.84],[23.47,3.82],[23.53,3.82],[23.52,3.77],[23.39,3.67],[23.35,3.7],[23.32,3.76],[23.24,3.79],[23.15,3.72],[23.09,3.7],[23.08,3.64],[23.02,3.62],[22.99,3.58],[22.91,3.57],[22.66,3.44],[22.62,3.39],[22.62,3.33],[22.65,3.28],[22.59,3.2],[22.6,3.15],[22.66,3.15],[22.78,3.11],[22.78,3.05],[22.86,3.02],[22.91,3.08],[23.01,3.07],[23.05,3.03],[23.02,2.96],[22.95,2.85],[22.91,2.81],[22.88,2.76],[22.9,2.72],[23.03,2.58],[23.33,2.49],[23.35,2.56],[23.54,2.45],[23.57,2.4],[23.56,2.36],[23.58,2.19],[23.48,2.18],[23.32,2.28],[23.31,2.2],[23.33,2.14],[23.31,2.09],[23.18,2.1],[23.11,2.17],[23.03,2.22],[23.01,2.18],[22.93,2.14],[22.92,2.09],[22.78,2.01],[22.68,2.08],[22.65,2.11],[22.45,2.14],[22.36,2.17],[22.36,2.06],[22.41,2.05],[22.47,1.98],[22.49,1.93],[22.43,1.87],[22.42,1.81],[22.36,1.79],[22.39,1.75],[22.37,1.71],[22.28,1.66],[22.26,1.53],[22.49,1.48],[22.63,1.38],[22.73,1.23],[22.76,1.13],[22.78,1.11],[22.84,1],[22.85,0.87],[22.88,0.82],[22.88,0.73],[22.91,0.67],[22.98,0.6],[22.93,0.56],[22.95,0.48],[23.02,0.34],[23.08,0.28],[23.14,0.16],[23.25,0.04],[23.32,-0.09],[23.36,-0.11],[23.41,-0.24],[23.11,-0.24],[23.06,-0.29],[22.95,-0.41],[23.25,-0.41],[23.25,-0.52],[23.31,-0.49],[23.42,-0.46],[23.48,-0.47],[23.56,-0.45],[23.61,-0.5],[23.61,-0.54],[23.68,-0.54],[23.67,-0.63],[23.62,-0.64],[23.59,-0.72],[23.49,-0.73],[23.48,-0.78],[23.52,-0.92],[23.55,-0.97],[23.63,-1.04],[23.8,-1.11],[23.85,-1.16],[23.9,-1.17],[24.01,-1.21],[24.06,-1.24],[24.13,-1.25],[24.13,-1.32],[24.26,-1.31],[24.32,-1.32],[24.32,-1.43],[24.37,-1.52],[24.41,-1.72],[24.21,-1.69],[24.21,-1.73],[24.14,-1.75],[24.04,-1.75],[24.01,-1.76],[23.99,-1.87],[23.88,-1.83],[23.84,-1.83],[23.86,-1.9],[23.85,-1.94],[23.77,-1.96],[23.71,-2.01],[23.62,-2.02],[23.53,-1.99],[23.49,-2.04],[23.4,-2.09],[23.34,-2.07],[23.27,-2.02],[23.19,-2.01],[23.1,-1.96],[23.02,-1.93],[22.94,-1.96],[22.91,-1.91],[22.82,-1.86],[22.76,-1.85],[22.69,-1.81],[22.64,-1.82],[22.52,-1.96],[22.32,-1.94],[22.21,-1.91],[22.16,-1.93],[22.2,-2.01],[22.23,-2.2],[22.29,-2.36],[22.3,-2.42],[22.25,-2.47],[22.2,-2.45],[22.18,-2.41],[22.2,-2.34],[22.15,-2.28],[22.12,-2.29],[22.06,-2.36],[21.95,-2.42],[21.82,-2.57],[21.7,-2.67],[21.66,-2.66],[21.52,-2.55],[21.42,-2.51],[21.35,-2.52],[21.27,-2.48],[21.22,-2.53],[21.01,-2.53],[20.92,-2.57],[20.86,-2.57],[20.84,-2.62],[20.74,-2.77],[20.66,-3.28],[20.64,-3.5],[20.66,-3.74],[20.66,-3.87],[20.67,-3.95],[20.68,-4.13],[20.63,-4.16],[20.6,-4.22],[20.44,-4.29],[20.38,-4.29],[20.32,-4.38],[20.23,-4.37],[20.21,-4.33],[20.16,-4.34],[20.13,-4.28],[20.03,-4.28],[20.04,-4.36],[20.12,-4.5],[20.06,-4.59],[20.07,-4.68],[20.05,-4.79],[20.1,-4.87],[20.11,-4.97],[20.14,-5.04],[20.18,-5.09],[20.2,-5.18],[20.2,-5.28],[20.13,-5.36],[20.13,-5.42],[20.14,-5.58],[20.18,-5.63],[20.18,-5.7],[20.15,-5.78],[20.11,-5.84],[20.05,-5.87],[20.02,-5.95],[19.96,-5.99],[19.83,-6.06],[19.81,-6.09],[19.68,-6.18],[19.67,-6.24],[19.69,-6.37],[19.72,-6.43],[19.7,-6.54],[19.72,-6.61],[19.81,-6.7],[19.82,-6.74],[19.95,-6.9],[19.97,-7],[20.3,-7],[20.32,-6.92],[20.62,-6.92],[20.63,-6.95],[20.6,-7.06],[20.56,-7.12],[20.55,-7.28],[21.12,-7.28],[21.79,-7.28],[21.84,-7.37],[21.86,-7.45],[21.84,-7.53],[21.85,-7.6],[21.78,-7.77],[21.78,-7.91],[21.75,-7.94],[21.77,-8.03],[21.82,-8.07],[21.89,-8.25],[21.92,-8.31],[21.92,-8.4],[21.95,-8.44],[21.95,-8.5],[21.92,-8.57],[21.89,-8.7],[21.9,-8.78],[21.87,-8.88],[21.83,-9.06],[21.86,-9.19],[21.81,-9.33],[21.79,-9.41],[21.83,-9.46],[21.86,-9.59],[21.94,-9.71],[22,-9.76],[22.01,-9.82],[22.07,-9.87],[22.15,-9.89],[22.19,-9.93],[22.22,-10.05],[22.22,-10.16],[22.24,-10.22],[22.27,-10.26],[22.32,-10.38],[22.27,-10.51],[22.31,-10.53],[22.32,-10.72],[22.31,-10.78],[22.27,-10.79],[22.17,-10.85],[22.2,-10.93],[22.22,-11.11],[22.27,-11.18],[22.27,-11.26],[22.35,-11.18],[22.44,-11.18],[22.5,-11.11],[22.49,-11.06],[22.58,-11.03],[22.71,-11.11],[22.77,-11.12],[22.85,-11.06],[22.91,-11.09],[23.04,-11.09],[23.08,-11.11],[23.15,-11.08],[23.2,-11.11],[23.26,-11.05],[23.4,-10.96],[23.48,-10.94],[23.53,-10.95],[23.6,-10.99],[23.67,-11],[23.78,-10.99],[23.86,-11.04],[23.9,-10.98],[23.99,-10.92],[24.02,-10.94],[24.01,-11.08],[24.03,-11.13],[24.03,-11.27],[24.06,-11.31],[24.09,-11.4],[24.02,-11.45],[24.04,-11.53],[24,-11.59],[23.97,-11.68],[24.02,-11.83],[23.98,-11.91],[23.98,-12.17],[24.04,-12.23],[24.08,-12.36],[24.04,-12.43],[23.95,-12.55],[23.96,-12.6],[23.92,-12.67],[23.89,-12.84],[23.94,-12.9],[23.98,-12.9],[24.06,-13],[23.67,-13],[23.12,-13],[22.65,-13],[22,-13],[22,-13.44],[22,-14.26],[22,-14.74],[22,-15.41],[22,-16.21],[22.07,-16.27],[22.13,-16.38],[22.14,-16.49],[22.19,-16.55],[22.26,-16.6],[22.42,-16.75],[22.49,-16.84],[22.56,-16.88],[22.79,-17.12],[22.8,-17.17],[23,-17.27],[23.09,-17.41],[23.14,-17.47],[23.18,-17.47],[23.23,-17.54],[23.34,-17.55],[23.43,-17.64],[23,-17.72],[22.18,-17.88],[21.43,-18.03],[21.36,-17.98],[21.24,-17.96],[21.22,-17.93],[20.98,-17.96],[20.84,-18.04],[20.74,-18.01],[20.7,-18.01],[20.64,-17.98],[20.55,-17.99],[20.46,-17.92],[20.33,-17.87],[20.25,-17.89],[20.17,-17.88],[20.11,-17.91],[20.06,-17.89],[20.02,-17.9],[19.91,-17.86],[19.86,-17.88],[19.81,-17.87],[19.76,-17.91],[19.67,-17.85],[19.57,-17.87],[19.41,-17.87],[19.33,-17.85],[19.27,-17.82],[19.23,-17.83],[19.14,-17.81],[19.12,-17.84],[19.03,-17.84],[18.89,-17.82],[18.83,-17.77],[18.79,-17.77],[18.57,-17.58],[18.54,-17.52],[18.42,-17.39],[17.63,-17.39],[16.89,-17.39],[16.11,-17.39],[15.58,-17.39],[15.2,-17.39],[14.64,-17.39],[14.22,-17.39],[14.21,-17.41],[14.1,-17.44],[14.01,-17.42],[13.96,-17.43],[13.87,-17.34],[13.68,-17.25],[13.64,-17.21],[13.51,-17.13],[13.52,-17.09],[13.46,-17.01],[13.35,-16.97],[13.28,-16.99],[13.17,-16.96],[13.09,-16.98],[12.99,-16.98],[12.92,-17.02],[12.81,-17.12],[12.67,-17.17],[12.6,-17.23],[12.46,-17.26],[12.42,-17.21],[12.25,-17.24],[12.16,-17.16],[12.08,-17.14],[11.93,-17.19],[11.79,-17.27],[11.75,-17.25],[11.54,-17.25]]],[[[-5.5,-86],[0,-86],[0,-68],[-5.5,-69],[-5.5,-86]]],[[[22.79,54.36],[22.7,54.45],[22.69,54.59],[22.75,54.63],[22.74,54.73],[22.87,54.79],[22.86,54.89],[22.73,54.96],[22.6,55.01],[22.59,55.07],[22.47,55.04],[22.29,55.06],[22.16,55.06],[22.1,55.02],[21.97,55.07],[21.72,55.13],[21.65,55.18],[21.51,55.19],[21.38,55.29],[21.27,55.25],[21.1,55.26],[20.95,55.28],[20.66,55.38],[20.4,55.18],[20.2,55.16],[19.95,55.16],[19.82,55.14],[19.7,55.08],[19.61,54.98],[19.58,54.91],[19.62,54.83],[19.58,54.74],[19.4,54.6],[19.65,54.45],[20.33,54.4],[20.62,54.37],[21.01,54.35],[21.27,54.33],[21.5,54.32],[22.26,54.34],[22.79,54.36]]]]},"properties":{"tzid":"Africa/Johannesburg"}},
{"type":"Feature","geometry":{"type":"MultiPolygon","coordinates":[[[[34.73,26.49],[34.68,26.46],[34.62,26.35],[34.63,26.27],[34.66,26.2],[34.74,26.13],[34.82,26.1],[34.93,26.11],[34.98,26.13],[35.06,26.2],[35.09,26.31],[35.04,26.43],[34.92,26.5],[34.84,26.51],[34.73,26.49]]],[[[25.38,31.72],[25.13,31.67],[25.08,31.6],[25.08,31.55],[24.98,31.5],[24.86,31.41],[24.84,31.36],[24.86,31.24],[24.86,31.15],[24.9,31.04],[24.98,30.9],[25.01,30.78],[24.95,30.64],[24.89,30.45],[24.7,30.23],[24.65,30.13],[24.74,30.1],[24.83,29.88],[24.81,29.78],[24.91,29.61],[24.88,29.59],[24.88,29.51],[25,29.25],[25,28.89],[25,28.12],[25,27.52],[25,27.07],[25,26.41],[25,25.98],[25,25.51],[25,24.79],[25,24.47],[25,23.9],[25,23.57],[25,23.04],[25,22.34],[25,22],[25.53,22],[26.29,22],[26.99,22],[27.52,22],[28.32,22],[29.02,22],[29.57,22],[30.42,22],[31,22],[31.51,22],[32,22],[32.54,22],[33.17,22],[33.55,21.73],[34,21.77],[34.08,22],[34.51,22],[35.18,22],[35.56,22],[36.1,22],[36.48,22],[36.62,22.01],[36.74,22],[37.09,22],[37.12,22.07],[37.1,22.13],[37.02,22.34],[36.99,22.39],[36.93,22.44],[36.84,22.48],[36.8,22.66],[36.75,22.74],[36.55,22.96],[36.56,23.57],[36.54,23.66],[36.47,23.73],[35.98,24.03],[35.93,24.21],[35.9,24.27],[35.79,24.41],[35.53,24.58],[35.41,24.72],[35.39,24.87],[35.06,25.44],[35.02,25.49],[34.87,25.61],[34.78,25.81],[34.5,26.19],[34.32,26.77],[34.28,26.86],[34.23,26.92],[34.22,27.18],[34.25,27.37],[34.45,27.61],[34.52,27.71],[34.48,27.79],[34.46,27.9],[34.47,28.02],[34.54,28.19],[34.55,28.28],[34.62,28.43],[34.68,28.58],[34.69,28.67],[34.74,28.84],[34.73,28.91],[34.76,28.95],[34.76,29.05],[34.82,29.19],[34.83,29.27],[34.92,29.45],[34.88,29.54],[34.88,29.64],[34.85,29.76],[34.71,30.12],[34.61,30.37],[34.54,30.41],[34.56,30.49],[34.52,30.53],[34.5,30.68],[34.4,30.86],[34.27,31.22],[34.22,31.33],[34.05,31.47],[33.89,31.39],[33.68,31.33],[33.59,31.32],[33.51,31.36],[33.28,31.42],[33.14,31.44],[33.06,31.43],[32.95,31.39],[32.83,31.34],[32.65,31.29],[32.52,31.43],[32.46,31.47],[32.39,31.5],[32.24,31.53],[32.11,31.65],[32.03,31.7],[31.95,31.73],[31.87,31.74],[31.77,31.72],[31.61,31.66],[31.27,31.77],[31.17,31.8],[30.96,31.79],[30.5,31.67],[30.37,31.7],[30.3,31.7],[30.22,31.67],[29.98,31.53],[29.66,31.32],[29.43,31.22],[29.3,31.18],[29.05,31.08],[28.92,31.16],[28.67,31.24],[28.44,31.29],[28.09,31.3],[28.04,31.38],[27.97,31.42],[27.89,31.45],[27.81,31.44],[27.61,31.4],[27.52,31.51],[27.46,31.55],[27.39,31.57],[27.15,31.6],[27.04,31.65],[26.7,31.72],[26.29,31.8],[25.91,31.83],[25.83,31.83],[25.38,31.72]]]]},"properties":{"tzid":"Africa/Cairo"}},
{"type":"Feature","geometry":{"type":"Polygon","coordinates":[[[-6.06,35.96],[-6.12,35.91],[-6.18,35.81],[-6.23,35.64],[-6.45,35.15],[-6.51,34.97],[-6.58,34.84],[-6.79,34.5],[-6.87,34.39],[-7,34.18],[-7.17,34.04],[-7.35,33.97],[-7.5,33.9],[-7.76,33.79],[-8.4,33.55],[-8.63,33.45],[-8.71,33.39],[-8.93,33.13],[-9.24,32.87],[-9.38,32.76],[-9.48,32.65],[-9.52,32.56],[-9.52,32.36],[-9.55,32.15],[-9.63,32.08],[-9.84,31.87],[-10,31.59],[-10.06,31.46],[-10.07,31.38],[-10.07,31.11],[-10.09,30.88],[-10.12,30.65],[-10.11,30.59],[-10.06,30.48],[-9.95,30.45],[-9.86,30.38],[-9.82,30.28],[-9.98,30.01],[-10.02,29.95],[-10.19,29.79],[-10.36,29.52],[-10.51,29.37],[-10.61,29.25],[-10.77,29.13],[-11.04,29],[-11.28,28.86],[-11.42,28.72],[-11.49,28.67],[-11.62,28.49],[-11.67,28.47],[-11.88,28.41],[-12.1,28.32],[-12.49,28.21],[-12.62,28.19],[-12.8,28.19],[-13.01,28.15],[-13.07,28.1],[-13.22,27.91],[-13.31,27.86],[-13.36,27.8],[-13.42,27.67],[-13.45,27.56],[-13.52,27.39],[-13.61,27.26],[-13.67,27.14],[-13.68,27.03],[-13.75,26.85],[-13.84,26.79],[-14.05,26.68],[-14.1,26.64],[-14.27,26.61],[-14.34,26.57],[-14.43,26.46],[-14.55,26.41],[-14.67,26.28],[-14.72,26.15],[-14.71,26.05],[-14.78,25.93],[-14.84,25.86],[-14.9,25.68],[-14.91,25.62],[-14.99,25.5],[-15.05,25.32],[-15.06,25.24],[-15.07,25.1],[-15.05,25.01],[-15.05,24.93],[-15.1,24.8],[-15.17,24.75],[-15.19,24.7],[-15.31,24.64],[-15.39,24.57],[-15.5,24.43],[-15.56,24.39],[-15.75,24.21],[-15.78,24.17],[-15.95,24.07],[-16.08,23.94],[-16.19,23.75],[-16.22,23.68],[-16.22,23.6],[-16.19,23.49],[-16.25,23.43],[-16.33,23.28],[-16.39,23.21],[-16.42,23.11],[-16.43,23.06],[-16.5,22.97],[-16.55,22.8],[-16.56,22.68],[-16.64,22.57],[-16.66,22.5],[-16.73,22.49],[-16.81,22.46],[-16.99,22.29],[-17.03,22.25],[-17.05,22.12],[-17.11,21.98],[-17.16,21.89],[-17.2,21.74],[-17.2,21.58],[-17.24,21.4],[-17.26,21.23],[-17.28,21.05],[-17.31,20.96],[-17.32,20.82],[-17.28,20.73],[-17.24,20.67],[-17.05,20.77],[-17.07,20.89],[-17.03,21.06],[-16.99,21.14],[-16.95,21.33],[-16.49,21.34],[-15.91,21.34],[-15.17,21.34],[-14.85,21.34],[-14.29,21.34],[-13.54,21.34],[-13,21.34],[-13.05,22.09],[-13.08,22.54],[-13.15,22.76],[-13.11,22.89],[-13,23.02],[-12.57,23.29],[-12.37,23.32],[-12.16,23.42],[-12,23.45],[-12,23.83],[-12,24.37],[-12,24.77],[-12,25.23],[-12,26],[-11.58,26],[-11.1,26],[-10.37,26],[-9.93,26],[-9.43,26],[-8.67,26],[-8.67,26.77],[-8.67,27.31],[-8.67,27.94],[-8.67,28.67],[-8.57,28.75],[-8.46,28.79],[-8.35,28.89],[-8.2,28.98],[-7.96,29.12],[-7.87,29.19],[-7.77,29.26],[-7.63,29.3],[-7.61,29.37],[-7.49,29.36],[-7.35,29.39],[-7.26,29.47],[-7.15,29.52],[-7.02,29.49],[-6.91,29.5],[-6.78,29.46],[-6.72,29.51],[-6.62,29.53],[-6.53,29.52],[-6.47,29.56],[-6.17,29.58],[-6.07,29.56],[-5.94,29.59],[-5.81,29.61],[-5.73,29.59],[-5.65,29.5],[-5.57,29.48],[-5.32,29.79],[-5.29,29.88],[-5.24,29.93],[-5.12,30],[-4.94,30.14],[-4.61,30.28],[-4.49,30.37],[-4.33,30.52],[-4.15,30.59],[-4,30.59],[-3.89,30.61],[-3.82,30.59],[-3.64,30.69],[-3.63,30.74],[-3.65,30.84],[-3.56,30.93],[-3.54,31.01],[-3.61,31.08],[-3.67,31.1],[-3.68,31.17],[-3.76,31.18],[-3.79,31.24],[-3.76,31.26],[-3.76,31.33],[-3.66,31.38],[-3.66,31.63],[-2.82,31.79],[-2.84,31.88],[-2.93,32.04],[-2.87,32.11],[-2.6,32.11],[-2.54,32.15],[-2.28,32.17],[-2.18,32.14],[-2.01,32.18],[-1.97,32.16],[-1.9,32.16],[-1.75,32.12],[-1.58,32.09],[-1.51,32.1],[-1.41,32.09],[-1.22,32.08],[-1.15,32.13],[-1.19,32.17],[-1.26,32.16],[-1.23,32.29],[-1.25,32.32],[-1.19,32.41],[-1.13,32.41],[-1.06,32.45],[-1,32.52],[-1.27,32.7],[-1.4,32.76],[-1.54,32.96],[-1.49,32.98],[-1.46,33.04],[-1.58,33.15],[-1.61,33.21],[-1.67,33.28],[-1.66,33.38],[-1.59,33.53],[-1.6,33.62],[-1.65,33.68],[-1.73,33.7],[-1.68,33.76],[-1.7,33.87],[-1.65,34.11],[-1.7,34.2],[-1.71,34.31],[-1.78,34.39],[-1.69,34.49],[-1.75,34.52],[-1.84,34.63],[-1.74,34.74],[-1.86,34.8],[-1.89,34.84],[-1.97,34.88],[-1.97,34.94],[-2.04,34.92],[-2.21,35.06],[-2.21,35.34],[-2.51,35.43],[-2.61,35.44],[-2.66,35.41],[-2.92,35.29],[-2.96,35.32],[-2.71,35.5],[-2.82,35.59],[-2.98,35.64],[-3.07,35.62],[-3.18,35.56],[-3.3,35.44],[-3.63,35.48],[-3.97,35.45],[-4.3,35.39],[-4.58,35.41],[-4.84,35.55],[-5.02,35.75],[-5.02,35.83],[-5.23,35.83],[-5.37,35.88],[-5.4,36],[-5.67,35.94],[-5.89,35.96],[-6.06,35.96]]]},"properties":{"tzid":"Africa/Casablanca"}},
{"type":"Feature","geometry":{"type":"MultiPolygon","coordinates":[[[[-5.02,35.83],[-5.04,35.96],[-5.11,36.05],[-5.34,36.01],[-5.28,36.15],[-5.07,36.14],[-4.9,36.27],[-4.68,36.29],[-4.52,36.33],[-4.04,36.52],[-3.97,36.52],[-3.41,36.49],[-3.19,36.54],[-2.82,36.48],[-2.68,36.48],[-2.17,36.52],[-2,36.56],[-1.88,36.64],[-1.66,36.87],[-1.58,37.08],[-1.35,37.25],[-1.05,37.34],[-0.85,37.36],[-0.6,37.42],[-0.47,37.51],[-0.42,37.57],[-0.39,37.65],[-0.39,37.92],[-0.27,38.03],[-0.22,38.11],[-0.18,38.23],[0.06,38.36],[0.24,38.47],[0.44,38.61],[0.5,38.73],[0.47,38.84],[0.42,38.91],[0.31,38.99],[0.05,39.25],[0.05,39.58],[0.61,40.23],[1.07,40.58],[1.11,40.61],[1.38,40.92],[1.51,40.95],[1.57,40.98],[1.81,41.01],[2,41.06],[2.09,41.07],[2.22,41.1],[2.72,41.41],[2.91,41.47],[3.11,41.56],[3.36,41.72],[3.46,41.82],[3.5,41.91],[3.6,42.28],[3.6,42.36],[3.56,42.44],[3.45,42.44],[3.39,42.59],[3.31,42.67],[3.31,42.81],[3.34,42.98],[3.43,43.07],[3.6,43.08],[3.7,43.12],[3.78,43.2],[3.87,43.23],[4,43.3],[4.13,43.27],[4.3,43.26],[4.46,43.18],[4.79,43.12],[4.94,43.13],[5.06,43.04],[5.15,43.01],[5.34,42.97],[5.51,42.96],[5.71,42.87],[6.14,42.79],[6.41,42.79],[6.48,42.8],[6.61,42.85],[6.75,42.93],[6.92,43.1],[6.97,43.23],[7.3,43.38],[7.5,43.52],[7.72,42.95],[7.76,42.97],[7.53,43.54],[7.63,43.58],[7.73,43.58],[8.05,43.66],[8.26,43.74],[8.4,43.83],[8.46,43.91],[8.64,44.07],[8.71,44.16],[8.75,44.19],[8.88,44.19],[9.15,44.09],[9.29,44.06],[9.69,43.86],[9.79,43.82],[9.87,43.82],[9.94,43.7],[9.7,43.58],[9.62,43.48],[9.56,43.19],[9.48,43.22],[9.36,43.22],[9.27,43.2],[9.14,43.13],[9.08,43.04],[9.05,42.93],[8.87,42.84],[8.56,42.74],[8.48,42.68],[8.39,42.55],[8.33,42.5],[8.28,42.43],[8.27,42.23],[8.32,41.96],[8.32,41.85],[8.33,41.8],[8.43,41.63],[8.58,41.43],[8.72,41.31],[8.81,41.26],[8.79,41.23],[8.5,41.27],[8.44,41.3],[8.32,41.32],[8.21,41.31],[8.1,41.25],[7.99,41.14],[7.91,40.97],[7.87,40.76],[7.87,40.6],[7.9,40.49],[8.1,40.29],[8.02,39.99],[8.02,39.84],[8.05,39.79],[8.17,39.69],[8.12,39.49],[8.11,39.43],[7.98,39.25],[7.95,39.14],[7.98,39.05],[8.18,38.76],[8.21,38.72],[8.33,38.67],[8.42,38.66],[8.65,38.66],[8.87,38.67],[8.99,38.7],[9.17,38.82],[9.59,38.88],[9.71,38.93],[9.83,39.03],[9.87,39.12],[9.89,39.28],[9.94,39.69],[9.98,39.91],[10,40.06],[10.06,40.4],[10.09,40.47],[10.08,40.59],[10.02,40.78],[10.04,40.83],[10.03,40.94],[9.96,41.04],[9.9,41.1],[9.84,41.2],[9.78,41.25],[9.76,41.31],[9.66,41.39],[9.63,41.43],[9.65,41.49],[9.67,41.7],[9.68,41.89],[9.79,42.01],[9.82,42.09],[9.82,42.24],[10,42.16],[10.23,42.12],[10.32,42.11],[10.85,42.11],[11.04,42.04],[11.61,41.92],[11.65,41.88],[12.03,41.6],[12.22,41.52],[12.38,41.37],[12.58,40.92],[12.62,40.81],[12.67,40.76],[12.87,40.68],[13.04,40.64],[13.78,40.5],[14.07,40.36],[14.75,40.08],[15.1,39.87],[15.17,39.84],[15.33,39.79],[15.54,39.7],[15.55,39.63],[15.64,39.47],[15.76,39.34],[15.8,39.25],[15.8,39.13],[15.83,39.04],[15.76,38.86],[15.68,38.82],[15.61,38.74],[15.58,38.68],[15.53,38.5],[15.27,38.48],[15.34,38.54],[15.37,38.61],[15.45,38.68],[15.51,38.78],[15.51,38.87],[15.47,38.93],[15.38,38.99],[15.24,39.02],[15.12,39],[15.06,38.97],[14.96,38.9],[14.93,38.82],[14.88,38.79],[14.76,38.78],[14.69,38.76],[14.63,38.78],[14.49,38.79],[14.38,38.76],[14.23,38.74],[14.12,38.66],[14.08,38.54],[14.1,38.46],[14.15,38.4],[14.23,38.35],[14.3,38.33],[14.41,38.33],[14.5,38.36],[14.62,38.35],[14.02,38.25],[13.64,38.3],[13.46,38.39],[13.35,38.42],[13.27,38.42],[13.08,38.39],[12.64,38.38],[12.57,38.35],[12.41,38.25],[12.29,38.22],[12,38.19],[11.86,38.14],[11.79,38.06],[11.78,37.97],[11.82,37.86],[11.93,37.78],[12.22,37.66],[12.26,37.59],[12.34,37.51],[12.5,37.41],[12.62,37.36],[12.93,37.3],[13.19,37.19],[13.52,37.02],[13.75,36.92],[14.36,36.61],[14.64,36.52],[15.02,36.45],[15.09,36.44],[15.19,36.46],[15.27,36.49],[15.38,36.6],[15.57,36.91],[15.59,37.02],[15.56,37.11],[15.51,37.28],[15.44,37.57],[15.46,37.64],[15.55,37.78],[15.66,37.73],[15.79,37.71],[15.9,37.72],[16.01,37.71],[16.13,37.73],[16.24,37.78],[16.29,37.82],[16.66,38.2],[16.77,38.29],[17.37,38.82],[17.41,38.88],[17.46,38.97],[17.46,39.08],[17.41,39.23],[17.41,39.26],[17.94,39.43],[18.47,39.6],[18.57,39.66],[18.64,39.75],[18.77,40.04],[18.78,40.1],[18.76,40.21],[18.69,40.35],[18.64,40.41],[18.41,40.6],[18.23,40.77],[18.15,40.83],[18.02,40.88],[17.9,40.91],[17.81,40.95],[17.65,40.99],[17.49,41.11],[17.3,41.21],[16.99,41.32],[16.72,41.39],[16.54,41.47],[16.47,41.78],[16.47,41.82],[16.44,41.96],[16.41,42.01],[16.23,42.11],[16.12,42.15],[16.01,42.17],[16.02,42.25],[15.97,42.35],[15.82,42.42],[15.69,42.42],[15.61,42.4],[15.53,42.34],[15.42,42.33],[15.06,42.23],[14.88,42.34],[14.73,42.38],[14.61,42.5],[14.44,42.59],[14.31,42.71],[14.21,42.87],[14.14,43.06],[14.11,43.17],[14.04,43.3],[13.96,43.43],[13.87,43.65],[13.73,43.76],[13.61,43.82],[13.44,43.85],[13.07,44.09],[12.9,44.15],[12.83,44.17],[12.76,44.24],[12.63,44.33],[12.57,44.49],[12.57,44.57],[12.79,44.86],[12.83,44.95],[12.86,45.35],[13.05,45.43],[13.13,45.43],[13.21,45.46],[13.26,45.34],[13.29,45.12],[13.35,44.96],[13.48,44.8],[13.7,44.6],[14.13,44.34],[14.4,44.19],[14.65,43.99],[14.78,43.92],[14.86,43.83],[15.06,43.66],[15.27,43.54],[15.44,43.45],[15.78,43.34],[15.86,43.3],[15.92,43.23],[15.88,43.21],[15.77,43.24],[15.67,43.22],[15.52,43.29],[15.38,43.28],[15.3,43.25],[15.22,43.2],[15.19,43.12],[15.2,43.02],[15.24,42.97],[15.33,42.92],[15.5,42.89],[15.58,42.84],[15.75,42.81],[15.81,42.81],[15.92,42.76],[16,42.75],[16.12,42.78],[16.23,42.81],[16.22,42.72],[16.28,42.59],[16.19,42.59],[16.09,42.55],[16.01,42.48],[15.99,42.42],[15.99,42.34],[16.07,42.24],[16.14,42.21],[16.3,42.18],[16.43,42.19],[16.5,42.22],[16.57,42.28],[16.61,42.34],[16.6,42.44],[16.51,42.55],[16.6,42.57],[16.8,42.52],[16.92,42.52],[17.19,42.57],[17.28,42.57],[17.4,42.55],[17.48,42.52],[17.57,42.51],[17.87,42.45],[18.09,42.39],[18.2,42.33],[18.27,42.28],[18.43,42.2],[18.52,42.17],[18.65,42.09],[18.73,42.07],[18.83,42],[18.87,41.95],[18.92,41.85],[19,41.78],[19.21,41.68],[19.18,41.63],[19.13,41.46],[19.13,41.4],[19.17,41.15],[19.11,40.87],[19.05,40.72],[19,40.5],[19.04,40.36],[19.11,40.27],[19.18,40.17],[19.31,40.06],[19.45,40.03],[19.62,40.01],[19.76,39.92],[19.96,39.83],[19.98,39.79],[19.93,39.69],[19.99,39.64],[20.02,39.7],[20.13,39.65],[20.22,39.65],[20.23,39.69],[20.32,39.73],[20.3,39.82],[20.39,39.79],[20.41,39.84],[20.32,39.97],[20.39,40],[20.45,40.07],[20.55,40.06],[20.68,40.1],[20.68,40.19],[20.72,40.22],[20.71,40.28],[20.79,40.36],[20.79,40.43],[20.84,40.48],[20.97,40.49],[20.97,40.52],[21.04,40.56],[21.06,40.67],[20.96,40.77],[20.98,40.85],[21.16,40.86],[21.21,40.88],[21.27,40.86],[21.36,40.88],[21.42,40.92],[21.53,40.91],[21.6,40.87],[21.71,40.94],[21.76,40.93],[21.8,40.97],[21.91,41.05],[21.97,41.13],[22.07,41.16],[22.13,41.12],[22.22,41.17],[22.42,41.12],[22.62,41.13],[22.65,41.18],[22.71,41.14],[22.75,41.16],[22.76,41.32],[22.97,41.35],[22.95,41.42],[22.97,41.56],[22.95,41.64],[23.03,41.72],[22.97,41.77],[22.9,41.88],[22.87,42.02],[22.68,42.06],[22.53,42.14],[22.43,42.26],[22.37,42.32],[22.46,42.33],[22.48,42.39],[22.52,42.4],[22.56,42.49],[22.44,42.57],[22.5,42.74],[22.44,42.82],[22.54,42.88],[22.62,42.9],[22.68,42.87],[22.74,42.89],[22.78,42.98],[22.9,43.04],[22.92,43.08],[22.98,43.11],[22.98,43.2],[22.9,43.23],[22.83,43.33],[22.77,43.38],[22.68,43.39],[22.53,43.47],[22.49,43.57],[22.49,43.64],[22.41,43.7],[22.36,43.81],[22.41,43.94],[22.41,44],[22.52,44.02],[22.53,44.05],[22.62,44.06],[22.62,44.16],[22.67,44.22],[22.68,44.27],[22.56,44.31],[22.52,44.34],[22.47,44.48],[22.55,44.48],[22.6,44.55],[22.7,44.52],[22.75,44.57],[22.67,44.62],[22.57,44.64],[22.48,44.71],[22.43,44.71],[22.33,44.68],[22.27,44.62],[22.18,44.48],[22.13,44.48],[22.04,44.54],[21.99,44.63],[21.79,44.66],[21.64,44.66],[21.59,44.76],[21.42,44.77],[21.36,44.82],[21.37,44.87],[21.49,44.87],[21.56,44.89],[21.55,44.93],[21.41,44.98],[21.36,45.02],[21.45,45.06],[21.48,45.12],[21.53,45.14],[21.48,45.19],[21.2,45.27],[21.18,45.31],[21.1,45.3],[21.02,45.32],[20.88,45.45],[20.77,45.5],[20.83,45.54],[20.77,45.61],[20.8,45.66],[20.8,45.74],[20.7,45.75],[20.66,45.83],[20.52,45.89],[20.48,45.95],[20.35,46],[20.35,46.05],[20.27,46.1],[20.3,46.15],[20.36,46.17],[20.46,46.14],[20.5,46.19],[20.63,46.13],[20.71,46.17],[20.75,46.25],[20.87,46.29],[20.92,46.26],[21.02,46.27],[21.12,46.3],[21.17,46.3],[21.21,46.4],[21.28,46.41],[21.32,46.45],[21.26,46.5],[21.32,46.58],[21.33,46.63],[21.42,46.64],[21.53,46.72],[21.48,46.76],[21.52,46.84],[21.6,46.86],[21.68,47],[21.73,47.1],[21.79,47.12],[21.86,47.19],[21.85,47.24],[21.94,47.37],[22.01,47.38],[22.04,47.43],[22.02,47.52],[22.13,47.6],[22.17,47.59],[22.26,47.73],[22.43,47.75],[22.45,47.8],[22.55,47.77],[22.69,47.79],[22.77,47.88],[22.85,47.91],[22.89,47.95],[22.84,47.99],[22.88,48.05],[22.83,48.1],[22.74,48.12],[22.68,48.09],[22.59,48.11],[22.57,48.18],[22.49,48.25],[22.37,48.25],[22.27,48.36],[22.27,48.41],[22.14,48.43],[22.16,48.57],[22.19,48.61],[22.34,48.68],[22.35,48.77],[22.48,48.99],[22.55,49.01],[22.55,49.08],[22.64,49.06],[22.87,49.04],[22.88,49.1],[22.71,49.17],[22.75,49.22],[22.75,49.36],[22.7,49.5],[22.64,49.53],[22.85,49.71],[22.97,49.84],[23.03,49.88],[23.28,50.09],[23.47,50.22],[23.58,50.27],[23.7,50.38],[23.8,50.4],[24,50.41],[24.07,50.5],[24.1,50.6],[24.07,50.72],[23.96,50.79],[23.99,50.84],[24.09,50.84],[24.1,50.88],[24,50.93],[23.88,51.08],[23.82,51.16],[23.7,51.29],[23.64,51.32],[23.7,51.4],[23.67,51.47],[23.62,51.51],[23.56,51.53],[23.54,51.6],[23.56,51.7],[23.53,51.74],[23.63,51.78],[23.61,51.92],[23.69,51.99],[23.65,52.07],[23.6,52.12],[23.49,52.15],[23.46,52.18],[23.2,52.23],[23.22,52.33],[23.36,52.47],[23.47,52.55],[23.64,52.61],[23.77,52.62],[23.94,52.71],[23.94,52.81],[23.92,52.94],[23.93,53.02],[23.87,53.08],[23.92,53.16],[23.82,53.24],[23.71,53.44],[23.55,53.77],[23.51,53.96],[23.48,54],[23.53,54.07],[23.49,54.15],[23.42,54.18],[23.34,54.25],[23.2,54.29],[23.09,54.3],[22.98,54.39],[22.84,54.41],[22.79,54.36],[22.26,54.34],[21.5,54.32],[21.27,54.33],[21.01,54.35],[20.62,54.37],[20.33,54.4],[19.65,54.45],[19.4,54.6],[19.08,54.76],[18.95,54.84],[18.66,54.94],[18.53,55],[18.38,55.03],[18.07,55.03],[17.86,55.02],[17.41,54.95],[17.12,54.92],[16.84,54.83],[16.76,54.79],[16.41,54.73],[16.32,54.7],[16.2,54.64],[16.05,54.51],[15.94,54.45],[15.74,54.43],[15.56,54.39],[15.18,54.34],[14.79,54.24],[14.61,54.21],[14.28,54.13],[14.24,54.13],[14.2,54.25],[14.11,54.32],[14.11,54.44],[14.08,54.44],[14.02,54.61],[13.91,54.72],[13.65,54.84],[13.55,54.87],[13.43,54.88],[13.18,54.86],[12.97,54.79],[12.75,54.74],[12.32,54.58],[12.26,54.45],[12.17,54.39],[11.95,54.33],[11.64,54.33],[11.54,54.41],[11.31,54.53],[11.14,54.58],[10.82,54.55],[10.75,54.51],[10.59,54.52],[10.34,54.59],[10.17,54.74],[10.2,54.85],[10.25,54.85],[10.27,54.78],[10.42,54.64],[10.67,54.57],[10.72,54.58],[10.83,54.64],[10.75,54.67],[10.83,54.75],[11,54.67],[11.13,54.66],[11.26,54.63],[11.45,54.55],[11.8,54.45],[12.06,54.46],[12.15,54.47],[12.16,54.53],[12.24,54.63],[12.69,54.8],[12.84,54.86],[12.89,54.9],[12.9,54.99],[12.85,55.11],[12.72,55.14],[12.6,55.22],[12.59,55.33],[12.69,55.35],[12.72,55.3],[12.92,55.15],[13,55.17],[13.23,55.14],[13.39,55.14],[13.5,55.15],[13.78,55.22],[13.85,55.22],[14,55.18],[14.17,55.18],[14.7,55.61],[14.6,55.76],[14.8,55.8],[14.94,55.81],[15.07,55.85],[15.16,55.9],[15.31,55.89],[15.48,55.79],[15.56,55.76],[15.71,55.75],[15.91,55.79],[16.03,55.86],[16.64,56.04],[16.79,56.13],[16.91,56.3],[16.99,56.47],[17.05,56.54],[17.1,56.66],[17.21,56.78],[17.5,57.25],[17.52,57.34],[17.43,57.47],[17.25,57.61],[17.28,57.68],[17.23,57.83],[17.53,58.25],[17.57,58.4],[18.18,58.54],[18.83,58.8],[19.09,58.93],[19.46,59.16],[19.8,59.28],[19.88,59.35],[20.01,59.55],[19.94,59.6],[19.66,59.79],[19.08,60.19],[19.13,60.3],[19.21,60.59],[19.14,60.64],[18.98,60.68],[18.3,60.8],[18.18,60.82],[17.88,60.93],[17.77,61.17],[17.81,61.25],[17.88,61.5],[17.97,61.68],[18.06,61.98],[18.29,62.42],[18.4,62.48],[18.96,62.82],[19.43,63.08],[19.89,63.14],[19.97,63.17],[20.16,63.17],[20.4,63.33],[20.69,63.49],[20.94,63.52],[21.37,63.63],[21.44,63.7],[21.47,63.8],[21.4,63.96],[21.5,64.04],[21.91,64.23],[22.03,64.35],[22.08,64.46],[22.06,64.51],[21.82,64.84],[21.91,64.89],[22.19,64.98],[22.5,65.09],[22.8,65.1],[22.96,65.14],[23.04,65.19],[23.09,65.28],[23.61,65.32],[23.91,65.37],[24.13,65.52],[24.18,65.66],[24.13,65.77],[24.15,65.86],[24.04,65.96],[24.04,66.01],[23.94,66.08],[23.93,66.15],[23.73,66.19],[23.65,66.3],[23.69,66.39],[23.65,66.45],[23.87,66.58],[23.88,66.77],[24,66.82],[23.86,66.95],[23.74,67.02],[23.55,67.17],[23.58,67.27],[23.73,67.29],[23.78,67.34],[23.72,67.39],[23.76,67.43],[23.39,67.49],[23.54,67.58],[23.49,67.66],[23.47,67.82],[23.51,67.88],[23.64,67.92],[23.64,67.97],[23.4,68.04],[23.28,68.16],[23.14,68.16],[23.14,68.25],[23.07,68.3],[22.92,68.33],[22.65,68.42],[22.47,68.44],[22.35,68.48],[22.05,68.48],[21.89,68.58],[21.7,68.6],[21.7,68.63],[21.42,68.7],[21.41,68.75],[21,68.9],[20.9,68.9],[20.91,68.97],[20.77,69.03],[20.55,69.06],[20.72,69.12],[21.06,69.04],[21.11,69.1],[20.99,69.19],[21.1,69.26],[21.28,69.31],[21.63,69.28],[21.72,69.21],[22.18,68.96],[22.19,68.92],[22.34,68.83],[22.37,68.72],[22.54,68.74],[22.8,68.69],[23.05,68.69],[23.17,68.63],[23.44,68.69],[23.67,68.71],[23.78,68.82],[23.98,68.83],[24.08,68.78],[24.3,68.72],[24.61,68.68],[24.92,68.61],[25.07,68.62],[25.16,68.8],[25.27,68.85],[25.48,68.91],[25.63,68.89],[25.78,69.02],[25.72,69.08],[25.74,69.14],[25.69,69.2],[25.74,69.32],[25.85,69.39],[25.81,69.43],[25.88,69.53],[25.98,69.61],[25.9,69.66],[26.01,69.72],[26.11,69.73],[26.36,69.84],[26.47,69.94],[26.68,69.96],[26.99,69.94],[27.03,69.91],[27.31,69.96],[27.43,70.02],[27.53,70.03],[27.62,70.07],[27.96,70.09],[27.98,70.01],[28.16,69.92],[28.35,69.88],[28.4,69.82],[29.13,69.7],[29.34,69.48],[29.22,69.4],[28.83,69.22],[28.81,69.11],[28.93,69.05],[29.06,69.02],[29.24,69.11],[29.31,69.23],[29.29,69.3],[29.4,69.32],[29.57,69.32],[29.72,69.39],[29.85,69.42],[29.97,69.41],[30.12,69.47],[30.19,69.57],[30.14,69.64],[30.22,69.65],[30.52,69.54],[30.82,69.53],[30.94,69.56],[30.94,69.68],[30.82,69.79],[31.1,69.98],[31.44,70.1],[31.59,70.14],[31.64,70.24],[31.76,70.38],[31.73,70.45],[31.55,70.55],[30.61,70.83],[30.38,70.88],[29.57,71.02],[28.56,71.26],[28.3,71.3],[27.72,71.33],[26.26,71.37],[25.54,71.38],[24.63,71.31],[24.02,71.3],[23.72,71.28],[22.46,71.02],[21.72,70.86],[20.48,70.7],[18.85,70.49],[18.36,70.4],[18.16,70.34],[17.45,69.99],[17.06,69.75],[16.68,69.67],[15.7,69.5],[14.82,69.26],[14.73,69.23],[13.89,68.87],[13.72,68.75],[13.26,68.46],[12.83,68.35],[12.58,68.24],[12.31,68.03],[12.13,67.82],[11.7,67.7],[11.51,67.63],[11.37,67.55],[11.3,67.45],[11.36,67.33],[11.86,66.82],[11.65,66.72],[11.57,66.67],[11.09,66.2],[10.8,65.7],[10.58,65.47],[10.09,64.99],[10,64.87],[8.94,64.36],[8.16,64.07],[8.09,64.03],[7.46,63.66],[7.36,63.58],[6.84,63.26],[6,62.97],[5.67,62.83],[4.95,62.47],[4.67,62.27],[4.51,62.11],[4.18,61.73],[4.15,61.66],[4.09,61.08],[4.1,60.98],[4.49,60.27],[4.65,59.77],[4.67,59.66],[4.48,59.37],[4.45,59.28],[4.48,59.21],[4.57,59.13],[4.9,59],[5.01,58.92],[5.11,58.7],[5.18,58.6],[5.33,58.46],[5.62,58.27],[6.34,57.94],[6.53,57.87],[6.86,57.8],[7.2,57.76],[7.56,57.76],[7.71,57.77],[8.16,57.86],[8.44,57.93],[8.51,57.96],[8.94,58.18],[9.79,58.67],[10.07,58.75],[10.27,58.78],[10.59,58.76],[10.64,58.52],[10.68,58.45],[10.85,58.26],[11,57.98],[11.15,57.83],[11.2,57.67],[11.52,57.45],[11.59,57.38],[11.68,57.17],[12.01,56.97],[12.3,56.64],[12.12,56.38],[12.33,56.3],[12.39,56.24],[12.34,56.18],[12.03,56.28],[12,56.37],[11.75,56.4],[11.58,56.4],[11.51,56.38],[11.25,56.14],[11.15,56.1],[11,55.94],[10.79,55.77],[10.8,55.71],[10.71,55.66],[10.71,55.76],[10.75,55.84],[10.88,55.93],[11.27,56.31],[11.33,56.43],[11.32,56.48],[11.39,56.5],[11.51,56.48],[11.72,56.5],[11.81,56.53],[11.91,56.6],[11.85,56.75],[11.71,56.94],[11.44,56.92],[11.33,56.89],[11.22,56.84],[11.17,56.78],[11.14,56.65],[11.04,56.7],[10.89,56.73],[10.71,56.74],[10.65,56.83],[10.76,57.04],[10.88,57.01],[11.07,57],[11.22,57.03],[11.31,57.07],[11.51,57.19],[11.31,57.43],[11.22,57.52],[11.01,57.56],[11.02,57.73],[10.98,57.78],[10.73,57.94],[10.52,57.95],[10.3,57.89],[10.08,57.79],[9.92,57.8],[9.74,57.76],[9.63,57.7],[9.45,57.56],[9.39,57.48],[9.27,57.36],[9.19,57.34],[8.94,57.36],[8.74,57.32],[8.55,57.33],[8.46,57.31],[8.33,57.27],[8.05,57.06],[7.93,56.93],[7.77,56.61],[7.75,56.55],[7.76,56.19],[7.74,56.02],[7.79,55.91],[7.82,55.78],[7.73,55.62],[7.73,55.51],[7.76,55.46],[7.85,55.4],[7.99,55.36],[8.06,55.29],[8.04,55.09],[7.95,54.91],[7.93,54.75],[7.97,54.59],[8.15,54.35],[8,54.39],[7.78,54.39],[7.65,54.35],[7.54,54.25],[7.52,54.17],[7.55,54.11],[7.7,53.98],[7.37,53.95],[7.29,53.93],[7.11,53.92],[6.96,53.88],[6.73,53.86],[6.59,53.82],[6.44,53.78],[6.37,53.74],[6.2,53.71],[6.05,53.71],[5.79,53.66],[5.66,53.68],[5.43,53.66],[5.32,53.62],[5.01,53.57],[4.83,53.49],[4.76,53.43],[4.63,53.38],[4.54,53.32],[4.49,53.23],[4.42,53.15],[4.34,53.02],[4.33,52.95],[4.36,52.87],[4.31,52.75],[4.28,52.59],[4.22,52.53],[4.21,52.43],[4.09,52.29],[3.94,52.18],[3.79,52.15],[3.68,52.06],[3.64,51.98],[3.36,51.84],[3.31,51.79],[3.29,51.72],[3.19,51.68],[3.1,51.6],[3.08,51.55],[2.61,51.35],[2.39,51.27],[2.37,51.31],[2.19,51.28],[2.12,51.24],[1.97,51.2],[1.89,51.2],[1.72,51.1],[1.55,51.04],[1.36,50.95],[1.28,50.9],[1.26,50.82],[1.24,50.71],[1.25,50.5],[1.22,50.35],[1.16,50.22],[0.99,50.13],[0.89,50.12],[0.78,50.09],[0.49,50.05],[0.3,49.97],[0.01,49.87],[-0.11,49.8],[-0.17,49.74],[-0.19,49.65],[-0.24,49.54],[-0.35,49.55],[-0.61,49.56],[-0.7,49.55],[-0.86,49.59],[-0.91,49.65],[-0.97,49.77],[-1.04,49.84],[-1.22,49.91],[-1.36,49.92],[-1.67,49.89],[-1.89,49.93],[-2.05,49.92],[-2.05,49.81],[-2.07,49.68],[-2.14,49.54],[-2.1,49.46],[-1.99,49.36],[-1.89,49.32],[-1.83,49.25],[-1.86,49.06],[-1.94,48.96],[-1.98,48.94],[-1.98,48.88],[-2.24,48.87],[-2.53,48.93],[-2.53,49.06],[-2.56,49.22],[-2.78,49.28],[-2.93,49.3],[-3.07,49.25],[-3.13,49.18],[-3.16,49.12],[-3.49,49.11],[-3.72,49.07],[-4.12,48.95],[-4.67,48.84],[-4.91,48.76],[-5.25,48.67],[-5.36,48.61],[-5.44,48.52],[-5.45,48.41],[-5.32,48.08],[-5.31,48],[-5.27,47.94],[-5.18,47.88],[-5.1,47.86],[-4.48,47.59],[-4.26,47.55],[-4.18,47.49],[-4.01,47.46],[-3.91,47.48],[-3.67,47.44],[-3.52,47.22],[-3.43,47.15],[-3.3,47.1],[-3.13,47.08],[-3.04,47.08],[-2.88,47.11],[-2.69,47.03],[-2.67,47.01],[-2.7,46.7],[-2.67,46.63],[-2.56,46.54],[-2.04,46.34],[-1.78,46.08],[-1.73,46.04],[-1.64,45.84],[-1.59,45.8],[-1.56,45.73],[-1.58,45.65],[-1.56,45.59],[-1.47,45.5],[-1.44,45.45],[-1.45,45.31],[-1.51,44.87],[-1.56,44.58],[-1.54,44.47],[-1.59,44.17],[-1.72,43.69],[-1.78,43.61],[-1.87,43.59],[-2.19,43.52],[-2.66,43.65],[-2.79,43.66],[-2.94,43.64],[-3.37,43.66],[-3.51,43.71],[-3.62,43.71],[-3.85,43.69],[-4.36,43.61],[-4.87,43.66],[-5.34,43.75],[-5.75,43.85],[-5.93,43.86],[-6.29,43.8],[-6.64,43.78],[-6.89,43.78],[-7.59,43.98],[-7.72,43.99],[-7.95,43.97],[-8.21,43.88],[-8.46,43.74],[-8.98,43.54],[-9.34,43.35],[-9.42,43.3],[-9.54,43.16],[-9.58,43.05],[-9.57,42.92],[-9.54,42.8],[-9.34,42.5],[-9.18,42.17],[-9.14,41.98],[-9.16,41.87],[-8.87,41.86],[-8.68,41.99],[-8.64,42.05],[-8.53,42.08],[-8.33,42.08],[-8.25,42.14],[-8.2,42.15],[-8.19,42.07],[-8.12,42.08],[-8.09,42.02],[-8.13,42],[-8.22,41.91],[-8.16,41.86],[-8.17,41.82],[-8.09,41.81],[-7.92,41.88],[-7.73,41.89],[-7.7,41.91],[-7.57,41.83],[-7.45,41.87],[-7.32,41.84],[-7.2,41.88],[-7.19,41.97],[-7.14,41.99],[-7.08,41.95],[-6.75,41.94],[-6.6,41.95],[-6.55,41.93],[-6.52,41.88],[-6.56,41.75],[-6.55,41.69],[-6.51,41.66],[-6.45,41.68],[-6.35,41.68],[-6.25,41.63],[-6.19,41.57],[-6.31,41.45],[-6.32,41.39],[-6.42,41.35],[-6.47,41.3],[-6.58,41.24],[-6.65,41.25],[-6.7,41.18],[-6.77,41.13],[-6.75,41.1],[-6.81,41.04],[-6.93,41.02],[-6.86,40.95],[-6.8,40.85],[-6.83,40.74],[-6.79,40.66],[-6.85,40.57],[-6.8,40.55],[-6.85,40.45],[-6.78,40.36],[-6.86,40.3],[-6.87,40.26],[-6.95,40.26],[-7.01,40.23],[-7.02,40.14],[-6.95,40.12],[-6.88,40.04],[-6.9,39.87],[-6.99,39.81],[-6.98,39.77],[-7.02,39.67],[-7.15,39.65],[-7.25,39.67],[-7.33,39.64],[-7.53,39.67],[-7.5,39.59],[-7.38,39.49],[-7.29,39.46],[-7.32,39.38],[-7.31,39.34],[-7.23,39.28],[-7.22,39.19],[-7.13,39.16],[-7.14,39.11],[-7.03,39.12],[-6.98,39.09],[-6.95,39.02],[-7.05,38.91],[-7.03,38.88],[-7.26,38.72],[-7.26,38.59],[-7.3,38.54],[-7.32,38.44],[-7.14,38.26],[-7.08,38.17],[-7.01,38.2],[-6.97,38.16],[-7.01,38.02],[-7.11,38.04],[-7.13,38],[-7.25,37.99],[-7.25,37.92],[-7.32,37.82],[-7.42,37.74],[-7.44,37.66],[-7.52,37.55],[-7.49,37.52],[-7.44,37.39],[-7.44,37.31],[-7.4,37.16],[-7.39,36.97],[-7.31,36.97],[-7.01,36.97],[-6.91,36.94],[-6.69,36.62],[-6.53,36.43],[-6.42,36.26],[-6.23,36.06],[-6.19,36.02],[-6.06,35.96],[-5.89,35.96],[-5.67,35.94],[-5.4,36],[-5.37,35.88],[-5.23,35.83],[-5.02,35.83]]],[[[0.93,39.81],[0.95,39.88],[0.94,39.96],[0.86,40.05],[0.77,40.09],[0.68,40.1],[0.53,40.06],[0.47,40.02],[0.42,39.96],[0.41,39.88],[0.42,39.8],[0.47,39.73],[0.6,39.66],[0.69,39.65],[0.78,39.67],[0.85,39.7],[0.91,39.76],[0.93,39.81]]],[[[-3.11,36.13],[-3.2,36.09],[-3.27,36],[-3.28,35.89],[-3.25,35.84],[-3.18,35.77],[-3.05,35.74],[-2.96,35.75],[-2.87,35.79],[-2.82,35.83],[-2.78,35.93],[-2.8,36.01],[-2.87,36.09],[-3.01,36.14],[-3.11,36.13]]],[[[0.9,39.01],[0.9,38.95],[0.93,38.82],[0.97,38.75],[1.17,38.52],[1.25,38.47],[1.4,38.44],[1.58,38.45],[1.69,38.47],[1.81,38.56],[1.84,38.63],[1.91,39],[1.89,39.12],[1.78,39.24],[1.6,39.31],[1.52,39.32],[1.39,39.3],[1.23,39.25],[1.02,39.15],[0.93,39.07],[0.9,39.01]]],[[[2.05,39.63],[2.05,39.51],[2.13,39.42],[2.74,38.98],[2.89,38.92],[3.02,38.93],[3.15,38.99],[3.42,39.23],[3.64,39.49],[3.69,39.57],[3.74,39.73],[4.2,39.61],[4.27,39.6],[4.43,39.63],[4.52,39.69],[4.59,39.84],[4.59,39.9],[4.52,40.07],[4.44,40.15],[4.28,40.24],[4.17,40.28],[4.02,40.29],[3.77,40.25],[3.67,40.22],[3.59,40.15],[3.54,40.05],[3.53,39.99],[3.41,40.1],[3.34,40.14],[3.21,40.16],[3.11,40.16],[2.86,40.11],[2.62,40.02],[2.5,39.95],[2.42,39.89],[2.11,39.72],[2.05,39.63]]],[[[7.5,54.02],[7.55,54.03],[7.45,54.14],[7.41,54.14],[7.41,54.01],[7.5,54.02]]],[[[12.9,38.72],[12.92,38.61],[12.96,38.56],[13.08,38.5],[13.16,38.49],[13.28,38.5],[13.41,38.59],[13.46,38.69],[13.45,38.77],[13.38,38.86],[13.22,38.92],[13.06,38.9],[12.94,38.81],[12.9,38.72]]],[[[12.28,36.67],[12.31,36.76],[12.3,36.84],[12.26,36.9],[12.15,36.99],[12.01,37.03],[11.93,37.04],[11.81,37.01],[11.71,36.93],[11.68,36.86],[11.68,36.76],[11.7,36.71],[11.79,36.61],[11.85,36.57],[11.95,36.54],[12.08,36.54],[12.17,36.57],[12.23,36.61],[12.28,36.67]]],[[[13.07,35.73],[13.13,35.85],[13.12,35.93],[13.05,36.02],[12.93,36.07],[12.8,36.07],[12.69,36.03],[12.64,35.98],[12.6,35.88],[12.63,35.77],[12.68,35.71],[12.46,35.72],[12.37,35.75],[12.23,35.74],[12.14,35.69],[12.1,35.65],[12.07,35.56],[12.1,35.46],[12.14,35.4],[12.22,35.37],[12.29,35.35],[12.38,35.36],[12.55,35.29],[12.72,35.3],[12.82,35.36],[12.88,35.47],[12.86,35.58],[12.83,35.65],[12.96,35.66],[13.07,35.73]]],[[[19.67,58.12],[19.53,58.19],[19.68,58.29],[19.7,58.41],[19.6,58.5],[19.47,58.56],[19.24,58.6],[19.04,58.59],[18.87,58.51],[18.81,58.45],[18.81,58.35],[18.92,58.22],[18.99,58.18],[18.62,58.12],[18.47,58.08],[18.14,57.93],[17.98,57.76],[17.89,57.72],[17.75,57.6],[17.71,57.44],[17.61,57.35],[17.59,57.29],[17.63,57.19],[17.76,57.11],[17.78,57.05],[17.76,56.89],[17.79,56.82],[17.87,56.76],[18,56.72],[18.19,56.7],[18.29,56.71],[18.47,56.75],[18.7,56.88],[18.99,57.1],[19.28,57.31],[19.36,57.41],[19.35,57.48],[19.28,57.57],[19.65,57.84],[19.72,57.93],[19.72,58.02],[19.67,58.12]]],[[[14.34,55.15],[14.33,55.08],[14.38,55],[14.43,54.95],[14.56,54.89],[14.86,54.81],[15.01,54.79],[15.15,54.79],[15.32,54.84],[15.45,54.94],[15.5,55.03],[15.51,55.15],[15.49,55.2],[15.54,55.27],[15.55,55.36],[15.46,55.46],[15.33,55.51],[15.22,55.53],[15.06,55.52],[14.93,55.48],[14.85,55.49],[14.53,55.28],[14.34,55.15]]],[[[20.01,74.48],[19.89,74.58],[19.64,74.66],[19.18,74.71],[18.74,74.7],[18.33,74.65],[18.17,74.61],[18,74.49],[18.02,74.42],[18.21,74.31],[18.45,74.22],[18.63,74.17],[19,74.14],[19.23,74.14],[19.53,74.18],[19.73,74.23],[19.89,74.31],[20,74.42],[20.01,74.48]]],[[[25.39,76.28],[25.76,76.37],[26.28,76.62],[26.36,76.68],[26.33,76.77],[26.13,76.85],[25.9,76.89],[25.56,76.91],[25.15,76.9],[24.9,76.86],[24.64,76.79],[24.29,76.65],[24.11,76.55],[24.05,76.47],[24.1,76.38],[24.23,76.33],[24.51,76.27],[24.89,76.24],[25.39,76.28]]],[[[34.19,80],[34.46,80.07],[34.62,80.14],[34.65,80.28],[34.44,80.35],[34,80.43],[33.67,80.48],[33.19,80.51],[32.79,80.52],[31.89,80.47],[31.34,80.41],[30.73,80.31],[30.39,80.21],[30.27,80.1],[30.31,80.03],[30.71,79.91],[30.99,79.87],[31.38,79.84],[32.08,79.84],[33.77,79.95],[34.19,80]]],[[[27.78,78.55],[27.97,78.58],[28.37,78.53],[28.97,78.53],[29.34,78.58],[30.25,78.73],[30.94,78.82],[31.21,78.88],[31.42,78.95],[31.46,79.01],[31.31,79.12],[31.01,79.18],[30.73,79.21],[30.24,79.22],[28.23,79.16],[27.87,79.14],[27.37,79.06],[26.36,79.03],[25.81,78.98],[25.45,78.9],[25.34,78.82],[25.41,78.72],[25.6,78.62],[26.05,78.49],[26.59,78.44],[27.02,78.45],[27.61,78.51],[27.78,78.55]]],[[[10.01,79.14],[9.56,79],[9.45,78.94],[9.47,78.77],[9.65,78.64],[10.11,78.39],[10.25,78.33],[11.06,78.11],[11.36,78.05],[11.62,78.02],[12.51,78],[12.58,77.98],[12.61,77.84],[12.8,77.7],[13.02,77.34],[13.38,77.14],[13.55,77.08],[13.91,76.99],[14.22,76.93],[14.66,76.76],[15.16,76.61],[15.78,76.36],[16.1,76.28],[16.47,76.25],[16.77,76.25],[17.24,76.3],[17.39,76.33],[17.73,76.43],[17.89,76.52],[18,76.68],[18.29,77.15],[18.4,77.26],[18.67,77.32],[19.73,77.38],[20.17,77.31],[20.44,77.21],[20.58,77.11],[20.77,76.84],[20.89,76.77],[21.16,76.7],[21.41,76.68],[21.92,76.67],[22.35,76.72],[23.17,76.9],[23.63,77.04],[24.09,77.21],[24.58,77.45],[25.68,77.63],[25.99,77.7],[26.08,77.76],[26.08,77.87],[25.89,77.95],[25.68,77.99],[24.87,78.1],[24.04,78.27],[23.94,78.31],[22.86,78.67],[22.6,78.82],[22.64,78.84],[24.48,79.02],[25.95,79.2],[26.22,79.24],[26.67,79.35],[27.54,79.57],[28.13,79.69],[28.52,79.81],[29.19,79.96],[29.4,80.02],[29.38,80.16],[29.21,80.22],[28.68,80.31],[28.29,80.34],[27.49,80.37],[27.38,80.49],[27.09,80.59],[25.9,80.8],[25.45,80.85],[25.06,80.86],[24.52,80.85],[23,80.74],[22.08,80.86],[21.16,80.98],[20.78,81.02],[20.3,81.03],[19.79,81.01],[19.44,80.97],[19.2,80.91],[18.71,80.74],[17.25,80.48],[16.95,80.4],[16.77,80.29],[16.04,80.26],[14.4,80.24],[13.73,80.19],[13.15,80.07],[12.57,80.05],[12.06,80.09],[11.61,80.11],[11.3,80.1],[10.53,80.02],[9.83,79.92],[9.58,79.87],[9.45,79.75],[9.58,79.5],[9.78,79.31],[10.01,79.14]]],[[[-7.5,71.3],[-7.71,71.34],[-8.1,71.36],[-8.35,71.34],[-8.63,71.29],[-8.85,71.22],[-8.97,71.15],[-9.3,71.08],[-9.56,70.99],[-9.68,70.88],[-9.63,70.76],[-9.52,70.7],[-9.26,70.64],[-9.06,70.63],[-8.82,70.63],[-8.41,70.71],[-8.28,70.76],[-7.86,70.82],[-7.53,70.89],[-7.39,70.98],[-7.31,71.14],[-7.36,71.23],[-7.5,71.3]]],[[[14.23,36.28],[14.12,36.27],[14.03,36.23],[13.97,36.17],[13.94,36.1],[13.94,36.02],[13.97,35.93],[14.13,35.77],[14.2,35.68],[14.31,35.6],[14.43,35.59],[14.6,35.61],[14.7,35.65],[14.77,35.71],[14.8,35.77],[14.82,35.9],[14.78,35.98],[14.72,36.03],[14.47,36.21],[14.31,36.27],[14.23,36.28]]],[[[-2.71,35.5],[-2.96,35.32],[-2.92,35.29],[-2.66,35.41],[-2.61,35.44],[-2.71,35.5]]]]},"properties":{"tzid":"Europe/Paris"}},
{"type":"Feature","geometry":{"type":"MultiPolygon","coordinates":[[[[-169.35,53.08],[-169.42,53.17],[-169.55,53.24],[-169.65,53.27],[-169.78,53.28],[-169.92,53.26],[-170.08,53.17],[-170.11,53.12],[-170.25,53.1],[-170.41,53],[-170.46,52.88],[-170.68,52.9],[-170.78,52.89],[-170.91,52.85],[-171.06,52.78],[-171.24,52.78],[-171.32,52.76],[-171.51,52.67],[-171.62,52.57],[-171.64,52.46],[-171.57,52.33],[-171.42,52.26],[-171.29,52.24],[-171.11,52.26],[-171.02,52.3],[-170.94,52.36],[-170.72,52.35],[-170.39,52.46],[-170.29,52.53],[-170.07,52.51],[-169.91,52.54],[-169.83,52.58],[-169.63,52.58],[-169.5,52.62],[-169.35,53.08]]],[[[-175.95,52.3],[-176.18,52.32],[-176.31,52.29],[-176.41,52.25],[-176.47,52.19],[-176.59,52.2],[-176.9,52.15],[-176.98,52.12],[-177.18,52.14],[-177.34,52.12],[-177.5,52.12],[-177.61,52.1],[-177.71,52.05],[-177.77,52.08],[-177.91,52.12],[-178.11,52.12],[-178.32,52.09],[-178.42,52.05],[-178.53,51.96],[-178.7,52.03],[-178.82,52.04],[-179,52.01],[-179.1,51.95],[-179.17,51.88],[-179.2,51.78],[-179.33,51.71],[-179.38,51.64],[-179.39,51.56],[-179.34,51.45],[-179.45,51.35],[-179.47,51.27],[-179.43,51.13],[-179.33,51.05],[-179.21,51.01],[-179.07,51.01],[-178.89,51.08],[-178.77,51.16],[-178.69,51.19],[-178.61,51.27],[-178.58,51.34],[-178.49,51.3],[-178.34,51.28],[-178.23,51.27],[-178.11,51.3],[-177.97,51.4],[-177.83,51.4],[-177.68,51.45],[-177.57,51.46],[-177.39,51.49],[-177.24,51.48],[-177.11,51.42],[-176.93,51.39],[-176.75,51.41],[-176.58,51.45],[-176.37,51.53],[-176.27,51.53],[-175.99,51.6],[-175.86,51.62],[-175.71,51.68],[-175.57,51.76],[-175.36,51.78],[-175.26,51.81],[-175.1,51.8],[-174.88,51.82],[-174.75,51.8],[-174.61,51.82],[-174.49,51.81],[-174.3,51.83],[-174.14,51.9],[-174.05,51.87],[-173.89,51.84],[-173.71,51.85],[-173.51,51.82],[-173.32,51.83],[-173.18,51.81],[-173.06,51.82],[-172.92,51.87],[-172.74,51.92],[-172.62,52],[-172.59,52.05],[-172.45,52.05],[-172.23,52.11],[-172.08,52.18],[-171.99,52.26],[-171.97,52.33],[-172.02,52.45],[-172.14,52.53],[-172.33,52.59],[-172.44,52.59],[-172.56,52.58],[-172.75,52.53],[-172.83,52.48],[-172.93,52.38],[-172.96,52.3],[-173.32,52.31],[-173.49,52.36],[-173.67,52.35],[-173.72,52.46],[-173.79,52.51],[-173.92,52.57],[-174.02,52.6],[-174.19,52.62],[-174.35,52.61],[-174.47,52.58],[-174.71,52.45],[-174.78,52.36],[-174.85,52.33],[-174.98,52.41],[-175.09,52.43],[-175.25,52.41],[-175.37,52.37],[-175.55,52.38],[-175.73,52.34],[-175.83,52.26],[-175.95,52.3]]],[[[179.69,52.24],[179.56,52.24],[179.34,52.17],[179.24,52.12],[179.19,52.07],[179.17,51.95],[179.18,51.89],[179.3,51.77],[179.4,51.73],[179.57,51.69],[179.72,51.69],[179.84,51.72],[180,51.79],[180,51.84],[180,51.89],[180,51.94],[180,51.99],[180,52.04],[180,52.09],[180,52.14],[179.9,52.19],[179.69,52.24]]],[[[177.94,52.22],[177.84,52.28],[177.7,52.33],[177.52,52.33],[177.44,52.31],[177.28,52.31],[177.12,52.25],[177.04,52.15],[177.05,52.07],[176.94,52.02],[176.9,51.97],[176.87,51.89],[176.89,51.82],[176.94,51.75],[177.16,51.64],[177.23,51.62],[177.37,51.61],[177.55,51.65],[177.63,51.72],[177.75,51.74],[177.9,51.69],[177.98,51.68],[178.13,51.59],[178.32,51.56],[178.43,51.47],[178.67,51.36],[178.79,51.34],[179.03,51.19],[179.11,51.16],[179.24,51.15],[179.43,51.16],[179.59,51.18],[179.68,51.2],[179.76,51.26],[179.8,51.34],[179.8,51.41],[179.73,51.5],[179.55,51.59],[179.41,51.61],[179.31,51.65],[179.26,51.72],[179.18,51.76],[178.98,51.81],[178.86,51.84],[178.9,51.89],[178.91,51.97],[178.87,52.06],[178.76,52.13],[178.63,52.18],[178.53,52.19],[178.4,52.18],[178.3,52.23],[178.17,52.25],[178.07,52.25],[177.94,52.22]]],[[[175.52,52.41],[175.54,52.31],[175.67,52.19],[175.79,52.15],[175.99,52.14],[176.14,52.18],[176.28,52.28],[176.31,52.35],[176.28,52.44],[176.18,52.52],[176.09,52.55],[175.94,52.58],[175.78,52.58],[175.66,52.56],[175.56,52.49],[175.52,52.41]]],[[[172.41,52.71],[172.53,52.63],[172.79,52.56],[172.9,52.54],[173.05,52.56],[173.1,52.53],[173.02,52.4],[173.08,52.29],[173.18,52.23],[173.32,52.19],[173.47,52.18],[173.66,52.15],[173.83,52.16],[173.99,52.24],[174.05,52.33],[174.05,52.4],[174.1,52.51],[174.27,52.51],[174.35,52.46],[174.47,52.44],[174.64,52.45],[174.79,52.52],[174.85,52.62],[174.81,52.73],[174.68,52.81],[174.54,52.84],[174.45,52.83],[174.38,52.88],[174.23,52.93],[174.08,52.94],[173.98,52.97],[173.84,52.97],[173.73,52.96],[173.44,53.12],[173.27,53.17],[173.14,53.19],[172.96,53.19],[172.75,53.21],[172.58,53.2],[172.45,53.17],[172.18,53.05],[172.12,52.99],[172.1,52.9],[172.15,52.81],[172.26,52.75],[172.41,52.71]]],[[[-180,51.79],[-179.93,51.86],[-179.89,51.95],[-179.89,52.02],[-179.94,52.09],[-180,52.14],[-180,52.09],[-180,52.04],[-180,51.99],[-180,51.94],[-180,51.89],[-180,51.84],[-180,51.79]]]]},"properties":{"tzid":"America/Adak"}},
{"type":"Feature","geometry":{"type":"MultiPolygon","coordinates":[[[[-146.73,59.51],[-146.8,59.4],[-146.77,59.31],[-146.65,59.23],[-146.43,59.19],[-146.29,59.19],[-146.07,59.24],[-145.93,59.31],[-145.85,59.42],[-145.87,59.49],[-146,59.64],[-146.11,59.7],[-146.29,59.74],[-146.42,59.73],[-146.59,59.69],[-146.7,59.61],[-146.73,59.51]]],[[[-155.78,55.57],[-155.68,55.55],[-155.54,55.55],[-155.44,55.58],[-155.29,55.65],[-155.23,55.71],[-155.2,55.81],[-155.21,55.93],[-155.29,56.03],[-155.41,56.09],[-155.65,56.11],[-155.78,56.09],[-156.07,55.96],[-156.13,55.9],[-156.15,55.83],[-156.12,55.73],[-156.01,55.65],[-155.92,55.6],[-155.78,55.57]]],[[[-157.5,55.97],[-157.67,55.92],[-157.76,55.82],[-157.76,55.76],[-157.71,55.67],[-157.57,55.6],[-157.36,55.58],[-157.23,55.6],[-157.09,55.69],[-157.05,55.76],[-157.08,55.85],[-157.15,55.92],[-157.35,55.97],[-157.5,55.97]]],[[[-140.76,69.83],[-140.95,69.87],[-141.14,69.88],[-141.33,69.94],[-141.81,70.03],[-142.24,70.16],[-143.01,70.33],[-143.2,70.35],[-143.59,70.35],[-144.12,70.31],[-144.51,70.24],[-144.78,70.2],[-145.13,70.24],[-145.31,70.27],[-145.57,70.34],[-145.9,70.39],[-146.24,70.42],[-146.52,70.43],[-146.81,70.49],[-146.97,70.5],[-147.17,70.56],[-147.43,70.59],[-147.69,70.68],[-147.99,70.7],[-148.21,70.68],[-148.45,70.68],[-148.63,70.67],[-149.29,70.75],[-149.74,70.77],[-150.33,70.75],[-150.62,70.7],[-151.02,70.68],[-151.22,70.74],[-151.4,70.76],[-151.54,70.83],[-151.61,70.89],[-151.91,71],[-152.32,71.07],[-152.74,71.11],[-153.14,71.12],[-153.34,71.12],[-153.58,71.09],[-153.82,71.09],[-154.12,71.14],[-154.29,71.2],[-154.76,71.33],[-155.21,71.4],[-155.48,71.43],[-155.73,71.49],[-156.36,71.59],[-156.57,71.59],[-156.87,71.55],[-157.32,71.4],[-157.77,71.16],[-157.91,71.1],[-158.23,71.02],[-158.38,71.07],[-158.55,71.1],[-158.78,71.11],[-159,71.1],[-159.5,71.05],[-159.84,70.99],[-160.1,70.93],[-160.68,70.69],[-160.91,70.6],[-161.25,70.52],[-161.42,70.5],[-161.73,70.52],[-161.94,70.53],[-162.21,70.5],[-162.69,70.36],[-162.98,70.23],[-163.2,70.07],[-163.47,69.94],[-163.6,69.83],[-163.72,69.65],[-163.72,69.43],[-163.76,69.39],[-164.08,69.22],[-164.44,69.12],[-164.65,69.12],[-165.41,69.06],[-165.6,69.05],[-166.12,69.08],[-166.32,69.08],[-166.52,69.05],[-166.64,69.01],[-166.78,68.9],[-166.74,68.78],[-166.78,68.61],[-166.83,68.57],[-167.2,68.49],[-167.3,68.45],[-167.38,68.38],[-167.35,68.27],[-167.2,68.19],[-167.01,68.15],[-166.74,68.14],[-166.5,68.1],[-166.31,67.98],[-166.12,67.93],[-165.69,67.87],[-164.83,67.56],[-164.53,67.48],[-164.37,67.35],[-164.32,67.28],[-164.42,67.2],[-164.44,67.14],[-164.37,67.06],[-164.27,67.01],[-163.88,66.92],[-163.19,66.84],[-163.12,66.82],[-162.98,66.67],[-162.89,66.61],[-162.68,66.55],[-162.57,66.53],[-162.39,66.44],[-162.88,66.3],[-163.17,66.37],[-163.09,66.4],[-163.01,66.49],[-163.01,66.56],[-163.08,66.63],[-163.17,66.68],[-163.39,66.75],[-163.64,66.78],[-163.91,66.8],[-164.21,66.79],[-164.57,66.77],[-165.21,66.68],[-166.11,66.5],[-166.49,66.39],[-166.61,66.36],[-167.12,66.21],[-167.64,66.04],[-167.82,65.98],[-168.16,65.91],[-168.44,65.83],[-168.54,65.9],[-168.65,65.94],[-168.85,65.97],[-168.98,65.97],[-168.98,65.5],[-169.05,65.47],[-168.91,65.44],[-168.72,65.42],[-168.46,65.46],[-168.31,65.41],[-167.99,65.34],[-167.69,65.24],[-167.42,65.2],[-167.42,65.14],[-167.35,65.05],[-167.15,64.93],[-167.04,64.85],[-166.94,64.82],[-166.93,64.68],[-166.82,64.56],[-166.69,64.49],[-166.63,64.39],[-166.53,64.33],[-166.33,64.28],[-166.08,64.28],[-165.86,64.34],[-165.45,64.29],[-165.11,64.24],[-164.75,64.25],[-164.59,64.28],[-164.22,64.37],[-164,64.35],[-163.69,64.36],[-163.55,64.28],[-163.35,64.22],[-162.96,64.14],[-162.67,64.13],[-162.48,64.18],[-162.3,64.25],[-162.18,64.34],[-161.74,64.2],[-161.77,64.12],[-161.68,64],[-161.59,63.96],[-161.31,63.91],[-161.25,63.8],[-161.39,63.74],[-161.57,63.8],[-161.85,63.8],[-162.04,63.76],[-162.22,63.81],[-162.38,63.83],[-162.63,63.83],[-162.76,63.81],[-162.94,63.76],[-163.06,63.71],[-163.16,63.6],[-163.14,63.52],[-163.08,63.46],[-162.96,63.4],[-163.16,63.34],[-163.24,63.29],[-163.49,63.38],[-163.88,63.45],[-164.12,63.46],[-164.26,63.45],[-164.65,63.37],[-164.87,63.29],[-165.04,63.2],[-165.23,63.2],[-165.42,63.16],[-165.54,63.07],[-165.56,63],[-165.46,62.88],[-165.33,62.83],[-165.37,62.76],[-165.55,62.73],[-165.7,62.66],[-165.79,62.47],[-165.78,62.42],[-165.99,62.28],[-166.15,62.26],[-166.34,62.17],[-166.44,62.04],[-166.42,61.96],[-166.54,61.83],[-166.59,61.64],[-166.59,61.52],[-166.53,61.43],[-166.37,61.27],[-166.23,61.21],[-166.04,61.11],[-165.97,60.99],[-165.77,60.9],[-165.55,60.86],[-165.48,60.77],[-165.64,60.73],[-165.79,60.63],[-165.81,60.58],[-166.08,60.65],[-166.18,60.65],[-166.37,60.63],[-166.96,60.5],[-167.06,60.45],[-167.46,60.43],[-167.72,60.35],[-167.82,60.27],[-167.85,60.19],[-167.82,60.13],[-167.73,60.05],[-167.66,59.95],[-167.54,59.89],[-167.2,59.78],[-167.07,59.77],[-166.85,59.68],[-166.66,59.65],[-166.52,59.64],[-166.46,59.6],[-166.32,59.56],[-166.06,59.55],[-165.86,59.58],[-165.71,59.67],[-165.55,59.69],[-165.32,59.75],[-165.19,59.84],[-165.14,59.93],[-165.13,60],[-164.97,59.99],[-164.82,60],[-164.73,59.94],[-164.69,59.84],[-164.5,59.67],[-164.24,59.52],[-164.1,59.48],[-163.9,59.46],[-163.74,59.46],[-163.53,59.52],[-163.46,59.57],[-163.27,59.58],[-163.02,59.62],[-162.82,59.63],[-162.72,59.64],[-162.62,59.56],[-162.52,59.53],[-162.48,59.44],[-162.39,59.38],[-162.44,59.29],[-162.44,59.23],[-162.35,59.08],[-162.17,58.92],[-162.17,58.87],[-162.28,58.85],[-162.41,58.81],[-162.52,58.74],[-162.55,58.68],[-162.53,58.58],[-162.46,58.52],[-162.31,58.45],[-162.06,58.42],[-161.96,58.38],[-161.82,58.35],[-161.58,58.36],[-161.38,58.42],[-161.19,58.36],[-161.07,58.35],[-160.82,58.37],[-160.66,58.41],[-160.59,58.45],[-160.45,58.4],[-160.25,58.39],[-160.14,58.41],[-160,58.39],[-159.85,58.4],[-159.75,58.43],[-159.64,58.49],[-159.59,58.54],[-159.45,58.39],[-159.42,58.32],[-159.29,58.24],[-159.09,58.19],[-158.85,58.19],[-158.73,58.21],[-158.57,58.25],[-158.39,58.34],[-158.2,58.38],[-157.98,58.22],[-157.97,58.13],[-158.02,57.88],[-158.08,57.75],[-158.17,57.63],[-158.28,57.55],[-158.64,57.41],[-158.99,57.11],[-159.02,57.07],[-159.16,57.02],[-159.29,56.95],[-159.66,56.84],[-159.75,56.79],[-159.97,56.73],[-160.1,56.67],[-160.23,56.6],[-160.38,56.55],[-160.66,56.4],[-160.71,56.35],[-160.79,56.23],[-161.08,56.23],[-161.23,56.21],[-161.69,56.13],[-161.99,56.07],[-162.16,55.98],[-162.28,55.95],[-162.52,55.82],[-162.77,55.64],[-162.9,55.58],[-163.05,55.64],[-163.15,55.66],[-163.3,55.66],[-163.48,55.59],[-163.55,55.48],[-163.54,55.41],[-163.47,55.3],[-163.66,55.25],[-163.82,55.26],[-164.01,55.23],[-164.15,55.18],[-164.35,55.13],[-164.51,55.13],[-164.66,55.1],[-164.81,55.03],[-164.87,54.98],[-164.96,54.82],[-165.16,54.75],[-165.25,54.68],[-165.29,54.58],[-165.28,54.49],[-165.34,54.48],[-165.49,54.5],[-165.64,54.5],[-165.81,54.47],[-165.9,54.42],[-166.06,54.42],[-166.17,54.39],[-166.3,54.33],[-166.38,54.28],[-166.42,54.21],[-166.55,54.21],[-166.79,54.21],[-167,54.18],[-167.19,54.13],[-167.36,54.04],[-167.46,53.95],[-167.5,53.84],[-167.45,53.73],[-167.54,53.65],[-167.63,53.7],[-167.86,53.75],[-167.79,53.79],[-167.72,53.85],[-167.69,53.94],[-167.73,54.03],[-167.8,54.08],[-167.89,54.12],[-168.07,54.14],[-168.25,54.11],[-168.33,54.06],[-168.39,53.95],[-168.36,53.85],[-168.21,53.75],[-168.41,53.7],[-168.61,53.61],[-168.74,53.46],[-168.85,53.42],[-169.07,53.28],[-169.14,53.15],[-169.2,53.11],[-169.35,53.08],[-169.5,52.62],[-169.39,52.58],[-169.3,52.56],[-169.17,52.57],[-168.75,52.71],[-168.6,52.73],[-168.51,52.78],[-168.32,52.79],[-168.14,52.87],[-168.1,52.91],[-168.07,53.01],[-167.98,53.07],[-167.88,53.07],[-167.7,53.02],[-167.58,53.03],[-167.33,53.08],[-167.15,53.15],[-167,53.22],[-166.76,53.23],[-166.54,53.29],[-166.33,53.4],[-166.22,53.48],[-166.04,53.53],[-165.76,53.7],[-165.71,53.77],[-165.7,53.84],[-165.6,53.83],[-165.38,53.84],[-165.3,53.84],[-165.12,53.86],[-164.83,53.89],[-164.68,53.96],[-164.62,54.02],[-164.46,54.12],[-164.42,54.22],[-164.32,54.24],[-164.2,54.28],[-164.05,54.37],[-164.01,54.42],[-163.79,54.43],[-163.57,54.4],[-163.42,54.42],[-163.33,54.46],[-163.25,54.46],[-163.28,54.37],[-163.25,54.29],[-163.15,54.21],[-162.96,54.16],[-162.79,54.1],[-162.59,54.09],[-162.42,54.12],[-162.21,54.19],[-162.1,54.24],[-162.02,54.32],[-162,54.42],[-161.9,54.44],[-161.76,54.54],[-161.52,54.58],[-161.41,54.63],[-161.3,54.74],[-161.31,54.82],[-161.21,54.87],[-161.11,54.96],[-161.03,54.96],[-160.87,54.92],[-160.74,54.92],[-160.6,54.88],[-160.57,54.81],[-160.49,54.74],[-160.34,54.67],[-160.24,54.66],[-160.08,54.68],[-159.92,54.61],[-159.61,54.56],[-159.47,54.56],[-159.33,54.59],[-159.21,54.66],[-159.12,54.68],[-159.01,54.73],[-158.9,54.81],[-158.85,54.88],[-158.87,54.99],[-158.94,55.06],[-158.95,55.11],[-159.03,55.19],[-159.14,55.24],[-159.15,55.34],[-159.23,55.41],[-159.31,55.45],[-159.25,55.53],[-159.07,55.6],[-158.97,55.58],[-158.8,55.58],[-158.5,55.67],[-158.44,55.7],[-158.35,55.8],[-158.16,55.86],[-158.08,55.93],[-157.91,55.97],[-157.76,56.07],[-157.63,56.08],[-157.44,56.15],[-157.38,56.22],[-157.37,56.32],[-157.12,56.31],[-157.17,56.22],[-157.17,56.15],[-157.11,56.04],[-157.09,55.94],[-156.99,55.84],[-156.92,55.81],[-156.71,55.78],[-156.5,55.82],[-156.38,55.88],[-156.28,56],[-156.27,56.05],[-156.31,56.14],[-156.38,56.22],[-156.42,56.3],[-156.49,56.36],[-156.67,56.42],[-156.61,56.52],[-156.63,56.6],[-156.49,56.68],[-156.32,56.73],[-156.23,56.8],[-156.05,57],[-155.93,57.09],[-155.91,57.18],[-155.94,57.24],[-155.78,57.28],[-155.69,57.34],[-155.54,57.37],[-155.39,57.47],[-155.18,57.5],[-154.98,57.62],[-154.9,57.69],[-154.72,57.8],[-154.64,57.77],[-154.77,57.72],[-154.96,57.61],[-155.06,57.5],[-155.14,57.45],[-155.2,57.34],[-155.18,57.22],[-155.07,57.15],[-154.89,57.09],[-154.89,56.96],[-154.84,56.88],[-154.67,56.8],[-154.99,56.64],[-155.12,56.53],[-155.15,56.48],[-155.16,56.4],[-155.06,56.28],[-154.98,56.24],[-154.82,56.2],[-154.6,56.22],[-154.43,56.29],[-153.9,56.31],[-153.8,56.32],[-153.63,56.39],[-153.53,56.47],[-153.49,56.54],[-153.5,56.62],[-153.42,56.71],[-153.24,56.79],[-153.13,56.81],[-152.97,56.87],[-152.89,56.92],[-152.71,56.96],[-152.59,57.02],[-152.51,57.11],[-152.39,57.17],[-152.25,57.16],[-152.09,57.19],[-151.99,57.24],[-151.89,57.35],[-151.9,57.44],[-151.83,57.49],[-151.76,57.6],[-151.76,57.66],[-151.83,57.75],[-151.84,57.83],[-151.95,57.96],[-151.73,57.98],[-151.54,58.04],[-151.48,58.09],[-151.41,58.19],[-151.41,58.27],[-151.43,58.4],[-151.52,58.48],[-151.65,58.53],[-151.78,58.55],[-151.84,58.62],[-151.92,58.67],[-151.62,58.82],[-151.57,58.9],[-151.34,58.91],[-151.05,59],[-150.88,59],[-150.77,59.02],[-150.64,59.09],[-150.49,59.12],[-150.34,59.12],[-150.18,59.16],[-150.06,59.23],[-149.91,59.38],[-149.7,59.32],[-149.51,59.33],[-149.34,59.38],[-149.27,59.43],[-149.17,59.56],[-149.16,59.61],[-148.97,59.73],[-148.59,59.71],[-148.43,59.74],[-148.32,59.74],[-148.24,59.66],[-148.17,59.62],[-147.98,59.57],[-147.78,59.57],[-147.28,59.66],[-147.12,59.71],[-147,59.77],[-146.94,59.86],[-146.93,59.97],[-146.7,59.97],[-146.24,60.13],[-145.99,60.18],[-145.8,60.15],[-145.66,60.1],[-145.33,60.03],[-144.84,60],[-144.92,59.94],[-145.01,59.81],[-145,59.76],[-144.93,59.66],[-144.84,59.61],[-144.64,59.56],[-144.47,59.57],[-144.3,59.62],[-144.11,59.77],[-143.79,59.8],[-143.63,59.82],[-143.42,59.84],[-143.01,59.85],[-142.81,59.88],[-142.67,59.89],[-142.44,59.85],[-142.33,59.86],[-142.04,59.82],[-141.93,59.78],[-141.75,59.76],[-141.67,59.72],[-141.36,59.64],[-141.1,59.56],[-140.68,59.51],[-140.44,59.5],[-139.69,59.23],[-139.53,59.18],[-139.12,59.08],[-138.8,58.95],[-138.48,58.88],[-138.33,58.81],[-138.27,58.69],[-138.05,58.57],[-137.92,58.46],[-137.76,58.41],[-137.65,58.36],[-137.42,58.28],[-137.31,58.22],[-137.17,58.18],[-136.96,58.07],[-136.95,57.91],[-136.92,57.84],[-136.72,57.67],[-136.65,57.63],[-136.57,57.5],[-136.46,57.43],[-136.29,57.36],[-136.25,57.33],[-136.26,57.27],[-136.21,57.13],[-136.23,57],[-136.18,56.9],[-136.06,56.83],[-135.92,56.8],[-135.86,56.72],[-135.71,56.61],[-135.55,56.53],[-135.46,56.51],[-135.4,56.46],[-135.27,56.29],[-135.14,56.14],[-134.9,56.01],[-134.97,55.9],[-134.96,55.83],[-134.87,55.74],[-134.74,55.68],[-134.53,55.66],[-134.42,55.63],[-134.23,55.62],[-134.14,55.64],[-134.1,55.59],[-134.16,55.51],[-134.18,55.45],[-134.16,55.37],[-134.04,55.28],[-133.98,55.18],[-133.83,55.07],[-133.83,55],[-133.89,54.93],[-133.91,54.87],[-133.88,54.74],[-133.77,54.62],[-133.63,54.56],[-133.51,54.55],[-133.36,54.57],[-133.21,54.65],[-133.1,54.55],[-132.98,54.5],[-132.7,54.46],[-132.57,54.47],[-132.43,54.52],[-132.32,54.51],[-132.19,54.47],[-132.08,54.46],[-131.95,54.48],[-131.78,54.54],[-131.67,54.64],[-131.45,54.55],[-131.32,54.61],[-131.22,54.69],[-131.08,54.77],[-130.92,54.7],[-130.66,54.65],[-130.64,54.71],[-130.63,54.73],[-130.66,54.76],[-130.57,54.79],[-130.35,54.92],[-130.19,55.06],[-130.1,55.19],[-129.97,55.28],[-130.02,55.34],[-130.04,55.45],[-130.13,55.58],[-130.11,55.68],[-130.15,55.77],[-130.08,55.82],[-130.02,55.91],[-130,56.01],[-130.1,56.12],[-130.25,56.1],[-130.43,56.14],[-130.47,56.24],[-130.62,56.27],[-130.78,56.37],[-131.09,56.41],[-131.17,56.45],[-131.47,56.55],[-131.58,56.61],[-131.84,56.6],[-131.86,56.7],[-131.9,56.75],[-131.87,56.81],[-132.12,56.87],[-132.05,57.05],[-132.37,57.09],[-132.25,57.21],[-132.37,57.35],[-132.55,57.5],[-132.75,57.7],[-132.87,57.84],[-133.07,58],[-133.17,58.15],[-133.35,58.28],[-133.46,58.39],[-133.38,58.43],[-133.71,58.61],[-133.84,58.73],[-134.26,58.86],[-134.41,58.98],[-134.38,59.04],[-134.48,59.13],[-134.57,59.13],[-134.68,59.19],[-134.7,59.25],[-134.96,59.28],[-135.03,59.35],[-134.99,59.39],[-135.1,59.43],[-135.03,59.47],[-135.03,59.56],[-135.16,59.63],[-135.25,59.7],[-135.48,59.8],[-135.95,59.66],[-136.19,59.64],[-136.35,59.6],[-136.24,59.56],[-136.31,59.46],[-136.48,59.47],[-136.47,59.28],[-136.58,59.17],[-136.83,59.16],[-136.97,59.1],[-137.28,59],[-137.45,58.91],[-137.53,58.91],[-137.5,58.99],[-137.61,59.24],[-138.63,59.77],[-138.71,59.91],[-139.05,59.99],[-139.2,60.09],[-139.07,60.32],[-139.07,60.35],[-139.69,60.34],[-139.98,60.18],[-140.46,60.31],[-140.52,60.22],[-141,60.31],[-141,60.82],[-141,61.6],[-141,62.22],[-141,63.02],[-141,63.52],[-141,64.12],[-141,64.54],[-141,64.99],[-141,65.49],[-141,66.18],[-141,66.89],[-141,67.6],[-141,68.1],[-141,68.5],[-141,69.13],[-141,69.65],[-140.76,69.83]]],[[[-172.26,63.4],[-172.08,63.24],[-172.02,63.21],[-171.73,63.13],[-171.52,63.11],[-171.37,63.11],[-171.12,63.16],[-170.96,63.22],[-170.77,63.18],[-170.66,63.08],[-170.45,63],[-170.21,62.97],[-170.13,62.85],[-169.97,62.78],[-169.78,62.75],[-169.55,62.74],[-169.43,62.76],[-169.25,62.82],[-169.12,62.91],[-169,62.88],[-168.82,62.87],[-168.57,62.91],[-168.46,62.95],[-168.38,63.01],[-168.36,63.12],[-168.31,63.16],[-168.24,63.29],[-168.26,63.35],[-168.36,63.43],[-168.47,63.47],[-168.73,63.52],[-168.92,63.54],[-169.15,63.54],[-169.29,63.55],[-169.46,63.61],[-169.6,63.63],[-169.61,63.7],[-169.72,63.79],[-169.91,63.84],[-170.32,63.9],[-170.67,63.88],[-170.91,63.83],[-171.03,63.79],[-171.2,63.82],[-171.32,63.91],[-171.48,63.97],[-171.79,63.98],[-171.95,63.96],[-172.07,63.92],[-172.18,63.83],[-172.2,63.71],[-172.27,63.62],[-172.3,63.48],[-172.26,63.4]]],[[[-168.47,65.09],[-168.55,65.02],[-168.56,64.93],[-168.51,64.87],[-168.33,64.79],[-168.18,64.77],[-168.01,64.76],[-167.86,64.78],[-167.7,64.83],[-167.59,64.93],[-167.59,65.02],[-167.63,65.07],[-167.76,65.14],[-168.05,65.18],[-168.18,65.18],[-168.37,65.14],[-168.47,65.09]]],[[[-169.93,56.42],[-169.74,56.35],[-169.51,56.34],[-169.37,56.37],[-169.22,56.44],[-169.14,56.51],[-169.11,56.57],[-169.14,56.68],[-169.28,56.77],[-169.46,56.81],[-169.83,56.81],[-169.97,56.79],[-170.1,56.71],[-170.14,56.64],[-170.14,56.57],[-170.03,56.46],[-169.93,56.42]]],[[[-170.77,57.09],[-170.77,57.01],[-170.73,56.95],[-170.63,56.88],[-170.52,56.85],[-170.28,56.85],[-170.16,56.89],[-170,56.98],[-169.84,56.99],[-169.66,57.05],[-169.58,57.13],[-169.57,57.2],[-169.62,57.28],[-169.68,57.33],[-169.88,57.41],[-170.05,57.45],[-170.17,57.45],[-170.51,57.4],[-170.63,57.36],[-170.74,57.29],[-170.78,57.24],[-170.79,57.15],[-170.77,57.09]]],[[[-173.19,60.3],[-173.18,60.14],[-173.03,60.04],[-172.81,60],[-172.64,60.01],[-172.52,60.04],[-172.4,60.1],[-172.28,60.1],[-172.12,60.11],[-172,60.14],[-171.86,60.23],[-171.83,60.36],[-171.92,60.45],[-172.17,60.56],[-172.34,60.6],[-172.51,60.61],[-172.53,60.67],[-172.77,60.84],[-172.93,60.89],[-173.09,60.9],[-173.34,60.85],[-173.44,60.79],[-173.52,60.66],[-173.47,60.54],[-173.46,60.45],[-173.39,60.38],[-173.19,60.3]]]]},"properties":{"tzid":"America/Anchorage"}},
{"type":"Feature","geometry":{"type":"MultiPolygon","coordinates":[[[[-71.15,12.52],[-71.12,12.46],[-71.08,12.4],[-71.06,12.31],[-71.01,12.23],[-70.92,12.16],[-70.86,12.16],[-70.79,12.19],[-70.71,12.25],[-70.65,12.36],[-70.66,12.45],[-70.74,12.6],[-70.85,12.7],[-70.91,12.72],[-71,12.7],[-71.05,12.68],[-71.12,12.6],[-71.15,12.52]]],[[[-63.4,15.69],[-63.41,15.75],[-63.47,15.86],[-63.54,15.9],[-63.65,15.91],[-63.73,15.89],[-63.78,15.86],[-63.84,15.78],[-63.86,15.7],[-63.85,15.64],[-63.8,15.54],[-63.72,15.48],[-63.64,15.46],[-63.57,15.47],[-63.48,15.51],[-63.42,15.58],[-63.4,15.69]]],[[[-63.13,11.14],[-63,11.17],[-62.95,11.2],[-62.88,11.27],[-62.85,11.35],[-62.84,11.42],[-62.88,11.53],[-62.96,11.6],[-63.04,11.61],[-63.22,11.58],[-63.31,11.5],[-63.34,11.41],[-63.34,11.35],[-63.32,11.25],[-63.27,11.19],[-63.21,11.16],[-63.13,11.14]]],[[[-64.84,11.91],[-64.85,11.83],[-64.81,11.71],[-64.75,11.65],[-64.69,11.63],[-64.58,11.61],[-64.53,11.55],[-64.43,11.51],[-64.35,11.52],[-64.28,11.55],[-64.24,11.59],[-64.19,11.73],[-64.2,11.82],[-64.25,11.92],[-64.32,11.99],[-64.44,12.03],[-64.51,12.07],[-64.61,12.1],[-64.73,12.07],[-64.78,12.02],[-64.84,11.91]]],[[[-65.32,10.69],[-65.16,10.71],[-65.05,10.77],[-65.01,10.83],[-64.99,10.91],[-65.03,11.04],[-65.08,11.11],[-65.14,11.15],[-65.29,11.19],[-65.4,11.2],[-65.47,11.18],[-65.59,11.1],[-65.63,11.02],[-65.64,10.93],[-65.61,10.84],[-65.55,10.77],[-65.49,10.73],[-65.32,10.69]]],[[[-67,11.55],[-66.94,11.5],[-66.89,11.48],[-66.8,11.47],[-66.7,11.52],[-66.67,11.55],[-66.56,11.56],[-66.46,11.61],[-66.42,11.65],[-66.38,11.72],[-66.33,11.65],[-66.24,11.59],[-66.12,11.57],[-66.06,11.58],[-65.98,11.63],[-65.9,11.75],[-65.89,11.84],[-65.9,11.93],[-65.94,12],[-66.01,12.05],[-66.08,12.07],[-66.17,12.06],[-66.35,11.95],[-66.4,11.89],[-66.43,12.03],[-66.49,12.11],[-66.59,12.16],[-66.66,12.17],[-66.75,12.15],[-66.84,12.12],[-66.91,12.1],[-67.03,12.06],[-67.1,12],[-67.16,11.87],[-67.15,11.78],[-67.09,11.68],[-67.04,11.64],[-67,11.55]]],[[[-67.5,12.18],[-67.59,12.24],[-67.7,12.26],[-67.77,12.25],[-67.85,12.19],[-67.89,12.07],[-67.88,11.95],[-67.84,11.86],[-67.77,11.8],[-67.65,11.77],[-67.57,11.78],[-67.5,11.75],[-67.43,11.74],[-67.32,11.76],[-67.24,11.84],[-67.22,11.89],[-67.22,12.02],[-67.24,12.09],[-67.31,12.16],[-67.36,12.19],[-67.5,12.18]]],[[[-67.18,-22.81],[-67.13,-22.72],[-67.01,-22.65],[-67.03,-22.54],[-66.97,-22.54],[-66.93,-22.49],[-66.78,-22.44],[-66.74,-22.24],[-66.69,-22.21],[-66.35,-22.13],[-66.29,-22.08],[-66.27,-21.94],[-66.24,-21.85],[-66.24,-21.79],[-66.08,-21.83],[-66.04,-21.87],[-66.05,-21.92],[-65.92,-21.93],[-65.8,-22.08],[-65.75,-22.11],[-65.68,-22.11],[-65.57,-22.08],[-65.48,-22.09],[-64.99,-22.08],[-64.89,-22.13],[-64.86,-22.12],[-64.74,-22.19],[-64.65,-22.19],[-64.54,-22.28],[-64.57,-22.37],[-64.49,-22.44],[-64.45,-22.52],[-64.41,-22.54],[-64.43,-22.65],[-64.39,-22.72],[-64.34,-22.74],[-64.32,-22.87],[-64.28,-22.82],[-64.27,-22.71],[-64.24,-22.56],[-64.2,-22.49],[-64.12,-22.4],[-64.12,-22.36],[-64.06,-22.24],[-64.01,-22.17],[-63.99,-22.09],[-63.93,-22],[-63.35,-22],[-62.81,-22],[-62.81,-22.1],[-62.72,-22.2],[-62.64,-22.24],[-62.46,-21.67],[-62.26,-21.06],[-62.26,-20.99],[-62.27,-20.56],[-61.92,-20.09],[-61.74,-19.63],[-61,-19.52],[-60.6,-19.46],[-59.98,-19.29],[-59.5,-19.29],[-59.07,-19.29],[-58.7,-19.51],[-58.24,-19.77],[-58.16,-19.83],[-58.2,-19.86],[-58.17,-20.03],[-58.14,-20.12],[-58.17,-20.16],[-58.09,-20.26],[-58.1,-20.32],[-58.07,-20.39],[-58.02,-20.4],[-58,-20.45],[-58.02,-20.53],[-58.01,-20.61],[-57.92,-20.67],[-57.87,-20.73],[-57.93,-20.75],[-57.86,-20.85],[-57.88,-20.91],[-57.82,-20.98],[-57.87,-21.04],[-57.85,-21.1],[-57.86,-21.14],[-57.86,-21.23],[-57.92,-21.28],[-57.85,-21.32],[-57.91,-21.41],[-57.93,-21.47],[-57.97,-21.53],[-57.92,-21.58],[-57.94,-21.64],[-57.9,-21.7],[-57.95,-21.74],[-57.91,-21.77],[-57.93,-21.82],[-57.92,-21.88],[-57.97,-22.02],[-58.01,-22.04],[-57.93,-22.12],[-57.8,-22.15],[-57.73,-22.1],[-57.69,-22.09],[-57.48,-22.19],[-57.39,-22.2],[-57.36,-22.23],[-57.3,-22.22],[-57.24,-22.25],[-57.21,-22.22],[-57.06,-22.23],[-56.95,-22.26],[-56.88,-22.25],[-56.84,-22.3],[-56.74,-22.24],[-56.64,-22.26],[-56.56,-22.2],[-56.52,-22.11],[-56.42,-22.08],[-56.36,-22.18],[-56.21,-22.28],[-56.12,-22.27],[-56.07,-22.29],[-55.85,-22.28],[-55.79,-22.38],[-55.75,-22.38],[-55.75,-22.48],[-55.72,-22.55],[-55.63,-22.63],[-55.62,-22.77],[-55.67,-22.85],[-55.6,-23.12],[-55.54,-23.16],[-55.56,-23.32],[-55.5,-23.38],[-55.54,-23.45],[-55.53,-23.63],[-55.48,-23.65],[-55.43,-23.79],[-55.45,-23.92],[-55.42,-23.96],[-55.34,-23.99],[-55.32,-23.96],[-55.23,-24.01],[-55.13,-23.98],[-55.06,-23.99],[-55,-23.96],[-54.93,-23.96],[-54.93,-23.92],[-54.79,-23.87],[-54.71,-23.86],[-54.67,-23.82],[-54.59,-23.84],[-54.51,-23.89],[-54.44,-23.9],[-54.41,-23.96],[-54.32,-24],[-54.28,-24.07],[-54.25,-24.06],[-54.1,-23.95],[-54.08,-23.89],[-54.08,-23.76],[-54.05,-23.73],[-54.02,-23.59],[-53.99,-23.47],[-53.82,-23.39],[-53.78,-23.38],[-53.73,-23.31],[-53.7,-23.23],[-53.64,-23.13],[-53.63,-23.01],[-53.61,-22.95],[-53.55,-22.89],[-53.38,-22.8],[-53.33,-22.77],[-53.18,-22.71],[-53.1,-22.62],[-53.06,-22.54],[-53,-22.49],[-52.85,-22.44],[-52.8,-22.38],[-52.58,-22.25],[-52.48,-22.21],[-52.41,-22.14],[-52.34,-22.06],[-52.32,-21.97],[-52.27,-21.91],[-52.19,-21.85],[-52.16,-21.77],[-52.1,-21.75],[-52.05,-21.67],[-52.07,-21.6],[-52.1,-21.57],[-52.05,-21.51],[-51.99,-21.52],[-51.93,-21.46],[-51.9,-21.38],[-51.86,-21.34],[-51.85,-21.27],[-51.88,-21.2],[-51.88,-21.14],[-51.79,-21.1],[-51.77,-21.04],[-51.72,-20.97],[-51.62,-20.94],[-51.61,-20.9],[-51.63,-20.84],[-51.63,-20.73],[-51.59,-20.64],[-51.52,-20.59],[-51.45,-20.48],[-51.41,-20.46],[-51.35,-20.36],[-51.29,-20.33],[-51.16,-20.3],[-51.09,-20.27],[-51.06,-20.23],[-51,-20.1],[-51.02,-19.96],[-50.99,-19.9],[-51.02,-19.86],[-51.04,-19.74],[-51.04,-19.69],[-50.99,-19.6],[-50.92,-19.58],[-50.96,-19.5],[-50.94,-19.46],[-50.99,-19.43],[-51.06,-19.33],[-51.19,-19.27],[-51.25,-19.27],[-51.31,-19.22],[-51.36,-19.22],[-51.42,-19.17],[-51.49,-19.16],[-51.59,-19.13],[-51.65,-19.14],[-51.85,-19.05],[-51.92,-18.98],[-52.08,-18.95],[-52.11,-18.9],[-52.18,-18.85],[-52.31,-18.84],[-52.41,-18.76],[-52.45,-18.69],[-52.54,-18.66],[-52.59,-18.69],[-52.68,-18.68],[-52.75,-18.69],[-52.91,-18.64],[-52.96,-18.54],[-52.88,-18.47],[-52.88,-18.43],[-52.8,-18.41],[-52.76,-18.34],[-52.82,-18.31],[-52.98,-18.3],[-53.03,-18.35],[-53.1,-18.31],[-53.11,-18.22],[-53.14,-18.08],[-53.08,-18.05],[-53.06,-17.99],[-53.14,-17.87],[-53.13,-17.83],[-53.2,-17.73],[-53.23,-17.71],[-53.25,-17.63],[-53.23,-17.44],[-53.2,-17.38],[-53.21,-17.32],[-53.16,-17.19],[-53.11,-17.11],[-53.05,-17.06],[-53.06,-17.02],[-53.01,-16.86],[-52.97,-16.87],[-52.89,-16.78],[-52.84,-16.77],[-52.79,-16.71],[-52.71,-16.6],[-52.63,-16.54],[-52.6,-16.46],[-52.67,-16.41],[-52.69,-16.37],[-52.66,-16.28],[-52.55,-16.26],[-52.55,-16.16],[-52.51,-16.13],[-52.46,-16.13],[-52.33,-16.07],[-52.25,-15.89],[-52.19,-15.88],[-52.01,-15.89],[-51.95,-15.81],[-51.89,-15.83],[-51.76,-15.64],[-51.75,-15.56],[-51.67,-15.37],[-51.69,-15.32],[-51.65,-15.17],[-51.6,-15.16],[-51.54,-15.07],[-51.46,-15.05],[-51.43,-15.01],[-51.37,-15.01],[-51.33,-14.97],[-51.28,-15.04],[-51.23,-15.03],[-51.16,-14.99],[-51.15,-14.95],[-51.09,-14.92],[-51.09,-14.84],[-51.04,-14.79],[-51.06,-14.76],[-51.03,-14.68],[-50.99,-14.62],[-51,-14.58],[-50.96,-14.52],[-51,-14.41],[-50.98,-14.3],[-50.91,-14.15],[-50.83,-14.09],[-50.87,-13.98],[-50.84,-13.92],[-50.86,-13.83],[-50.85,-13.76],[-50.87,-13.73],[-50.81,-13.7],[-50.77,-13.59],[-50.76,-13.53],[-50.66,-13.43],[-50.66,-13.38],[-50.62,-13.32],[-50.58,-13.22],[-50.6,-13.2],[-50.59,-13.11],[-50.61,-13.06],[-50.59,-13.01],[-50.52,-12.97],[-50.5,-12.88],[-50.53,-12.84],[-50.61,-12.82],[-50.61,-12.78],[-50.65,-12.68],[-50.71,-12.61],[-50.67,-12.55],[-50.66,-12.5],[-50.62,-12.45],[-50.65,-12.3],[-50.63,-12.28],[-50.64,-12.23],[-50.69,-12.2],[-50.67,-12.07],[-50.69,-12.04],[-50.66,-11.97],[-50.66,-11.91],[-50.72,-11.74],[-50.66,-11.65],[-50.66,-11.59],[-50.72,-11.58],[-50.74,-11.54],[-50.74,-11.44],[-50.7,-11.3],[-50.67,-11.29],[-50.65,-11.22],[-50.66,-11.15],[-50.61,-11.07],[-50.63,-10.93],[-50.6,-10.9],[-50.61,-10.81],[-50.57,-10.75],[-50.6,-10.66],[-50.54,-10.61],[-50.52,-10.53],[-50.47,-10.4],[-50.42,-10.34],[-50.39,-10.21],[-50.39,-10.14],[-50.33,-10.07],[-50.29,-10.02],[-50.26,-9.91],[-50.22,-9.84],[-50.77,-9.81],[-51.3,-9.77],[-51.59,-9.75],[-52.26,-9.71],[-52.74,-9.67],[-53.13,-9.64],[-53.91,-9.59],[-54.61,-9.53],[-55.15,-9.49],[-55.6,-9.46],[-55.87,-9.43],[-56.16,-9.41],[-56.67,-9.37],[-56.75,-9.4],[-56.82,-9.25],[-56.94,-9.23],[-57,-9.23],[-57.06,-9.17],[-57.04,-9.11],[-57.09,-9.02],[-57.13,-9],[-57.19,-8.93],[-57.23,-8.91],[-57.31,-8.91],[-57.42,-8.86],[-57.43,-8.78],[-57.47,-8.78],[-57.59,-8.72],[-57.63,-8.64],[-57.62,-8.59],[-57.65,-8.56],[-57.63,-8.52],[-57.69,-8.41],[-57.67,-8.37],[-57.68,-8.31],[-57.64,-8.22],[-57.67,-8.17],[-57.72,-8.15],[-57.73,-8.1],[-57.78,-8.05],[-57.83,-7.97],[-57.84,-7.9],[-57.87,-7.81],[-57.9,-7.67],[-57.94,-7.64],[-57.97,-7.53],[-58.05,-7.42],[-58.1,-7.36],[-58.17,-7.32],[-58.18,-7.2],[-58.25,-7.08],[-58.29,-7.06],[-58.32,-7],[-58.39,-6.96],[-58.44,-6.9],[-58.48,-6.77],[-58.47,-6.68],[-58.42,-6.61],[-58.34,-6.55],[-58.26,-6.47],[-58.06,-6.04],[-57.78,-5.42],[-57.48,-4.77],[-57.3,-4.39],[-57,-3.76],[-56.89,-3.5],[-56.76,-3.23],[-56.54,-2.74],[-56.4,-2.46],[-56.46,-2.42],[-56.42,-2.36],[-56.38,-2.27],[-56.26,-2.22],[-56.19,-2.17],[-56.1,-2.05],[-56.23,-2.06],[-56.4,-2.18],[-56.44,-2.15],[-56.48,-2.17],[-56.53,-2.14],[-56.58,-2.18],[-56.68,-2.21],[-56.76,-2.17],[-56.77,-2.14],[-56.73,-2.09],[-56.73,-2.03],[-56.77,-2.01],[-56.82,-2.02],[-56.96,-1.95],[-56.99,-1.91],[-57.03,-1.92],[-57.08,-1.8],[-57.17,-1.75],[-57.21,-1.71],[-57.33,-1.72],[-57.35,-1.74],[-57.41,-1.67],[-57.52,-1.65],[-57.54,-1.61],[-57.62,-1.59],[-57.67,-1.6],[-57.71,-1.5],[-57.78,-1.51],[-57.83,-1.44],[-57.92,-1.42],[-57.99,-1.35],[-57.99,-1.29],[-57.96,-1.22],[-57.98,-1.15],[-58.03,-1.1],[-58.08,-1.13],[-58.16,-1.23],[-58.26,-1.13],[-58.32,-1.14],[-58.36,-1.07],[-58.43,-1.02],[-58.41,-0.98],[-58.47,-0.87],[-58.61,-0.76],[-58.63,-0.72],[-58.71,-0.68],[-58.73,-0.63],[-58.71,-0.53],[-58.74,-0.47],[-58.73,-0.44],[-58.79,-0.39],[-58.87,-0.35],[-58.87,-0.27],[-58.88,-0.2],[-58.87,-0.17],[-58.86,-0.08],[-58.9,-0.01],[-58.9,0.62],[-58.9,1.23],[-58.82,1.17],[-58.74,1.2],[-58.71,1.28],[-58.63,1.29],[-58.59,1.27],[-58.5,1.27],[-58.47,1.37],[-58.51,1.4],[-58.51,1.46],[-58.39,1.47],[-58.39,1.52],[-58.32,1.57],[-58.16,1.56],[-58.13,1.5],[-58.06,1.53],[-58.01,1.52],[-57.98,1.57],[-57.98,1.66],[-57.93,1.64],[-57.89,1.67],[-57.8,1.69],[-57.79,1.73],[-57.71,1.73],[-57.65,1.68],[-57.55,1.69],[-57.45,1.81],[-57.43,1.91],[-57.37,1.92],[-57.35,1.98],[-57.28,1.98],[-57.26,1.95],[-57.12,2.01],[-57,1.91],[-56.92,1.93],[-56.89,1.9],[-56.77,1.87],[-56.72,1.93],[-56.65,1.92],[-56.62,1.95],[-56.58,1.91],[-56.5,1.94],[-56.48,1.97],[-56.59,2.03],[-56.69,2.05],[-56.76,2.13],[-56.82,2.21],[-56.8,2.26],[-56.86,2.29],[-56.88,2.36],[-56.92,2.38],[-56.96,2.5],[-57.03,2.6],[-57.02,2.64],[-57.13,2.77],[-57.15,2.82],[-57.2,2.84],[-57.22,2.95],[-57.19,3.03],[-57.21,3.07],[-57.26,3.1],[-57.3,3.29],[-57.28,3.33],[-57.31,3.39],[-57.34,3.37],[-57.43,3.37],[-57.48,3.34],[-57.51,3.37],[-57.57,3.35],[-57.65,3.37],[-57.7,3.42],[-57.63,3.47],[-57.65,3.53],[-57.71,3.57],[-57.76,3.62],[-57.84,3.68],[-57.86,3.8],[-57.95,3.92],[-57.97,3.92],[-58.04,4],[-58.03,4.07],[-58.07,4.16],[-57.95,4.32],[-57.96,4.4],[-57.92,4.45],[-57.89,4.55],[-57.84,4.62],[-57.84,4.69],[-57.87,4.76],[-57.92,4.78],[-57.92,4.83],[-57.85,4.92],[-57.76,4.93],[-57.75,4.96],[-57.67,5.01],[-57.62,4.99],[-57.53,5.02],[-57.48,4.99],[-57.41,4.99],[-57.32,5.04],[-57.32,5.1],[-57.3,5.17],[-57.26,5.19],[-57.23,5.14],[-57.18,5.19],[-57.22,5.25],[-57.29,5.24],[-57.29,5.32],[-57.33,5.35],[-57.27,5.41],[-57.26,5.49],[-57.17,5.6],[-57.16,5.7],[-57.18,5.74],[-57.14,5.9],[-57.15,6],[-57.12,6.14],[-57.02,6.21],[-57.05,6.28],[-57.15,6.37],[-57.28,6.47],[-57.43,6.52],[-57.48,6.58],[-57.68,6.78],[-57.88,6.95],[-57.94,6.98],[-58.05,7.02],[-58.14,7.03],[-58.27,7.14],[-58.28,7.22],[-58.28,7.34],[-58.31,7.45],[-58.53,7.74],[-58.64,7.8],[-58.71,7.9],[-58.79,7.96],[-58.87,8.05],[-58.99,8.18],[-59.06,8.23],[-59.38,8.42],[-59.5,8.48],[-59.65,8.57],[-59.77,8.6],[-59.91,8.72],[-59.97,8.75],[-60.12,8.78],[-60.25,8.79],[-60.4,8.78],[-60.46,8.95],[-60.48,9.1],[-60.52,9.24],[-60.66,9.48],[-60.81,9.67],[-60.85,9.72],[-60.98,9.78],[-61.11,9.81],[-61.21,9.87],[-61.09,9.89],[-60.91,9.95],[-60.83,10],[-60.8,10.06],[-60.31,11.22],[-60.29,11.32],[-60.33,11.45],[-60.4,11.53],[-60.51,11.56],[-60.57,11.56],[-60.74,11.51],[-61.73,10.95],[-61.78,10.93],[-61.84,10.95],[-61.97,10.93],[-62.03,10.92],[-62.2,10.9],[-62.62,10.95],[-62.74,10.96],[-62.91,10.9],[-63,10.92],[-63.09,10.92],[-63.17,10.93],[-63.3,10.88],[-63.36,10.89],[-63.54,10.88],[-63.61,10.84],[-63.58,10.96],[-63.58,11.05],[-63.54,11.11],[-63.45,11.15],[-63.39,11.21],[-63.37,11.27],[-63.37,11.34],[-63.41,11.43],[-63.46,11.47],[-63.54,11.5],[-63.65,11.49],[-63.7,11.46],[-63.77,11.47],[-63.84,11.44],[-63.92,11.38],[-63.99,11.35],[-64.12,11.27],[-64.25,11.28],[-64.35,11.27],[-64.48,11.22],[-64.56,11.14],[-64.61,11.02],[-64.6,10.91],[-64.57,10.85],[-64.49,10.79],[-64.44,10.77],[-64.48,10.71],[-64.5,10.62],[-64.49,10.57],[-64.6,10.54],[-64.64,10.51],[-64.75,10.52],[-64.84,10.49],[-64.89,10.46],[-64.95,10.37],[-65.08,10.34],[-65.14,10.29],[-65.33,10.32],[-65.58,10.4],[-65.77,10.48],[-65.85,10.54],[-65.86,10.65],[-65.91,10.72],[-65.89,10.81],[-65.89,10.87],[-65.93,10.94],[-66.01,11],[-66.11,11.02],[-66.19,10.99],[-66.25,10.95],[-66.29,10.85],[-66.37,10.83],[-66.49,10.83],[-66.87,10.82],[-66.93,10.81],[-67.03,10.82],[-67.09,10.8],[-67.21,10.76],[-67.41,10.74],[-67.5,10.74],[-67.67,10.7],[-67.73,10.7],[-67.87,10.68],[-68,10.72],[-67.99,10.79],[-68,10.9],[-68.07,11.07],[-68.15,11.16],[-68.21,11.27],[-68.27,11.34],[-68.34,11.39],[-68.49,11.47],[-68.56,11.52],[-68.66,11.55],[-68.76,11.63],[-68.87,11.65],[-68.98,11.65],[-69.07,11.69],[-69.25,11.74],[-69.32,11.73],[-69.41,11.69],[-69.54,11.7],[-69.59,11.84],[-69.61,12.01],[-69.64,12.08],[-69.74,12.26],[-69.68,12.33],[-69.66,12.44],[-69.69,12.55],[-69.79,12.67],[-69.93,12.79],[-69.99,12.81],[-70.08,12.82],[-70.15,12.8],[-70.21,12.75],[-70.26,12.66],[-70.26,12.49],[-70.23,12.43],[-70.16,12.35],[-70.23,12.3],[-70.29,12.29],[-70.35,12.24],[-70.4,12.17],[-70.42,12.11],[-70.49,11.95],[-70.49,11.82],[-70.43,11.69],[-70.44,11.64],[-70.41,11.52],[-70.46,11.49],[-70.55,11.48],[-70.64,11.43],[-70.75,11.43],[-70.93,11.38],[-71.19,11.23],[-71.36,11.16],[-71.47,11.17],[-71.56,11.2],[-71.64,11.25],[-71.72,11.36],[-71.76,11.45],[-71.59,11.49],[-71.39,11.52],[-71.27,11.59],[-71.19,11.66],[-71.14,11.75],[-71.32,11.85],[-71.38,11.81],[-71.64,11.73],[-71.78,11.69],[-71.97,11.65],[-72.25,11.15],[-72.35,11.15],[-72.48,11.1],[-72.48,11.06],[-72.58,10.92],[-72.64,10.88],[-72.74,10.65],[-72.82,10.57],[-72.85,10.49],[-72.89,10.45],[-72.91,10.35],[-72.9,10.22],[-72.95,10.06],[-72.95,10.03],[-73,9.92],[-72.95,9.84],[-72.99,9.78],[-73.05,9.68],[-73.09,9.56],[-73.13,9.55],[-73.2,9.47],[-73.27,9.33],[-73.35,9.18],[-73.25,9.16],[-73.18,9.18],[-73.13,9.23],[-73.07,9.24],[-73.01,9.29],[-72.96,9.18],[-72.97,9.14],[-72.95,9.09],[-72.88,9.13],[-72.77,9.11],[-72.72,8.93],[-72.7,8.81],[-72.66,8.61],[-72.61,8.58],[-72.43,8.38],[-72.39,8.36],[-72.39,8.26],[-72.35,8.17],[-72.37,8.14],[-72.35,8.04],[-72.41,8.02],[-72.49,7.94],[-72.44,7.86],[-72.47,7.79],[-72.48,7.63],[-72.45,7.58],[-72.48,7.49],[-72.42,7.39],[-72.35,7.4],[-72.26,7.38],[-72.19,7.39],[-72.15,7.33],[-72.17,7.25],[-72.05,7.04],[-71.96,7.01],[-71.83,7.03],[-71.81,7.07],[-71.75,7.07],[-71.71,7.04],[-71.64,7.05],[-71.59,7.04],[-71.51,7.03],[-71.46,7.01],[-71.42,7.04],[-71.37,7.02],[-71.3,7.03],[-71.19,7.02],[-71.13,7.03],[-71.11,6.99],[-71.02,6.97],[-70.76,7.1],[-70.69,7.1],[-70.61,7.06],[-70.54,7.07],[-70.5,7.01],[-70.43,7.01],[-70.37,6.98],[-70.32,6.93],[-70.26,6.95],[-70.22,6.97],[-70.12,6.98],[-69.76,6.53],[-69.54,6.25],[-69.44,6.11],[-69.35,6.15],[-69.3,6.09],[-69.24,6.08],[-69.18,6.15],[-69.08,6.22],[-68.91,6.18],[-68.85,6.18],[-68.78,6.15],[-68.73,6.16],[-68.67,6.13],[-68.61,6.16],[-68.47,6.19],[-68.38,6.19],[-68.27,6.16],[-68.25,6.2],[-68.16,6.23],[-68.06,6.23],[-68.03,6.19],[-67.93,6.24],[-67.83,6.33],[-67.76,6.3],[-67.62,6.29],[-67.54,6.26],[-67.45,6.19],[-67.49,6.12],[-67.41,5.99],[-67.47,5.93],[-67.54,5.89],[-67.59,5.83],[-67.63,5.73],[-67.64,5.66],[-67.62,5.58],[-67.6,5.55],[-67.63,5.46],[-67.71,5.42],[-67.84,5.32],[-67.86,5.26],[-67.83,5.19],[-67.85,5.13],[-67.81,5.05],[-67.84,4.95],[-67.82,4.71],[-67.85,4.65],[-67.85,4.51],[-67.8,4.48],[-67.77,4.34],[-67.81,4.31],[-67.77,4.17],[-67.73,4.13],[-67.7,4.03],[-67.69,3.93],[-67.65,3.85],[-67.61,3.76],[-67.5,3.77],[-67.44,3.63],[-67.44,3.59],[-67.41,3.54],[-67.39,3.47],[-67.34,3.45],[-67.31,3.39],[-67.33,3.33],[-67.38,3.29],[-67.38,3.25],[-67.44,3.25],[-67.82,2.89],[-67.82,2.83],[-67.65,2.8],[-67.62,2.81],[-67.57,2.73],[-67.57,2.67],[-67.49,2.67],[-67.47,2.62],[-67.39,2.58],[-67.34,2.52],[-67.3,2.45],[-67.21,2.39],[-67.18,2.35],[-67.22,2.25],[-67.16,2.13],[-67.12,2.14],[-67.1,2.07],[-67.12,1.98],[-67.07,1.92],[-67.02,1.77],[-66.91,1.49],[-66.91,1.43],[-66.86,1.37],[-66.88,1.3],[-66.86,1.23],[-67.09,1.17],[-67.1,1.26],[-67.16,1.32],[-67.08,1.37],[-67.09,1.46],[-67.13,1.54],[-67.13,1.64],[-67.16,1.67],[-67.15,1.76],[-67.15,1.83],[-67.23,1.84],[-67.31,1.91],[-67.35,1.97],[-67.33,2.05],[-67.36,2.1],[-67.35,2.16],[-67.37,2.22],[-67.44,2.22],[-67.45,2.17],[-67.5,2.16],[-67.55,2.05],[-67.62,2.03],[-67.73,2.03],[-67.83,1.96],[-67.84,1.9],[-67.89,1.86],[-67.9,1.81],[-67.99,1.85],[-68.03,1.89],[-68.1,1.91],[-68.15,1.98],[-68.21,1.96],[-68.25,1.92],[-68.28,1.82],[-68.25,1.78],[-68.18,1.77],[-68.16,1.73],[-68.73,1.73],[-69.39,1.73],[-69.53,1.78],[-69.65,1.72],[-69.74,1.73],[-69.81,1.69],[-69.84,1.71],[-69.84,1.07],[-69.82,1.06],[-69.75,1.11],[-69.7,1.07],[-69.61,1.1],[-69.57,1.07],[-69.38,1.07],[-69.32,1.09],[-69.26,1.05],[-69.2,1],[-69.15,0.77],[-69.19,0.74],[-69.12,0.66],[-69.19,0.65],[-69.21,0.61],[-69.27,0.6],[-69.3,0.65],[-69.35,0.62],[-69.41,0.69],[-69.48,0.73],[-69.63,0.64],[-69.69,0.66],[-69.81,0.58],[-69.82,0.59],[-69.94,0.55],[-70.05,0.56],[-70.05,-0.11],[-70.04,-0.19],[-69.89,-0.34],[-69.84,-0.34],[-69.74,-0.44],[-69.61,-0.5],[-69.6,-0.6],[-69.56,-0.64],[-69.62,-0.73],[-69.53,-0.87],[-69.53,-0.92],[-69.47,-0.96],[-69.4,-1.11],[-69.43,-1.23],[-69.4,-1.37],[-69.44,-1.4],[-69.45,-1.53],[-69.6,-2.36],[-69.71,-3],[-69.84,-3.69],[-69.93,-4.22],[-69.95,-4.24],[-67.56,-9.54],[-67.52,-9.56],[-67.32,-9.59],[-66.63,-9.9],[-66.65,-9.95],[-66.73,-9.98],[-66.81,-10.05],[-66.9,-10.11],[-66.98,-10.2],[-67.02,-10.26],[-67.14,-10.3],[-67.17,-10.34],[-67.23,-10.32],[-67.32,-10.32],[-67.32,-10.38],[-67.38,-10.38],[-67.44,-10.45],[-67.6,-10.52],[-67.61,-10.56],[-67.68,-10.61],[-67.71,-10.71],[-67.73,-10.71],[-67.87,-10.64],[-67.98,-10.66],[-68.02,-10.65],[-68.11,-10.72],[-68.13,-10.8],[-68.2,-10.86],[-68.24,-10.96],[-68.28,-10.99],[-68.43,-11.04],[-68.48,-11.08],[-68.59,-11.12],[-68.71,-11.13],[-68.77,-11.07],[-68.75,-11.01],[-68.83,-10.99],[-68.91,-11.02],[-68.97,-10.99],[-69,-11],[-69.07,-10.97],[-69.15,-10.97],[-69.23,-10.94],[-69.29,-10.95],[-69.4,-10.93],[-69.48,-10.95],[-69.57,-10.95],[-69.38,-11.26],[-69.34,-11.33],[-68.97,-11.91],[-68.65,-12.5],[-68.74,-12.64],[-68.71,-12.68],[-68.83,-12.81],[-68.84,-12.86],[-68.87,-12.89],[-68.87,-13.02],[-68.85,-13.04],[-68.87,-13.12],[-68.85,-13.25],[-68.87,-13.36],[-68.92,-13.49],[-68.99,-13.65],[-69.06,-13.66],[-69.07,-13.69],[-68.92,-13.81],[-68.95,-13.88],[-68.98,-13.9],[-68.98,-13.98],[-68.89,-14.05],[-68.83,-14.22],[-68.96,-14.22],[-69.02,-14.31],[-68.99,-14.37],[-69.03,-14.43],[-69.08,-14.45],[-69.14,-14.51],[-69.15,-14.58],[-69.22,-14.58],[-69.23,-14.66],[-69.26,-14.68],[-69.23,-14.74],[-69.3,-14.77],[-69.35,-14.8],[-69.34,-14.88],[-69.36,-14.95],[-69.3,-15.05],[-69.29,-15.09],[-69.24,-15.12],[-69.13,-15.22],[-69.13,-15.25],[-69.22,-15.32],[-69.29,-15.44],[-69.33,-15.54],[-69.4,-15.61],[-69.2,-16.17],[-69.1,-16.23],[-69.06,-16.2],[-69.01,-16.22],[-68.96,-16.19],[-68.89,-16.26],[-68.8,-16.33],[-68.8,-16.35],[-68.99,-16.43],[-69.04,-16.57],[-69.02,-16.64],[-69.05,-16.69],[-69.17,-16.73],[-69.22,-16.84],[-69.3,-16.92],[-69.34,-16.99],[-69.39,-17.02],[-69.37,-17.07],[-69.45,-17.1],[-69.56,-17.16],[-69.62,-17.26],[-69.47,-17.37],[-69.47,-17.5],[-69.47,-17.6],[-69.34,-17.72],[-69.3,-17.85],[-69.31,-17.9],[-69.28,-17.97],[-69.12,-18.01],[-69.07,-18.07],[-69.14,-18.17],[-69.06,-18.23],[-69.07,-18.29],[-69.05,-18.43],[-69,-18.48],[-69.03,-18.63],[-68.98,-18.68],[-68.98,-18.74],[-68.93,-18.84],[-68.93,-18.91],[-68.95,-18.94],[-68.89,-19.04],[-68.81,-19.08],[-68.63,-19.25],[-68.62,-19.28],[-68.54,-19.3],[-68.4,-19.42],[-68.44,-19.44],[-68.6,-19.64],[-68.62,-19.7],[-68.69,-19.75],[-68.62,-19.79],[-68.6,-19.83],[-68.53,-19.85],[-68.52,-19.92],[-68.57,-20.05],[-68.64,-20.05],[-68.76,-20.08],[-68.77,-20.13],[-68.71,-20.13],[-68.72,-20.23],[-68.67,-20.36],[-68.74,-20.37],[-68.74,-20.46],[-68.57,-20.57],[-68.53,-20.57],[-68.45,-20.65],[-68.55,-20.73],[-68.54,-20.8],[-68.55,-20.88],[-68.49,-20.95],[-68.41,-20.93],[-68.3,-21.1],[-68.18,-21.3],[-68.18,-21.6],[-68.06,-21.77],[-68.07,-21.98],[-67.97,-22.05],[-67.94,-22.11],[-67.96,-22.15],[-67.92,-22.28],[-67.94,-22.29],[-67.93,-22.39],[-67.9,-22.4],[-67.89,-22.5],[-67.85,-22.53],[-67.84,-22.59],[-67.88,-22.64],[-67.87,-22.74],[-67.88,-22.83],[-67.8,-22.88],[-67.57,-22.9],[-67.18,-22.81]],[[-61.92,10.44],[-62.03,10.18],[-62.1,10.2],[-62.22,10.26],[-62.31,10.25],[-62.37,10.33],[-62.27,10.35],[-62.21,10.37],[-62.14,10.43],[-61.92,10.44]]],[[[-72.07,19.95],[-72.01,19.87],[-71.88,19.8],[-71.82,19.75],[-71.76,19.73],[-71.73,19.66],[-71.74,19.58],[-71.72,19.56],[-71.68,19.43],[-71.72,19.36],[-71.79,19.33],[-71.69,19.24],[-71.64,19.23],[-71.64,19.15],[-71.72,19.05],[-71.84,18.97],[-71.78,18.95],[-71.73,18.87],[-71.72,18.8],[-71.74,18.72],[-71.78,18.71],[-71.81,18.63],[-71.87,18.63],[-71.97,18.65],[-71.97,18.6],[-71.88,18.5],[-71.9,18.46],[-71.83,18.4],[-71.7,18.34],[-71.79,18.18],[-71.74,18.1],[-71.76,18.03],[-71.9,17.88],[-71.94,17.84],[-71.9,17.59],[-71.85,17.43],[-71.81,17.35],[-71.74,17.29],[-71.62,17.27],[-71.54,17.3],[-70.11,18.02],[-69.33,17.97],[-68.77,17.94],[-68.69,17.92],[-68.55,17.91],[-68.49,17.93],[-68.41,17.99],[-68.38,18.02],[-68.13,18.51],[-68.11,18.64],[-68.12,18.7],[-68.53,19.9],[-68.59,20.01],[-68.6,20.05],[-69.34,20.78],[-69.39,20.83],[-69.56,20.93],[-69.81,21.07],[-70.45,21.29],[-70.56,21.29],[-70.64,21.26],[-70.69,21.2],[-70.83,21.18],[-70.98,21.15],[-71.08,21.04],[-71.18,20.98],[-72.03,20],[-72.07,19.95]]],[[[-67.82,18.32],[-67.88,18.35],[-67.99,18.36],[-68.06,18.33],[-68.11,18.29],[-68.15,18.21],[-68.16,18.16],[-68.15,18.04],[-68.12,17.96],[-68.03,17.89],[-67.94,17.86],[-67.82,17.86],[-67.72,17.91],[-67.67,17.97],[-67.64,18.05],[-67.64,18.13],[-67.7,18.25],[-67.74,18.29],[-67.82,18.32]]],[[[-67.41,18.19],[-67.43,17.99],[-67.42,17.9],[-67.38,17.83],[-67.28,17.75],[-67.19,17.73],[-67.11,17.74],[-66.91,17.73],[-66.75,17.76],[-66.69,17.75],[-66.63,17.7],[-66.53,17.68],[-66.41,17.72],[-66.32,17.73],[-66.22,17.71],[-65.96,17.75],[-65.8,17.8],[-65.69,17.87],[-65.66,17.91],[-65.52,17.88],[-65.4,17.89],[-65.21,17.94],[-65.1,18.01],[-65.06,18.09],[-65.01,18.1],[-64.92,18.04],[-64.85,18.03],[-64.74,18.06],[-64.69,18.1],[-64.58,18.11],[-64.46,18.16],[-64.32,18.24],[-64.26,18.31],[-64.21,18.33],[-64.14,18.39],[-64.12,18.45],[-64.12,18.56],[-64.07,18.62],[-64.06,18.69],[-64.08,18.79],[-64.18,18.9],[-64.29,18.95],[-64.47,18.94],[-64.54,18.91],[-64.59,18.86],[-64.63,18.75],[-64.62,18.69],[-64.69,18.66],[-64.85,18.65],[-64.99,18.6],[-65.09,18.61],[-65.21,18.55],[-65.27,18.55],[-65.37,18.57],[-65.46,18.56],[-65.56,18.6],[-65.67,18.6],[-65.87,18.65],[-66.21,18.69],[-66.28,18.68],[-66.4,18.69],[-66.5,18.68],[-66.64,18.69],[-66.73,18.69],[-66.8,18.69],[-66.91,18.69],[-66.98,18.71],[-67.12,18.72],[-67.26,18.68],[-67.33,18.61],[-67.36,18.56],[-67.48,18.59],[-67.58,18.57],[-67.64,18.53],[-67.69,18.46],[-67.7,18.37],[-67.69,18.31],[-67.62,18.23],[-67.5,18.18],[-67.41,18.19]]],[[[-60.94,15.01],[-61.05,15.06],[-61.13,15.08],[-61.08,15.14],[-61.04,15.24],[-61.03,15.32],[-61.04,15.5],[-61.08,15.63],[-61.14,15.7],[-61.04,15.78],[-61,15.85],[-60.91,16.09],[-60.81,16.25],[-60.8,16.3],[-60.8,16.38],[-60.85,16.48],[-60.96,16.55],[-61.05,16.55],[-61.12,16.52],[-61.21,16.52],[-61.24,16.58],[-61.31,16.65],[-61.42,16.71],[-61.51,16.71],[-61.56,16.69],[-61.81,16.58],[-61.86,16.56],[-61.96,16.48],[-62,16.37],[-62.01,16.24],[-61.97,16.02],[-61.93,15.91],[-61.83,15.75],[-61.79,15.7],[-61.68,15.64],[-61.69,15.53],[-61.67,15.45],[-61.6,15.28],[-61.57,15.16],[-61.54,15.09],[-61.45,15.03],[-61.35,15.01],[-61.42,14.9],[-61.44,14.83],[-61.42,14.74],[-61.34,14.56],[-61.3,14.44],[-61.23,14.33],[-61.1,14.25],[-61.24,14.02],[-61.28,13.89],[-61.28,13.79],[-61.24,13.68],[-61.17,13.58],[-61.28,13.56],[-61.35,13.51],[-61.44,13.38],[-61.48,13.29],[-61.66,12.65],[-61.68,12.59],[-61.89,12.3],[-61.99,12.08],[-62.01,12.02],[-61.99,11.93],[-61.94,11.85],[-61.88,11.8],[-61.79,11.78],[-61.72,11.78],[-61.62,11.81],[-61.52,11.88],[-61.46,11.94],[-61.21,12.4],[-61.11,12.49],[-61.07,12.54],[-60.94,12.86],[-60.92,12.94],[-60.91,13.3],[-60.94,13.45],[-60.98,13.51],[-60.87,13.52],[-60.78,13.58],[-60.71,13.7],[-60.69,13.77],[-60.66,13.95],[-60.68,14.07],[-60.71,14.15],[-60.75,14.22],[-60.67,14.29],[-60.62,14.38],[-60.6,14.45],[-60.62,14.61],[-60.68,14.86],[-60.75,14.96],[-60.83,15],[-60.94,15.01]]],[[[-59.53,12.85],[-59.46,12.86],[-59.38,12.89],[-59.29,12.97],[-59.24,13.06],[-59.22,13.18],[-59.25,13.26],[-59.28,13.3],[-59.38,13.37],[-59.41,13.42],[-59.5,13.51],[-59.59,13.53],[-59.67,13.53],[-59.78,13.47],[-59.83,13.4],[-59.86,13.28],[-59.83,13.06],[-59.81,13],[-59.74,12.93],[-59.59,12.86],[-59.53,12.85]]],[[[-68.44,11.93],[-68.36,11.86],[-68.32,11.84],[-68.23,11.83],[-68.16,11.84],[-68.09,11.89],[-68.03,11.98],[-68,12.08],[-67.99,12.23],[-68.02,12.32],[-68.1,12.4],[-68.2,12.43],[-68.29,12.49],[-68.37,12.51],[-68.45,12.5],[-68.5,12.48],[-68.59,12.39],[-68.63,12.24],[-68.67,12.29],[-68.75,12.35],[-68.86,12.38],[-68.89,12.44],[-68.94,12.51],[-69.1,12.59],[-69.18,12.59],[-69.25,12.57],[-69.34,12.48],[-69.37,12.4],[-69.36,12.28],[-69.32,12.17],[-69.24,12.07],[-69.05,11.94],[-68.91,11.86],[-68.79,11.83],[-68.68,11.78],[-68.55,11.8],[-68.49,11.85],[-68.44,11.93]]],[[[-62.85,17.67],[-62.73,17.68],[-62.66,17.72],[-62.61,17.79],[-62.59,17.85],[-62.59,17.95],[-62.64,18.06],[-62.71,18.12],[-62.76,18.14],[-62.71,18.26],[-62.72,18.33],[-62.74,18.4],[-62.82,18.47],[-62.96,18.5],[-63.06,18.47],[-63.24,18.49],[-63.21,18.58],[-63.24,18.69],[-63.32,18.77],[-63.39,18.79],[-63.47,18.79],[-63.57,18.74],[-63.62,18.67],[-63.64,18.58],[-63.62,18.51],[-63.56,18.42],[-63.46,18.38],[-63.49,18.29],[-63.47,18.21],[-63.43,18.14],[-63.38,18.1],[-63.33,17.95],[-63.25,17.88],[-63.28,17.85],[-63.37,17.81],[-63.45,17.72],[-63.47,17.64],[-63.45,17.53],[-63.4,17.47],[-63.3,17.42],[-63.2,17.42],[-63.15,17.35],[-63.05,17.28],[-62.99,17.2],[-62.89,17.13],[-62.84,17.1],[-62.81,17.01],[-62.76,16.95],[-62.64,16.9],[-62.55,16.9],[-62.49,16.79],[-62.45,16.76],[-62.44,16.68],[-62.42,16.61],[-62.31,16.51],[-62.21,16.47],[-62.12,16.48],[-62.04,16.51],[-61.99,16.56],[-61.94,16.67],[-61.94,16.77],[-61.72,16.8],[-61.65,16.82],[-61.55,16.88],[-61.46,17],[-61.45,17.06],[-61.52,17.63],[-61.54,17.69],[-61.58,17.77],[-61.69,17.89],[-61.75,17.92],[-61.86,17.95],[-61.95,17.93],[-62.04,17.85],[-62.07,17.81],[-62.38,17.3],[-62.51,17.42],[-62.59,17.52],[-62.67,17.57],[-62.78,17.62],[-62.85,17.67]]],[[[-64.71,17.98],[-64.82,17.98],[-64.96,17.95],[-65.04,17.9],[-65.1,17.79],[-65.11,17.65],[-65.08,17.57],[-65.01,17.5],[-64.95,17.48],[-64.75,17.48],[-64.57,17.52],[-64.42,17.6],[-64.36,17.7],[-64.36,17.77],[-64.38,17.84],[-64.41,17.89],[-64.49,17.96],[-64.59,17.99],[-64.71,17.98]]],[[[-63,52],[-63,50.44],[-63,49.77],[-62.69,49.68],[-62.5,49.6],[-62.14,49.42],[-61.88,49.38],[-61.81,49.33],[-61.64,49.14],[-61.68,49.07],[-61.83,49.05],[-62.26,49.04],[-62.5,49.1],[-62.77,49.14],[-62.9,49.17],[-62.9,48.51],[-60.46,48.53],[-60.48,48.78],[-58.5,50.27],[-58.11,50.64],[-57.74,51],[-57.3,51.14],[-57.11,51.38],[-57.11,52],[-58,52],[-58.9,52],[-60,52],[-60.7,52],[-61.7,52],[-62.2,52],[-63,52]]]]},"properties":{"tzid":"America/Caracas"}},
{"type":"Feature","geometry":{"type":"MultiPolygon","coordinates":[[[[-28.76,-20.28],[-28.83,-20.27],[-28.91,-20.27],[-29,-20.33],[-29.06,-20.42],[-29.06,-20.49],[-29.03,-20.59],[-28.94,-20.67],[-28.85,-20.7],[-28.74,-20.67],[-28.66,-20.6],[-28.63,-20.51],[-28.65,-20.39],[-28.71,-20.32],[-28.76,-20.28]]],[[[-29.32,-20.28],[-29.44,-20.31],[-29.5,-20.36],[-29.55,-20.44],[-29.56,-20.54],[-29.49,-20.65],[-29.42,-20.7],[-29.34,-20.73],[-29.23,-20.72],[-29.14,-20.66],[-29.08,-20.54],[-29.1,-20.45],[-29.14,-20.38],[-29.25,-20.3],[-29.32,-20.28]]],[[[-75.13,-43.81],[-75.09,-44.46],[-75.35,-44.63],[-75.45,-44.72],[-75.49,-44.83],[-75.44,-44.97],[-75.25,-45.61],[-75.45,-45.92],[-75.85,-46.53],[-75.9,-46.63],[-75.92,-46.75],[-75.92,-46.84],[-75.89,-46.91],[-75.8,-47.02],[-75.71,-47.08],[-75.71,-47.67],[-75.97,-48.02],[-76,-48.1],[-76.02,-48.51],[-76.05,-49.09],[-75.98,-49.5],[-75.82,-50.11],[-75.84,-50.35],[-75.83,-50.67],[-75.79,-50.87],[-75.77,-50.92],[-75.59,-51.2],[-75.68,-51.55],[-75.68,-51.64],[-75.47,-52.09],[-75.43,-52.41],[-75.38,-52.51],[-75.31,-52.55],[-75.05,-52.65],[-75.07,-52.73],[-75.07,-52.86],[-75.03,-52.93],[-74.6,-53.42],[-74.1,-53.86],[-73.77,-54.16],[-73.4,-54.7],[-73.3,-54.79],[-73.14,-54.83],[-72.21,-54.91],[-71.18,-55.35],[-71.03,-55.39],[-70.67,-55.42],[-70.31,-55.54],[-69.91,-55.64],[-69.73,-55.84],[-69.63,-55.9],[-69.51,-55.94],[-69.41,-55.94],[-68.22,-55.93],[-68.12,-55.99],[-67.98,-56.05],[-67.38,-56.17],[-67.18,-56.17],[-66.92,-56.13],[-66.76,-56.08],[-66.55,-55.96],[-66.48,-55.91],[-66.45,-55.84],[-66.43,-55.62],[-66.12,-55.32],[-66.06,-55.19],[-65.93,-55.17],[-65.65,-55.17],[-65.45,-55.14],[-65.3,-55.14],[-65.12,-55.08],[-65.01,-55.01],[-64.94,-55.06],[-64.76,-55.11],[-64.61,-55.12],[-64.08,-55.07],[-63.86,-55.01],[-63.67,-54.96],[-63.56,-54.91],[-63.46,-54.79],[-63.46,-54.68],[-63.57,-54.57],[-63.69,-54.53],[-63.8,-54.51],[-64.02,-54.45],[-64.22,-54.45],[-64.48,-54.51],[-64.7,-54.54],[-64.8,-54.58],[-64.87,-54.52],[-65.08,-54.44],[-65.25,-54.42],[-65.39,-54.44],[-65.53,-54.43],[-65.69,-54.46],[-66.25,-54.3],[-66.36,-54.24],[-66.43,-54.15],[-66.52,-54.11],[-66.71,-54.05],[-66.93,-53.95],[-67.03,-53.92],[-67.12,-53.86],[-67.21,-53.72],[-67.36,-53.63],[-67.48,-53.59],[-67.67,-53.51],[-67.73,-53.44],[-67.77,-53.32],[-67.82,-53.25],[-67.87,-53.11],[-67.96,-52.91],[-68.07,-52.79],[-68.24,-52.64],[-68.16,-52.51],[-68.03,-52.38],[-68.03,-52.29],[-68.06,-52.24],[-68.42,-51.88],[-68.57,-51.67],[-68.56,-51.55],[-68.6,-51.48],[-68.68,-51.41],[-68.79,-51.13],[-68.76,-50.98],[-68.81,-50.86],[-68.82,-50.75],[-68.77,-50.63],[-68.7,-50.53],[-68.62,-50.47],[-68.24,-50.36],[-68.03,-50.31],[-67.94,-50.28],[-67.69,-50.14],[-67.61,-50.09],[-67.52,-49.98],[-67.43,-49.84],[-67.41,-49.76],[-67.39,-49.56],[-67.37,-49.46],[-67.31,-49.35],[-67.29,-49.12],[-67.18,-49.05],[-67.07,-49.02],[-66.81,-48.88],[-66.63,-48.72],[-66.59,-48.67],[-66.5,-48.62],[-66.38,-48.6],[-66.19,-48.55],[-66.07,-48.47],[-66,-48.39],[-65.77,-48.3],[-65.63,-48.21],[-65.52,-48.07],[-65.45,-48.01],[-65.41,-47.94],[-65.42,-47.86],[-65.47,-47.79],[-65.54,-47.74],[-65.48,-47.63],[-65.45,-47.53],[-65.42,-47.33],[-65.45,-47.15],[-65.56,-47.04],[-65.36,-46.23],[-65.23,-45.69],[-65.09,-45.15],[-65.09,-45.09],[-65.14,-45.01],[-65.22,-44.92],[-65.11,-44.68],[-65.04,-44.62],[-64.93,-44.56],[-64.83,-44.47],[-64.83,-44.36],[-64.87,-44.29],[-64.95,-44.24],[-64.94,-44.13],[-64.91,-44.08],[-64.92,-43.97],[-64.99,-43.87],[-65.03,-43.83],[-65,-43.68],[-64.92,-43.59],[-64.81,-43.5],[-64.77,-43.39],[-64.57,-43.31],[-64.34,-43.25],[-63.96,-43.06],[-63.64,-43],[-63.44,-42.91],[-63.37,-42.81],[-63.36,-42.72],[-63.31,-42.6],[-63.34,-42.41],[-63.33,-42.34],[-63.35,-42.24],[-63.46,-42.08],[-63.21,-41.75],[-62.88,-41.31],[-62.59,-41.23],[-62.43,-41.14],[-62.25,-41.08],[-62.1,-40.99],[-62.05,-40.92],[-61.99,-40.78],[-61.81,-40.67],[-61.75,-40.61],[-61.71,-40.54],[-61.71,-40.17],[-61.72,-40.11],[-61.86,-39.78],[-61.84,-39.72],[-61.84,-39.61],[-61.79,-39.57],[-61.4,-39.19],[-61.11,-39.2],[-60.99,-39.18],[-60.86,-39.18],[-60.67,-39.15],[-60.42,-39.12],[-60.21,-39.08],[-59.8,-39.03],[-59.62,-38.99],[-59.35,-38.95],[-58.94,-38.87],[-58.68,-38.79],[-58.44,-38.73],[-58.17,-38.65],[-57.75,-38.48],[-57.52,-38.36],[-57.35,-38.23],[-57.29,-38.15],[-57.26,-38.07],[-57.27,-37.92],[-57.21,-37.86],[-57.11,-37.78],[-56.94,-37.63],[-56.86,-37.54],[-56.78,-37.4],[-56.47,-37.01],[-56.42,-36.89],[-56.42,-36.71],[-56.45,-36.39],[-56.47,-36.33],[-55.71,-35.78],[-54.94,-35.22],[-54.84,-35.23],[-54.78,-35.22],[-54.69,-35.16],[-54.65,-35.12],[-54.62,-35.04],[-54.5,-35.01],[-54.44,-34.97],[-54.18,-34.87],[-54.03,-34.84],[-53.98,-34.81],[-53.62,-34.57],[-53.53,-34.5],[-53.5,-34.43],[-53.31,-34.15],[-53.29,-34.08],[-53.23,-33.98],[-53.23,-33.91],[-53,-33.75],[-52.6,-33.42],[-52.47,-33.28],[-52.42,-33.21],[-52.29,-32.98],[-52.24,-32.86],[-52.21,-32.73],[-52.11,-32.47],[-52.05,-32.38],[-51.94,-32.35],[-51.86,-32.27],[-51.84,-32.21],[-51.76,-32.13],[-51.67,-32.07],[-51.37,-31.91],[-51.08,-31.71],[-50.95,-31.57],[-50.72,-31.38],[-50.6,-31.26],[-50.54,-31.16],[-50.38,-30.96],[-50.28,-30.8],[-50.17,-30.66],[-50.12,-30.57],[-50.05,-30.41],[-49.97,-30.2],[-49.85,-29.92],[-49.76,-29.77],[-49.59,-29.53],[-49.53,-29.49],[-49.46,-29.35],[-49.31,-29.19],[-49.21,-29.09],[-49.09,-28.99],[-48.96,-28.9],[-48.79,-28.81],[-48.65,-28.75],[-48.42,-28.47],[-48.38,-28.4],[-48.21,-27.91],[-48.13,-27.52],[-48.1,-27.29],[-48.12,-27.18],[-48.35,-26.75],[-48.27,-26.24],[-48.06,-25.87],[-47.86,-25.49],[-47.22,-25.08],[-46.57,-24.67],[-46.06,-24.51],[-45.62,-24.3],[-45.17,-24.15],[-45.11,-24.13],[-44.59,-23.77],[-44.07,-23.42],[-43.18,-23.28],[-42.59,-23.25],[-41.99,-23.22],[-41.92,-23.2],[-41.81,-23.12],[-41.62,-22.9],[-41.57,-22.81],[-41.51,-22.55],[-40.87,-22.18],[-40.82,-22.13],[-40.77,-22.04],[-40.76,-21.96],[-40.77,-21.87],[-40.81,-21.69],[-40.5,-21.24],[-40.19,-20.79],[-40.16,-20.74],[-39.99,-20.27],[-39.96,-20.12],[-39.84,-19.89],[-39.74,-19.84],[-39.67,-19.8],[-39.62,-19.73],[-39.53,-19.54],[-39.5,-19.45],[-39.48,-19.29],[-39.49,-19.2],[-39.54,-18.84],[-39.53,-18.69],[-39.51,-18.52],[-39.43,-18.28],[-39.36,-18.19],[-39.3,-18.21],[-39.2,-18.22],[-39.13,-18.2],[-39.07,-18.16],[-39.03,-18.1],[-38.89,-18.08],[-38.83,-18.17],[-38.74,-18.21],[-38.63,-18.21],[-38.52,-18.17],[-38.45,-18.1],[-38.43,-18.03],[-38.44,-17.87],[-38.47,-17.8],[-38.52,-17.75],[-38.63,-17.71],[-38.71,-17.71],[-38.75,-17.61],[-38.79,-17.57],[-38.78,-17.5],[-38.8,-17.42],[-38.85,-17.33],[-38.9,-17.29],[-39,-17.24],[-38.95,-17.12],[-38.87,-17.05],[-38.81,-16.92],[-38.82,-16.83],[-38.89,-16.73],[-38.86,-16.58],[-38.79,-16.51],[-38.77,-16.44],[-38.77,-16.35],[-38.72,-16.26],[-38.7,-16.15],[-38.71,-16.02],[-38.67,-15.96],[-38.64,-15.88],[-38.65,-15.81],[-38.69,-15.72],[-38.78,-15.29],[-38.79,-14.99],[-38.82,-14.87],[-38.77,-14.31],[-38.78,-14.24],[-38.72,-13.95],[-38.72,-13.89],[-38.67,-13.67],[-38.61,-13.28],[-38.49,-13.22],[-38.4,-13.2],[-38.27,-13.14],[-38.21,-13.1],[-38.11,-13],[-37.82,-12.69],[-37.79,-12.62],[-37.71,-12.51],[-37.67,-12.44],[-37.59,-12.34],[-37.55,-12.27],[-37.42,-12.06],[-37.34,-11.88],[-37.3,-11.81],[-37.25,-11.67],[-37.13,-11.52],[-37.09,-11.39],[-37.01,-11.33],[-36.96,-11.25],[-36.95,-11.2],[-36.87,-11.09],[-36.84,-11.03],[-36.77,-10.99],[-36.72,-10.9],[-36.65,-10.84],[-36.51,-10.77],[-36.42,-10.73],[-36.35,-10.72],[-36.28,-10.7],[-36.2,-10.61],[-36.18,-10.54],[-36.12,-10.48],[-36.08,-10.42],[-35.94,-10.3],[-35.9,-10.22],[-35.79,-10.06],[-35.73,-10],[-35.7,-9.92],[-35.66,-9.88],[-35.56,-9.83],[-35.49,-9.73],[-35.34,-9.56],[-35.29,-9.49],[-35.22,-9.44],[-35.15,-9.34],[-35.08,-9.22],[-35.03,-9.17],[-34.94,-8.95],[-34.9,-8.84],[-34.81,-8.62],[-34.8,-8.54],[-34.75,-8.44],[-34.74,-8.32],[-34.7,-8.19],[-34.63,-8.03],[-34.61,-7.96],[-34.61,-7.84],[-34.57,-7.64],[-34.58,-7.41],[-34.59,-7.35],[-34.58,-7.19],[-34.59,-7.09],[-34.61,-7.03],[-34.62,-6.92],[-34.64,-6.83],[-34.72,-6.72],[-34.73,-6.64],[-34.76,-6.57],[-34.78,-6.41],[-34.81,-6.3],[-34.84,-6.25],[-34.85,-6.18],[-34.9,-6.09],[-34.91,-5.96],[-34.95,-5.87],[-34.99,-5.72],[-35,-5.65],[-35.08,-5.39],[-35.19,-5.2],[-35.28,-5.08],[-35.35,-5.01],[-35.42,-4.97],[-35.54,-4.92],[-35.64,-4.91],[-35.73,-4.88],[-35.9,-4.85],[-35.97,-4.77],[-36.08,-4.75],[-36.13,-4.71],[-36.2,-4.68],[-36.32,-4.69],[-36.41,-4.77],[-36.44,-4.86],[-36.7,-4.85],[-36.8,-4.77],[-36.93,-4.72],[-37.08,-4.72],[-37.12,-4.61],[-37.2,-4.53],[-37.27,-4.49],[-37.37,-4.47],[-37.42,-4.44],[-37.51,-4.42],[-37.55,-4.38],[-37.58,-4.32],[-37.67,-4.22],[-37.77,-4.19],[-37.94,-4.05],[-38.04,-3.91],[-38.16,-3.78],[-38.21,-3.75],[-38.31,-3.57],[-38.37,-3.53],[-38.69,-3.35],[-39.14,-3.06],[-39.26,-3],[-39.36,-2.97],[-39.51,-2.86],[-39.65,-2.8],[-39.84,-2.67],[-39.91,-2.65],[-40.18,-2.61],[-40.39,-2.61],[-40.46,-2.59],[-40.55,-2.59],[-40.66,-2.65],[-40.83,-2.66],[-40.9,-2.65],[-41.04,-2.69],[-41.27,-2.68],[-41.5,-2.69],[-41.72,-2.55],[-41.79,-2.52],[-42.25,-2.43],[-42.71,-2.35],[-42.77,-2.34],[-42.83,-2.31],[-43.13,-2.17],[-43.3,-2.12],[-43.67,-1.87],[-44.03,-1.62],[-44.4,-1.37],[-44.78,-1.11],[-44.84,-1.09],[-45.49,-0.89],[-46.15,-0.7],[-46.43,-0.62],[-47.25,-0.4],[-47.62,-0.35],[-47.88,-0.08],[-48.41,0.46],[-48.67,0.72],[-49.19,1.24],[-49.48,1.54],[-49.79,1.85],[-50.29,2.3],[-50.76,2.96],[-50.82,3.21],[-50.84,3.36],[-50.85,3.57],[-50.84,3.74],[-50.85,3.93],[-50.87,4.03],[-50.96,4.25],[-51.01,4.32],[-51.14,4.44],[-51.3,4.54],[-51.39,4.62],[-51.5,4.66],[-51.63,4.72],[-51.77,4.94],[-51.86,5.01],[-52.11,5.11],[-52.22,5.19],[-52.43,5.43],[-52.5,5.48],[-52.88,5.64],[-53.31,5.8],[-53.74,5.95],[-53.83,5.96],[-53.9,6.02],[-54.07,6.05],[-54.14,6.08],[-54.4,6.13],[-54.68,6.18],[-54.82,6.19],[-55.02,6.2],[-55.13,6.18],[-55.25,6.14],[-55.34,6.17],[-55.52,6.18],[-55.78,6.17],[-55.86,6.15],[-56,6.09],[-56.06,6.03],[-56.1,6.05],[-56.37,6.1],[-56.49,6.11],[-56.55,6.16],[-56.67,6.18],[-56.81,6.17],[-56.92,6.21],[-57.02,6.21],[-57.12,6.14],[-57.15,6],[-57.14,5.9],[-57.18,5.74],[-57.16,5.7],[-57.17,5.6],[-57.26,5.49],[-57.27,5.41],[-57.33,5.35],[-57.29,5.32],[-57.29,5.24],[-57.22,5.25],[-57.18,5.19],[-57.23,5.14],[-57.26,5.19],[-57.3,5.17],[-57.32,5.1],[-57.32,5.04],[-57.41,4.99],[-57.48,4.99],[-57.53,5.02],[-57.62,4.99],[-57.67,5.01],[-57.75,4.96],[-57.76,4.93],[-57.85,4.92],[-57.92,4.83],[-57.92,4.78],[-57.87,4.76],[-57.84,4.69],[-57.84,4.62],[-57.89,4.55],[-57.92,4.45],[-57.96,4.4],[-57.95,4.32],[-58.07,4.16],[-58.03,4.07],[-58.04,4],[-57.97,3.92],[-57.95,3.92],[-57.86,3.8],[-57.84,3.68],[-57.76,3.62],[-57.71,3.57],[-57.65,3.53],[-57.63,3.47],[-57.7,3.42],[-57.65,3.37],[-57.57,3.35],[-57.51,3.37],[-57.48,3.34],[-57.43,3.37],[-57.34,3.37],[-57.31,3.39],[-57.28,3.33],[-57.3,3.29],[-57.26,3.1],[-57.21,3.07],[-57.19,3.03],[-57.22,2.95],[-57.2,2.84],[-57.15,2.82],[-57.13,2.77],[-57.02,2.64],[-57.03,2.6],[-56.96,2.5],[-56.92,2.38],[-56.88,2.36],[-56.86,2.29],[-56.8,2.26],[-56.82,2.21],[-56.76,2.13],[-56.69,2.05],[-56.59,2.03],[-56.48,1.97],[-56.5,1.94],[-56.58,1.91],[-56.62,1.95],[-56.65,1.92],[-56.72,1.93],[-56.77,1.87],[-56.89,1.9],[-56.92,1.93],[-57,1.91],[-57.12,2.01],[-57.26,1.95],[-57.28,1.98],[-57.35,1.98],[-57.37,1.92],[-57.43,1.91],[-57.45,1.81],[-57.55,1.69],[-57.65,1.68],[-57.71,1.73],[-57.79,1.73],[-57.8,1.69],[-57.89,1.67],[-57.93,1.64],[-57.98,1.66],[-57.98,1.57],[-58.01,1.52],[-58.06,1.53],[-58.13,1.5],[-58.16,1.56],[-58.32,1.57],[-58.39,1.52],[-58.39,1.47],[-58.51,1.46],[-58.51,1.4],[-58.47,1.37],[-58.5,1.27],[-58.59,1.27],[-58.63,1.29],[-58.71,1.28],[-58.74,1.2],[-58.82,1.17],[-58.9,1.23],[-58.9,0.62],[-58.9,-0.01],[-58.86,-0.08],[-58.87,-0.17],[-58.88,-0.2],[-58.87,-0.27],[-58.87,-0.35],[-58.79,-0.39],[-58.73,-0.44],[-58.74,-0.47],[-58.71,-0.53],[-58.73,-0.63],[-58.71,-0.68],[-58.63,-0.72],[-58.61,-0.76],[-58.47,-0.87],[-58.41,-0.98],[-58.43,-1.02],[-58.36,-1.07],[-58.32,-1.14],[-58.26,-1.13],[-58.16,-1.23],[-58.08,-1.13],[-58.03,-1.1],[-57.98,-1.15],[-57.96,-1.22],[-57.99,-1.29],[-57.99,-1.35],[-57.92,-1.42],[-57.83,-1.44],[-57.78,-1.51],[-57.71,-1.5],[-57.67,-1.6],[-57.62,-1.59],[-57.54,-1.61],[-57.52,-1.65],[-57.41,-1.67],[-57.35,-1.74],[-57.33,-1.72],[-57.21,-1.71],[-57.17,-1.75],[-57.08,-1.8],[-57.03,-1.92],[-56.99,-1.91],[-56.96,-1.95],[-56.82,-2.02],[-56.77,-2.01],[-56.73,-2.03],[-56.73,-2.09],[-56.77,-2.14],[-56.76,-2.17],[-56.68,-2.21],[-56.58,-2.18],[-56.53,-2.14],[-56.48,-2.17],[-56.44,-2.15],[-56.4,-2.18],[-56.23,-2.06],[-56.1,-2.05],[-56.19,-2.17],[-56.26,-2.22],[-56.38,-2.27],[-56.42,-2.36],[-56.46,-2.42],[-56.4,-2.46],[-56.54,-2.74],[-56.76,-3.23],[-56.89,-3.5],[-57,-3.76],[-57.3,-4.39],[-57.48,-4.77],[-57.78,-5.42],[-58.06,-6.04],[-58.26,-6.47],[-58.34,-6.55],[-58.42,-6.61],[-58.47,-6.68],[-58.48,-6.77],[-58.44,-6.9],[-58.39,-6.96],[-58.32,-7],[-58.29,-7.06],[-58.25,-7.08],[-58.18,-7.2],[-58.17,-7.32],[-58.1,-7.36],[-58.05,-7.42],[-57.97,-7.53],[-57.94,-7.64],[-57.9,-7.67],[-57.87,-7.81],[-57.84,-7.9],[-57.83,-7.97],[-57.78,-8.05],[-57.73,-8.1],[-57.72,-8.15],[-57.67,-8.17],[-57.64,-8.22],[-57.68,-8.31],[-57.67,-8.37],[-57.69,-8.41],[-57.63,-8.52],[-57.65,-8.56],[-57.62,-8.59],[-57.63,-8.64],[-57.59,-8.72],[-57.47,-8.78],[-57.43,-8.78],[-57.42,-8.86],[-57.31,-8.91],[-57.23,-8.91],[-57.19,-8.93],[-57.13,-9],[-57.09,-9.02],[-57.04,-9.11],[-57.06,-9.17],[-57,-9.23],[-56.94,-9.23],[-56.82,-9.25],[-56.75,-9.4],[-56.67,-9.37],[-56.16,-9.41],[-55.87,-9.43],[-55.6,-9.46],[-55.15,-9.49],[-54.61,-9.53],[-53.91,-9.59],[-53.13,-9.64],[-52.74,-9.67],[-52.26,-9.71],[-51.59,-9.75],[-51.3,-9.77],[-50.77,-9.81],[-50.22,-9.84],[-50.26,-9.91],[-50.29,-10.02],[-50.33,-10.07],[-50.39,-10.14],[-50.39,-10.21],[-50.42,-10.34],[-50.47,-10.4],[-50.52,-10.53],[-50.54,-10.61],[-50.6,-10.66],[-50.57,-10.75],[-50.61,-10.81],[-50.6,-10.9],[-50.63,-10.93],[-50.61,-11.07],[-50.66,-11.15],[-50.65,-11.22],[-50.67,-11.29],[-50.7,-11.3],[-50.74,-11.44],[-50.74,-11.54],[-50.72,-11.58],[-50.66,-11.59],[-50.66,-11.65],[-50.72,-11.74],[-50.66,-11.91],[-50.66,-11.97],[-50.69,-12.04],[-50.67,-12.07],[-50.69,-12.2],[-50.64,-12.23],[-50.63,-12.28],[-50.65,-12.3],[-50.62,-12.45],[-50.66,-12.5],[-50.67,-12.55],[-50.71,-12.61],[-50.65,-12.68],[-50.61,-12.78],[-50.61,-12.82],[-50.53,-12.84],[-50.5,-12.88],[-50.52,-12.97],[-50.59,-13.01],[-50.61,-13.06],[-50.59,-13.11],[-50.6,-13.2],[-50.58,-13.22],[-50.62,-13.32],[-50.66,-13.38],[-50.66,-13.43],[-50.76,-13.53],[-50.77,-13.59],[-50.81,-13.7],[-50.87,-13.73],[-50.85,-13.76],[-50.86,-13.83],[-50.84,-13.92],[-50.87,-13.98],[-50.83,-14.09],[-50.91,-14.15],[-50.98,-14.3],[-51,-14.41],[-50.96,-14.52],[-51,-14.58],[-50.99,-14.62],[-51.03,-14.68],[-51.06,-14.76],[-51.04,-14.79],[-51.09,-14.84],[-51.09,-14.92],[-51.15,-14.95],[-51.16,-14.99],[-51.23,-15.03],[-51.28,-15.04],[-51.33,-14.97],[-51.37,-15.01],[-51.43,-15.01],[-51.46,-15.05],[-51.54,-15.07],[-51.6,-15.16],[-51.65,-15.17],[-51.69,-15.32],[-51.67,-15.37],[-51.75,-15.56],[-51.76,-15.64],[-51.89,-15.83],[-51.95,-15.81],[-52.01,-15.89],[-52.19,-15.88],[-52.25,-15.89],[-52.33,-16.07],[-52.46,-16.13],[-52.51,-16.13],[-52.55,-16.16],[-52.55,-16.26],[-52.66,-16.28],[-52.69,-16.37],[-52.67,-16.41],[-52.6,-16.46],[-52.63,-16.54],[-52.71,-16.6],[-52.79,-16.71],[-52.84,-16.77],[-52.89,-16.78],[-52.97,-16.87],[-53.01,-16.86],[-53.06,-17.02],[-53.05,-17.06],[-53.11,-17.11],[-53.16,-17.19],[-53.21,-17.32],[-53.2,-17.38],[-53.23,-17.44],[-53.25,-17.63],[-53.23,-17.71],[-53.2,-17.73],[-53.13,-17.83],[-53.14,-17.87],[-53.06,-17.99],[-53.08,-18.05],[-53.14,-18.08],[-53.11,-18.22],[-53.1,-18.31],[-53.03,-18.35],[-52.98,-18.3],[-52.82,-18.31],[-52.76,-18.34],[-52.8,-18.41],[-52.88,-18.43],[-52.88,-18.47],[-52.96,-18.54],[-52.91,-18.64],[-52.75,-18.69],[-52.68,-18.68],[-52.59,-18.69],[-52.54,-18.66],[-52.45,-18.69],[-52.41,-18.76],[-52.31,-18.84],[-52.18,-18.85],[-52.11,-18.9],[-52.08,-18.95],[-51.92,-18.98],[-51.85,-19.05],[-51.65,-19.14],[-51.59,-19.13],[-51.49,-19.16],[-51.42,-19.17],[-51.36,-19.22],[-51.31,-19.22],[-51.25,-19.27],[-51.19,-19.27],[-51.06,-19.33],[-50.99,-19.43],[-50.94,-19.46],[-50.96,-19.5],[-50.92,-19.58],[-50.99,-19.6],[-51.04,-19.69],[-51.04,-19.74],[-51.02,-19.86],[-50.99,-19.9],[-51.02,-19.96],[-51,-20.1],[-51.06,-20.23],[-51.09,-20.27],[-51.16,-20.3],[-51.29,-20.33],[-51.35,-20.36],[-51.41,-20.46],[-51.45,-20.48],[-51.52,-20.59],[-51.59,-20.64],[-51.63,-20.73],[-51.63,-20.84],[-51.61,-20.9],[-51.62,-20.94],[-51.72,-20.97],[-51.77,-21.04],[-51.79,-21.1],[-51.88,-21.14],[-51.88,-21.2],[-51.85,-21.27],[-51.86,-21.34],[-51.9,-21.38],[-51.93,-21.46],[-51.99,-21.52],[-52.05,-21.51],[-52.1,-21.57],[-52.07,-21.6],[-52.05,-21.67],[-52.1,-21.75],[-52.16,-21.77],[-52.19,-21.85],[-52.27,-21.91],[-52.32,-21.97],[-52.34,-22.06],[-52.41,-22.14],[-52.48,-22.21],[-52.58,-22.25],[-52.8,-22.38],[-52.85,-22.44],[-53,-22.49],[-53.06,-22.54],[-53.1,-22.62],[-53.18,-22.71],[-53.33,-22.77],[-53.38,-22.8],[-53.55,-22.89],[-53.61,-22.95],[-53.63,-23.01],[-53.64,-23.13],[-53.7,-23.23],[-53.73,-23.31],[-53.78,-23.38],[-53.82,-23.39],[-53.99,-23.47],[-54.02,-23.59],[-54.05,-23.73],[-54.08,-23.76],[-54.08,-23.89],[-54.1,-23.95],[-54.25,-24.06],[-54.28,-24.07],[-54.32,-24],[-54.41,-23.96],[-54.44,-23.9],[-54.51,-23.89],[-54.59,-23.84],[-54.67,-23.82],[-54.71,-23.86],[-54.79,-23.87],[-54.93,-23.92],[-54.93,-23.96],[-55,-23.96],[-55.06,-23.99],[-55.13,-23.98],[-55.23,-24.01],[-55.32,-23.96],[-55.34,-23.99],[-55.42,-23.96],[-55.45,-23.92],[-55.43,-23.79],[-55.48,-23.65],[-55.53,-23.63],[-55.54,-23.45],[-55.5,-23.38],[-55.56,-23.32],[-55.54,-23.16],[-55.6,-23.12],[-55.67,-22.85],[-55.62,-22.77],[-55.63,-22.63],[-55.72,-22.55],[-55.75,-22.48],[-55.75,-22.38],[-55.79,-22.38],[-55.85,-22.28],[-56.07,-22.29],[-56.12,-22.27],[-56.21,-22.28],[-56.36,-22.18],[-56.42,-22.08],[-56.52,-22.11],[-56.56,-22.2],[-56.64,-22.26],[-56.74,-22.24],[-56.84,-22.3],[-56.88,-22.25],[-56.95,-22.26],[-57.06,-22.23],[-57.21,-22.22],[-57.24,-22.25],[-57.3,-22.22],[-57.36,-22.23],[-57.39,-22.2],[-57.48,-22.19],[-57.69,-22.09],[-57.73,-22.1],[-57.8,-22.15],[-57.93,-22.12],[-58.01,-22.04],[-57.97,-22.02],[-57.92,-21.88],[-57.93,-21.82],[-57.91,-21.77],[-57.95,-21.74],[-57.9,-21.7],[-57.94,-21.64],[-57.92,-21.58],[-57.97,-21.53],[-57.93,-21.47],[-57.91,-21.41],[-57.85,-21.32],[-57.92,-21.28],[-57.86,-21.23],[-57.86,-21.14],[-57.85,-21.1],[-57.87,-21.04],[-57.82,-20.98],[-57.88,-20.91],[-57.86,-20.85],[-57.93,-20.75],[-57.87,-20.73],[-57.92,-20.67],[-58.01,-20.61],[-58.02,-20.53],[-58,-20.45],[-58.02,-20.4],[-58.07,-20.39],[-58.1,-20.32],[-58.09,-20.26],[-58.17,-20.16],[-58.14,-20.12],[-58.17,-20.03],[-58.2,-19.86],[-58.16,-19.83],[-58.24,-19.77],[-58.7,-19.51],[-59.07,-19.29],[-59.5,-19.29],[-59.98,-19.29],[-60.6,-19.46],[-61,-19.52],[-61.74,-19.63],[-61.92,-20.09],[-62.27,-20.56],[-62.26,-20.99],[-62.26,-21.06],[-62.46,-21.67],[-62.64,-22.24],[-62.72,-22.2],[-62.81,-22.1],[-62.81,-22],[-63.35,-22],[-63.93,-22],[-63.99,-22.09],[-64.01,-22.17],[-64.06,-22.24],[-64.12,-22.36],[-64.12,-22.4],[-64.2,-22.49],[-64.24,-22.56],[-64.27,-22.71],[-64.28,-22.82],[-64.32,-22.87],[-64.34,-22.74],[-64.39,-22.72],[-64.43,-22.65],[-64.41,-22.54],[-64.45,-22.52],[-64.49,-22.44],[-64.57,-22.37],[-64.54,-22.28],[-64.65,-22.19],[-64.74,-22.19],[-64.86,-22.12],[-64.89,-22.13],[-64.99,-22.08],[-65.48,-22.09],[-65.57,-22.08],[-65.68,-22.11],[-65.75,-22.11],[-65.8,-22.08],[-65.92,-21.93],[-66.05,-21.92],[-66.04,-21.87],[-66.08,-21.83],[-66.24,-21.79],[-66.24,-21.85],[-66.27,-21.94],[-66.29,-22.08],[-66.35,-22.13],[-66.69,-22.21],[-66.74,-22.24],[-66.78,-22.44],[-66.93,-22.49],[-66.97,-22.54],[-67.03,-22.54],[-67.01,-22.65],[-67.13,-22.72],[-67.18,-22.81],[-66.99,-23],[-67.09,-23.31],[-67.32,-24.03],[-67.96,-24.28],[-68.25,-24.4],[-68.31,-24.49],[-68.39,-24.48],[-68.44,-24.61],[-68.5,-24.62],[-68.49,-24.66],[-68.54,-24.72],[-68.57,-24.8],[-68.49,-24.9],[-68.43,-24.91],[-68.41,-25.03],[-68.34,-25.11],[-68.41,-25.15],[-68.46,-25.13],[-68.51,-25.18],[-68.54,-25.3],[-68.52,-25.37],[-68.59,-25.43],[-68.57,-25.49],[-68.53,-25.57],[-68.54,-25.64],[-68.48,-25.71],[-68.38,-26.18],[-68.56,-26.29],[-68.59,-26.49],[-68.37,-26.8],[-68.28,-26.9],[-68.35,-27.03],[-68.43,-27.07],[-68.5,-27.14],[-68.56,-27.12],[-68.57,-27.18],[-68.62,-27.17],[-68.67,-27.1],[-68.78,-27.1],[-68.84,-27.15],[-68.87,-27.26],[-68.87,-27.32],[-68.94,-27.44],[-68.94,-27.52],[-68.98,-27.56],[-69.05,-27.62],[-69.09,-27.79],[-69.13,-27.91],[-69.18,-27.97],[-69.27,-28.01],[-69.34,-28.16],[-69.46,-28.18],[-69.52,-28.33],[-69.63,-28.38],[-69.67,-28.46],[-69.66,-28.58],[-69.7,-28.6],[-69.73,-28.67],[-69.73,-28.74],[-69.69,-28.77],[-69.77,-28.92],[-69.75,-28.96],[-69.79,-29.03],[-69.79,-29.13],[-69.88,-29.14],[-69.93,-29.19],[-69.95,-29.26],[-70,-29.29],[-70.02,-29.38],[-69.97,-29.41],[-69.93,-29.58],[-69.94,-29.65],[-69.88,-29.73],[-69.91,-29.81],[-69.9,-29.88],[-69.91,-30.03],[-69.96,-30.07],[-69.81,-30.15],[-69.84,-30.22],[-69.89,-30.22],[-69.9,-30.34],[-69.96,-30.39],[-70.06,-30.39],[-70.1,-30.36],[-70.14,-30.37],[-70.12,-30.43],[-70.2,-30.49],[-70.18,-30.51],[-70.25,-30.63],[-70.28,-30.81],[-70.32,-30.92],[-70.3,-30.96],[-70.32,-31.04],[-70.41,-31.17],[-70.43,-31.1],[-70.5,-31.13],[-70.52,-31.23],[-70.55,-31.31],[-70.53,-31.38],[-70.57,-31.47],[-70.55,-31.51],[-70.57,-31.6],[-70.47,-31.7],[-70.46,-31.84],[-70.39,-31.88],[-70.28,-31.88],[-70.21,-31.98],[-70.25,-32.02],[-70.34,-32.07],[-70.31,-32.14],[-70.32,-32.27],[-70.22,-32.32],[-70.24,-32.43],[-70.15,-32.47],[-70.12,-32.54],[-70.17,-32.63],[-70.11,-32.8],[-70,-32.88],[-70.02,-33.01],[-70.08,-33.03],[-70.06,-33.21],[-70.03,-33.23],[-70,-33.32],[-69.92,-33.26],[-69.8,-33.29],[-69.77,-33.36],[-69.82,-33.43],[-69.87,-33.58],[-69.88,-33.68],[-69.86,-33.71],[-69.9,-33.77],[-69.9,-33.85],[-69.86,-33.89],[-69.89,-33.93],[-69.83,-34.02],[-69.83,-34.09],[-69.87,-34.13],[-69.8,-34.19],[-69.81,-34.25],[-69.9,-34.27],[-69.97,-34.25],[-70.03,-34.29],[-70.01,-34.41],[-70.08,-34.47],[-70.13,-34.49],[-70.15,-34.53],[-70.22,-34.61],[-70.21,-34.68],[-70.31,-34.77],[-70.25,-34.79],[-70.38,-35.05],[-70.36,-35.14],[-70.39,-35.17],[-70.47,-35.2],[-70.54,-35.2],[-70.58,-35.27],[-70.57,-35.3],[-70.45,-35.32],[-70.42,-35.35],[-70.45,-35.39],[-70.45,-35.46],[-70.38,-35.61],[-70.41,-35.65],[-70.36,-35.75],[-70.38,-35.79],[-70.33,-35.83],[-70.42,-35.88],[-70.37,-36.04],[-70.41,-36.06],[-70.42,-36.16],[-70.49,-36.18],[-70.53,-36.14],[-70.71,-36.27],[-70.71,-36.35],[-70.68,-36.38],[-70.71,-36.43],[-70.89,-36.4],[-70.89,-36.47],[-70.96,-36.51],[-71.04,-36.48],[-71.05,-36.57],[-71.01,-36.7],[-71.11,-36.73],[-71.13,-36.81],[-71.18,-36.84],[-71.14,-36.93],[-71.1,-36.97],[-71.17,-37],[-71.14,-37.07],[-71.09,-37.11],[-71.14,-37.17],[-71.11,-37.21],[-71.22,-37.3],[-71.12,-37.46],[-71.13,-37.58],[-71.18,-37.61],[-71.21,-37.7],[-71.16,-37.76],[-71.17,-37.78],[-71.11,-37.89],[-71.11,-37.95],[-71.06,-37.97],[-71.05,-38.05],[-70.98,-38.11],[-71.04,-38.12],[-71,-38.17],[-71.02,-38.22],[-70.98,-38.44],[-70.84,-38.54],[-70.83,-38.61],[-70.91,-38.68],[-70.88,-38.7],[-70.93,-38.76],[-71.03,-38.76],[-71.11,-38.78],[-71.33,-38.87],[-71.44,-38.94],[-71.41,-39.1],[-71.39,-39.27],[-71.4,-39.35],[-71.45,-39.4],[-71.47,-39.49],[-71.53,-39.53],[-71.46,-39.58],[-71.52,-39.63],[-71.61,-39.63],[-71.7,-39.59],[-71.68,-39.69],[-71.71,-39.72],[-71.68,-39.77],[-71.69,-39.84],[-71.59,-39.9],[-71.69,-40.04],[-71.67,-40.07],[-71.7,-40.12],[-71.81,-40.08],[-71.8,-40.14],[-71.83,-40.21],[-71.74,-40.31],[-71.67,-40.31],[-71.71,-40.42],[-71.8,-40.41],[-71.84,-40.45],[-71.87,-40.57],[-71.84,-40.61],[-71.87,-40.66],[-71.95,-40.72],[-71.93,-40.83],[-71.87,-40.89],[-71.85,-40.94],[-71.91,-40.97],[-71.82,-41.06],[-71.85,-41.1],[-71.84,-41.15],[-71.88,-41.3],[-71.91,-41.36],[-71.83,-41.43],[-71.85,-41.51],[-71.84,-41.57],[-71.89,-41.61],[-71.78,-41.73],[-71.76,-41.82],[-71.79,-41.96],[-71.73,-42.12],[-71.93,-42.19],[-71.97,-42.15],[-72.05,-42.12],[-72.09,-42.15],[-72.17,-42.14],[-72.17,-42.25],[-72.13,-42.31],[-72.13,-42.38],[-72.03,-42.41],[-72.01,-42.5],[-72.1,-42.6],[-72.1,-42.64],[-72.15,-42.74],[-72.16,-42.82],[-72.04,-43.01],[-71.94,-43.05],[-71.89,-43.13],[-71.76,-43.16],[-71.73,-43.31],[-71.79,-43.3],[-71.84,-43.34],[-71.9,-43.32],[-71.89,-43.45],[-71.85,-43.48],[-71.87,-43.55],[-71.78,-43.54],[-71.72,-43.58],[-71.69,-43.63],[-71.61,-43.63],[-71.61,-43.7],[-71.7,-43.74],[-71.75,-43.79],[-71.76,-43.84],[-71.67,-43.9],[-71.65,-43.95],[-71.74,-44.07],[-71.82,-44.01],[-71.81,-43.95],[-71.86,-43.93],[-71.95,-43.93],[-72.01,-43.97],[-72.12,-43.94],[-72.12,-43.88],[-72.18,-43.9],[-72.19,-43.84],[-72.31,-43.73],[-72.33,-43.68],[-72.48,-43.74],[-72.5,-43.8],[-72.61,-43.76],[-72.76,-43.77],[-72.77,-43.69],[-72.82,-43.64],[-72.85,-43.74],[-72.93,-43.7],[-73.08,-43.74],[-73.44,-43.67],[-73.71,-43.63],[-73.91,-43.59],[-74.09,-43.61],[-74.31,-43.7],[-74.62,-43.76],[-74.84,-43.81],[-75.13,-43.81]]],[[[-33.71,-3.67],[-33.76,-3.66],[-33.87,-3.66],[-33.92,-3.68],[-33.99,-3.74],[-34.02,-3.85],[-34.02,-3.91],[-33.99,-3.98],[-33.94,-4.03],[-33.83,-4.08],[-33.75,-4.07],[-33.65,-4.01],[-33.6,-3.9],[-33.6,-3.8],[-33.65,-3.72],[-33.71,-3.67]]],[[[-59.52,-52.89],[-59.51,-52.98],[-59.45,-53.04],[-59.37,-53.09],[-59.26,-53.11],[-59.14,-53.12],[-58.97,-53.07],[-58.9,-53.02],[-58.85,-52.94],[-58.85,-52.87],[-58.9,-52.79],[-58.99,-52.73],[-59.09,-52.7],[-59.24,-52.69],[-59.42,-52.75],[-59.49,-52.81],[-59.52,-52.89]]],[[[-57.66,-51.25],[-57.79,-51.19],[-57.89,-51.17],[-58.91,-51.04],[-59.01,-51.04],[-59.48,-51.07],[-59.85,-51.01],[-61,-50.84],[-61.27,-50.8],[-61.53,-50.8],[-61.64,-50.83],[-61.72,-50.89],[-61.76,-50.95],[-61.77,-51.02],[-61.73,-51.1],[-61.6,-51.18],[-61.67,-51.82],[-61.66,-51.89],[-61.61,-51.95],[-61.2,-52.29],[-61.09,-52.35],[-60.73,-52.45],[-59.8,-52.59],[-59.17,-52.65],[-58.9,-52.65],[-58.73,-52.62],[-58.65,-52.58],[-58.18,-52.24],[-57.53,-51.88],[-57.4,-51.77],[-57.37,-51.66],[-57.41,-51.46],[-57.46,-51.4],[-57.66,-51.25]]],[[[-80,-86],[-75,-86],[-67.5,-86],[-60,-86],[-58,-86],[-45,-86],[-35,-86],[-30,-86],[-17,-86],[-17,-71],[-35,-75],[-58,-74],[-54,-63],[-57,-61.6],[-59,-61.8],[-63,-62.7],[-64,-64],[-65,-64.5],[-65.5,-65.25],[-67.5,-66],[-80,-66],[-80,-86]]],[[[-45,-60],[-47.5,-60.5],[-46,-61.5],[-43.5,-61],[-43.5,-60],[-45,-60]]],[[[-68.71,-56.72],[-68.48,-56.68],[-68.4,-56.64],[-68.34,-56.56],[-68.34,-56.49],[-68.4,-56.37],[-68.53,-56.29],[-68.66,-56.25],[-68.87,-56.26],[-68.97,-56.29],[-69.05,-56.34],[-69.1,-56.42],[-69.09,-56.57],[-69,-56.66],[-68.88,-56.71],[-68.71,-56.72]]]]},"properties":{"tzid":"America/Sao_Paulo"}},
{"type":"Feature","geometry":{"type":"MultiPolygon","coordinates":[[[[-69.47,-17.5],[-69.47,-17.37],[-69.62,-17.26],[-69.56,-17.16],[-69.45,-17.1],[-69.37,-17.07],[-69.39,-17.02],[-69.34,-16.99],[-69.3,-16.92],[-69.22,-16.84],[-69.17,-16.73],[-69.05,-16.69],[-69.02,-16.64],[-69.04,-16.57],[-68.99,-16.43],[-68.8,-16.35],[-68.8,-16.33],[-68.89,-16.26],[-68.96,-16.19],[-69.01,-16.22],[-69.06,-16.2],[-69.1,-16.23],[-69.2,-16.17],[-69.4,-15.61],[-69.33,-15.54],[-69.29,-15.44],[-69.22,-15.32],[-69.13,-15.25],[-69.13,-15.22],[-69.24,-15.12],[-69.29,-15.09],[-69.3,-15.05],[-69.36,-14.95],[-69.34,-14.88],[-69.35,-14.8],[-69.3,-14.77],[-69.23,-14.74],[-69.26,-14.68],[-69.23,-14.66],[-69.22,-14.58],[-69.15,-14.58],[-69.14,-14.51],[-69.08,-14.45],[-69.03,-14.43],[-68.99,-14.37],[-69.02,-14.31],[-68.96,-14.22],[-68.83,-14.22],[-68.89,-14.05],[-68.98,-13.98],[-68.98,-13.9],[-68.95,-13.88],[-68.92,-13.81],[-69.07,-13.69],[-69.06,-13.66],[-68.99,-13.65],[-68.92,-13.49],[-68.87,-13.36],[-68.85,-13.25],[-68.87,-13.12],[-68.85,-13.04],[-68.87,-13.02],[-68.87,-12.89],[-68.84,-12.86],[-68.83,-12.81],[-68.71,-12.68],[-68.74,-12.64],[-68.65,-12.5],[-68.97,-11.91],[-69.34,-11.33],[-69.38,-11.26],[-69.57,-10.95],[-69.48,-10.95],[-69.4,-10.93],[-69.29,-10.95],[-69.23,-10.94],[-69.15,-10.97],[-69.07,-10.97],[-69,-11],[-68.97,-10.99],[-68.91,-11.02],[-68.83,-10.99],[-68.75,-11.01],[-68.77,-11.07],[-68.71,-11.13],[-68.59,-11.12],[-68.48,-11.08],[-68.43,-11.04],[-68.28,-10.99],[-68.24,-10.96],[-68.2,-10.86],[-68.13,-10.8],[-68.11,-10.72],[-68.02,-10.65],[-67.98,-10.66],[-67.87,-10.64],[-67.73,-10.71],[-67.71,-10.71],[-67.68,-10.61],[-67.61,-10.56],[-67.6,-10.52],[-67.44,-10.45],[-67.38,-10.38],[-67.32,-10.38],[-67.32,-10.32],[-67.23,-10.32],[-67.17,-10.34],[-67.14,-10.3],[-67.02,-10.26],[-66.98,-10.2],[-66.9,-10.11],[-66.81,-10.05],[-66.73,-9.98],[-66.65,-9.95],[-66.63,-9.9],[-67.32,-9.59],[-67.52,-9.56],[-67.56,-9.54],[-69.95,-4.24],[-69.93,-4.22],[-69.84,-3.69],[-69.71,-3],[-69.6,-2.36],[-69.45,-1.53],[-69.44,-1.4],[-69.4,-1.37],[-69.43,-1.23],[-69.4,-1.11],[-69.47,-0.96],[-69.53,-0.92],[-69.53,-0.87],[-69.62,-0.73],[-69.56,-0.64],[-69.6,-0.6],[-69.61,-0.5],[-69.74,-0.44],[-69.84,-0.34],[-69.89,-0.34],[-70.04,-0.19],[-70.05,-0.11],[-70.05,0.56],[-69.94,0.55],[-69.82,0.59],[-69.81,0.58],[-69.69,0.66],[-69.63,0.64],[-69.48,0.73],[-69.41,0.69],[-69.35,0.62],[-69.3,0.65],[-69.27,0.6],[-69.21,0.61],[-69.19,0.65],[-69.12,0.66],[-69.19,0.74],[-69.15,0.77],[-69.2,1],[-69.26,1.05],[-69.32,1.09],[-69.38,1.07],[-69.57,1.07],[-69.61,1.1],[-69.7,1.07],[-69.75,1.11],[-69.82,1.06],[-69.84,1.07],[-69.84,1.71],[-69.81,1.69],[-69.74,1.73],[-69.65,1.72],[-69.53,1.78],[-69.39,1.73],[-68.73,1.73],[-68.16,1.73],[-68.18,1.77],[-68.25,1.78],[-68.28,1.82],[-68.25,1.92],[-68.21,1.96],[-68.15,1.98],[-68.1,1.91],[-68.03,1.89],[-67.99,1.85],[-67.9,1.81],[-67.89,1.86],[-67.84,1.9],[-67.83,1.96],[-67.73,2.03],[-67.62,2.03],[-67.55,2.05],[-67.5,2.16],[-67.45,2.17],[-67.44,2.22],[-67.37,2.22],[-67.35,2.16],[-67.36,2.1],[-67.33,2.05],[-67.35,1.97],[-67.31,1.91],[-67.23,1.84],[-67.15,1.83],[-67.15,1.76],[-67.16,1.67],[-67.13,1.64],[-67.13,1.54],[-67.09,1.46],[-67.08,1.37],[-67.16,1.32],[-67.1,1.26],[-67.09,1.17],[-66.86,1.23],[-66.88,1.3],[-66.86,1.37],[-66.91,1.43],[-66.91,1.49],[-67.02,1.77],[-67.07,1.92],[-67.12,1.98],[-67.1,2.07],[-67.12,2.14],[-67.16,2.13],[-67.22,2.25],[-67.18,2.35],[-67.21,2.39],[-67.3,2.45],[-67.34,2.52],[-67.39,2.58],[-67.47,2.62],[-67.49,2.67],[-67.57,2.67],[-67.57,2.73],[-67.62,2.81],[-67.65,2.8],[-67.82,2.83],[-67.82,2.89],[-67.44,3.25],[-67.38,3.25],[-67.38,3.29],[-67.33,3.33],[-67.31,3.39],[-67.34,3.45],[-67.39,3.47],[-67.41,3.54],[-67.44,3.59],[-67.44,3.63],[-67.5,3.77],[-67.61,3.76],[-67.65,3.85],[-67.69,3.93],[-67.7,4.03],[-67.73,4.13],[-67.77,4.17],[-67.81,4.31],[-67.77,4.34],[-67.8,4.48],[-67.85,4.51],[-67.85,4.65],[-67.82,4.71],[-67.84,4.95],[-67.81,5.05],[-67.85,5.13],[-67.83,5.19],[-67.86,5.26],[-67.84,5.32],[-67.71,5.42],[-67.63,5.46],[-67.6,5.55],[-67.62,5.58],[-67.64,5.66],[-67.63,5.73],[-67.59,5.83],[-67.54,5.89],[-67.47,5.93],[-67.41,5.99],[-67.49,6.12],[-67.45,6.19],[-67.54,6.26],[-67.62,6.29],[-67.76,6.3],[-67.83,6.33],[-67.93,6.24],[-68.03,6.19],[-68.06,6.23],[-68.16,6.23],[-68.25,6.2],[-68.27,6.16],[-68.38,6.19],[-68.47,6.19],[-68.61,6.16],[-68.67,6.13],[-68.73,6.16],[-68.78,6.15],[-68.85,6.18],[-68.91,6.18],[-69.08,6.22],[-69.18,6.15],[-69.24,6.08],[-69.3,6.09],[-69.35,6.15],[-69.44,6.11],[-69.54,6.25],[-69.76,6.53],[-70.12,6.98],[-70.22,6.97],[-70.26,6.95],[-70.32,6.93],[-70.37,6.98],[-70.43,7.01],[-70.5,7.01],[-70.54,7.07],[-70.61,7.06],[-70.69,7.1],[-70.76,7.1],[-71.02,6.97],[-71.11,6.99],[-71.13,7.03],[-71.19,7.02],[-71.3,7.03],[-71.37,7.02],[-71.42,7.04],[-71.46,7.01],[-71.51,7.03],[-71.59,7.04],[-71.64,7.05],[-71.71,7.04],[-71.75,7.07],[-71.81,7.07],[-71.83,7.03],[-71.96,7.01],[-72.05,7.04],[-72.17,7.25],[-72.15,7.33],[-72.19,7.39],[-72.26,7.38],[-72.35,7.4],[-72.42,7.39],[-72.48,7.49],[-72.45,7.58],[-72.48,7.63],[-72.47,7.79],[-72.44,7.86],[-72.49,7.94],[-72.41,8.02],[-72.35,8.04],[-72.37,8.14],[-72.35,8.17],[-72.39,8.26],[-72.39,8.36],[-72.43,8.38],[-72.61,8.58],[-72.66,8.61],[-72.7,8.81],[-72.72,8.93],[-72.77,9.11],[-72.88,9.13],[-72.95,9.09],[-72.97,9.14],[-72.96,9.18],[-73.01,9.29],[-73.07,9.24],[-73.13,9.23],[-73.18,9.18],[-73.25,9.16],[-73.35,9.18],[-73.27,9.33],[-73.2,9.47],[-73.13,9.55],[-73.09,9.56],[-73.05,9.68],[-72.99,9.78],[-72.95,9.84],[-73,9.92],[-72.95,10.03],[-72.95,10.06],[-72.9,10.22],[-72.91,10.35],[-72.89,10.45],[-72.85,10.49],[-72.82,10.57],[-72.74,10.65],[-72.64,10.88],[-72.58,10.92],[-72.48,11.06],[-72.48,11.1],[-72.35,11.15],[-72.25,11.15],[-71.97,11.65],[-71.78,11.69],[-71.64,11.73],[-71.38,11.81],[-71.32,11.85],[-71.31,11.88],[-71.24,11.95],[-71.14,12],[-71.12,12.04],[-71.12,12.46],[-71.15,12.52],[-71.21,12.56],[-71.47,12.64],[-71.66,12.67],[-71.82,12.62],[-72.22,12.43],[-74.29,11.53],[-74.94,11.29],[-74.98,11.27],[-75.38,10.97],[-75.5,10.88],[-75.66,10.71],[-75.69,10.65],[-75.97,10.29],[-75.98,10.26],[-76.35,9.54],[-77.27,8.98],[-77.3,8.89],[-77.63,9.2],[-77.91,9.41],[-78.08,9.51],[-78.58,9.77],[-78.66,9.79],[-79.09,9.82],[-79.55,9.85],[-79.69,9.84],[-80.2,9.69],[-80.97,9.48],[-81.32,9.33],[-81.34,9.33],[-82.22,9.64],[-82.43,9.72],[-82.56,9.57],[-82.6,9.51],[-82.64,9.49],[-82.7,9.53],[-82.74,9.58],[-82.83,9.61],[-82.88,9.57],[-82.84,9.5],[-82.94,9.47],[-82.93,9.08],[-82.8,9],[-82.74,8.98],[-82.71,8.92],[-82.76,8.89],[-82.86,8.85],[-82.87,8.81],[-82.92,8.77],[-82.83,8.64],[-82.83,8.5],[-82.87,8.44],[-82.94,8.42],[-83.04,8.32],[-82.97,8.29],[-82.93,8.25],[-82.89,8.08],[-82.98,7.85],[-82.5,7.42],[-82.17,7.19],[-81.9,7.03],[-81.8,7],[-80.8,7],[-80.6,7],[-79.22,7.01],[-78.06,7.02],[-78.04,7.05],[-77.88,6.71],[-77.7,6.17],[-77.75,5.48],[-77.73,4.26],[-78.33,3.13],[-78.39,3.05],[-78.57,2.76],[-78.69,2.64],[-78.79,2.48],[-78.87,2.31],[-78.91,2.21],[-79.21,1.73],[-79.24,1.64],[-79.24,1.57],[-79.17,1.47],[-79.56,1.47],[-80.17,0.99],[-80.23,0.92],[-80.3,0.78],[-81.26,-1.17],[-81.28,-1.23],[-81.28,-1.33],[-81.21,-2.19],[-81.34,-3.37],[-81.34,-3.39],[-81.54,-3.39],[-82.5,-3.39],[-84.12,-3.39],[-84.44,-3.39],[-84.53,-3.74],[-84.56,-3.91],[-84.61,-4.26],[-84.63,-4.53],[-84.63,-4.81],[-84.61,-5.08],[-84.57,-5.34],[-84.49,-5.7],[-84.47,-6.03],[-84.46,-6.17],[-84.44,-6.39],[-84.4,-6.65],[-84.35,-6.86],[-84.29,-7.05],[-84.18,-7.35],[-84.08,-7.55],[-83.96,-7.78],[-83.86,-8.08],[-83.8,-8.24],[-83.7,-8.45],[-83.6,-8.64],[-83.49,-8.82],[-83.36,-8.99],[-83.23,-9.15],[-83.12,-9.27],[-82.97,-9.42],[-82.79,-9.57],[-82.66,-9.66],[-82.48,-9.78],[-82.25,-9.92],[-82,-10.03],[-81.96,-10.08],[-81.87,-10.26],[-81.73,-10.48],[-81.62,-10.69],[-81.47,-10.94],[-81.43,-11.03],[-81.33,-11.33],[-81.23,-11.56],[-81.22,-11.75],[-81.17,-12.07],[-81.06,-12.64],[-81.01,-12.84],[-80.93,-13.09],[-80.83,-13.34],[-80.74,-13.52],[-80.63,-13.71],[-80.52,-13.88],[-80.39,-14.05],[-80.21,-14.25],[-80.1,-14.37],[-79.94,-14.51],[-79.81,-14.61],[-79.74,-14.85],[-79.63,-15.14],[-79.54,-15.34],[-79.31,-15.78],[-79.21,-15.96],[-79.09,-16.13],[-79,-16.25],[-78.86,-16.43],[-78.77,-16.56],[-78.64,-16.73],[-78.54,-16.85],[-78.35,-17.05],[-78.23,-17.16],[-77.98,-17.36],[-77.78,-17.6],[-77.63,-17.76],[-77.42,-17.93],[-77.24,-18.08],[-77.06,-18.2],[-76.79,-18.35],[-76.6,-18.47],[-76.37,-18.59],[-76.24,-18.67],[-75.94,-18.83],[-75.56,-19.08],[-75.36,-19.19],[-75.16,-19.29],[-75.01,-19.35],[-74.82,-19.42],[-74.66,-19.49],[-74.47,-19.56],[-74.26,-19.66],[-74.2,-19.7],[-74.02,-19.92],[-73.87,-20.07],[-73.73,-20.2],[-73.73,-20.16],[-73.75,-19.97],[-73.6,-19.88],[-72.93,-19.4],[-72.86,-19.35],[-72.34,-18.89],[-72.03,-18.63],[-71.78,-18.35],[-71.29,-18.35],[-70.59,-18.35],[-70.38,-18.35],[-70.3,-18.31],[-70.15,-18.32],[-70.05,-18.27],[-69.97,-18.26],[-69.86,-18.17],[-69.82,-18.12],[-69.75,-17.99],[-69.75,-17.95],[-69.8,-17.87],[-69.8,-17.76],[-69.83,-17.71],[-69.8,-17.65],[-69.67,-17.66],[-69.55,-17.58],[-69.47,-17.5]]],[[[-81.79,4.1],[-81.82,3.98],[-81.78,3.88],[-81.68,3.8],[-81.62,3.79],[-81.55,3.8],[-81.46,3.86],[-81.42,3.93],[-81.4,4],[-81.41,4.07],[-81.45,4.14],[-81.5,4.19],[-81.6,4.22],[-81.67,4.21],[-81.75,4.16],[-81.79,4.1]]],[[[-78.43,15.81],[-78.43,15.91],[-78.47,15.98],[-78.57,16.04],[-78.66,16.05],[-78.72,16.03],[-78.8,15.97],[-78.83,15.91],[-78.83,15.8],[-78.78,15.71],[-78.72,15.67],[-78.62,15.65],[-78.55,15.67],[-78.47,15.73],[-78.43,15.81]]],[[[-80.07,15.77],[-80.05,15.71],[-79.98,15.63],[-79.9,15.6],[-79.78,15.61],[-79.7,15.67],[-79.66,15.73],[-79.65,15.8],[-79.67,15.86],[-79.72,15.95],[-79.76,15.97],[-79.86,16],[-79.95,15.98],[-80,15.95],[-80.06,15.86],[-80.07,15.77]]],[[[-82,12.03],[-81.93,11.98],[-81.82,11.96],[-81.74,11.99],[-81.67,12.05],[-81.65,12.1],[-81.64,12.2],[-81.41,12.21],[-81.34,12.24],[-81.27,12.32],[-81.25,12.4],[-81.25,12.47],[-81.3,12.57],[-81.37,12.64],[-81.43,12.67],[-81.5,12.68],[-81.53,12.75],[-81.59,12.8],[-81.67,12.83],[-81.74,12.83],[-81.81,12.8],[-81.87,12.75],[-81.93,12.64],[-81.95,12.56],[-81.94,12.46],[-81.92,12.41],[-82.03,12.34],[-82.1,12.25],[-82.12,12.12],[-82,12.03]]],[[[-80.09,13.77],[-80.21,13.74],[-80.27,13.67],[-80.3,13.57],[-80.29,13.5],[-80.23,13.38],[-80.18,13.32],[-80.11,13.29],[-80.01,13.28],[-79.92,13.32],[-79.87,13.38],[-79.83,13.5],[-79.84,13.58],[-79.87,13.64],[-79.94,13.72],[-80.02,13.76],[-80.09,13.77]]],[[[-81.62,13.34],[-81.62,13.28],[-81.59,13.21],[-81.52,13.13],[-81.45,13.11],[-81.37,13.1],[-81.29,13.12],[-81.21,13.17],[-81.14,13.29],[-81.1,13.49],[-81.11,13.56],[-81.14,13.63],[-81.22,13.7],[-81.36,13.73],[-81.42,13.71],[-81.49,13.68],[-81.53,13.62],[-81.6,13.48],[-81.62,13.41],[-81.62,13.34]]],[[[-81.36,14.26],[-81.35,14.14],[-81.32,14.04],[-81.28,13.99],[-81.22,13.95],[-81.13,13.93],[-81.06,13.93],[-80.99,13.97],[-80.93,14.05],[-80.91,14.13],[-80.92,14.19],[-80.87,14.3],[-80.88,14.48],[-80.89,14.55],[-80.93,14.61],[-80.98,14.66],[-81.07,14.69],[-81.18,14.67],[-81.24,14.63],[-81.32,14.48],[-81.37,14.31],[-81.36,14.26]]],[[[-80.45,14.48],[-80.5,14.32],[-80.5,14.26],[-80.48,14.19],[-80.42,14.11],[-80.3,14.06],[-80.22,14.07],[-80.14,14.12],[-80.07,14.21],[-80.06,14.28],[-80.02,14.3],[-79.97,14.37],[-79.95,14.45],[-79.97,14.54],[-80.02,14.62],[-80.08,14.66],[-80.16,14.67],[-80.25,14.66],[-80.32,14.62],[-80.45,14.48]]],[[[-78.58,18.27],[-78.58,18.24],[-78.4,16.77],[-78.38,16.7],[-78.33,16.64],[-78.27,16.6],[-78.19,16.59],[-78.12,16.6],[-77.46,16.85],[-75.95,17.19],[-75.83,17.25],[-75.77,17.32],[-75.75,17.41],[-75.77,17.49],[-75.99,17.99],[-76.16,18.26],[-76.2,18.31],[-76.27,18.35],[-76.81,18.59],[-76.87,18.61],[-77.28,18.67],[-77.79,18.72],[-77.93,18.72],[-78.26,18.65],[-78.36,18.61],[-78.49,18.51],[-78.55,18.41],[-78.58,18.27]]],[[[-87.51,21.69],[-87.54,21.49],[-87.53,21],[-87.74,20.65],[-88.14,20.28],[-88.26,20.29],[-88.31,20.25],[-88.44,20.24],[-88.5,20.19],[-88.51,20.14],[-88.58,20.15],[-88.69,20.09],[-88.7,20.01],[-88.78,20.01],[-88.83,19.88],[-88.88,19.88],[-88.93,19.79],[-88.97,19.82],[-89.03,19.78],[-89.05,19.72],[-89.12,19.7],[-89.14,19.64],[-89.22,19.61],[-89.3,19.55],[-89.15,19.42],[-89.15,19],[-89.14,18.76],[-89.15,18.74],[-89.15,18.45],[-89.13,18.29],[-89.15,18.29],[-89.14,18.15],[-89.2,18.14],[-89.21,17.95],[-89.14,17.96],[-89.04,18],[-88.99,17.96],[-88.87,17.9],[-88.72,18.06],[-88.72,18.11],[-88.67,18.19],[-88.62,18.22],[-88.6,18.3],[-88.54,18.36],[-88.52,18.46],[-88.33,18.49],[-88.25,18.47],[-88.25,18.42],[-88.03,18.41],[-88.03,18.17],[-87.93,18.17],[-87.91,18.15],[-87.84,18.19],[-87.63,18.19],[-87.62,18.25],[-87.55,18.38],[-87.55,18.46],[-87.42,18.38],[-87.34,18.37],[-87.21,18.42],[-87.15,18.47],[-87.12,18.55],[-87.12,18.67],[-87.1,18.73],[-87.12,18.85],[-87.18,18.92],[-87.29,18.96],[-87.39,18.95],[-87.35,19.03],[-87.34,19.14],[-87.28,19.21],[-87.25,19.28],[-87.26,19.38],[-87.2,19.59],[-87.22,19.67],[-87.26,19.75],[-87.23,19.82],[-87.21,19.91],[-87.23,19.99],[-87.26,20.07],[-87.19,20.18],[-87.09,20.09],[-86.96,20.07],[-86.87,20.1],[-86.78,20.17],[-86.65,20.32],[-86.58,20.41],[-86.54,20.49],[-86.51,20.57],[-86.53,20.67],[-86.59,20.75],[-86.67,20.79],[-86.63,20.89],[-86.6,20.93],[-86.5,21.17],[-86.51,21.28],[-86.58,21.39],[-86.58,21.51],[-86.61,21.63],[-86.69,21.71],[-86.76,21.73],[-86.86,21.73],[-86.95,21.77],[-87.05,21.8],[-87.15,21.81],[-87.26,21.75],[-87.37,21.76],[-87.46,21.73],[-87.51,21.69]]],[[[-91.01,49],[-91.75,49],[-91.75,48.66],[-91.92,48.65],[-92.13,48.57],[-92.26,48.47],[-92.15,48.41],[-91.95,48.41],[-92.01,48.27],[-91.86,48.21],[-91.72,48.2],[-91.71,48.11],[-91.57,48.09],[-91.43,48.05],[-91.25,48.08],[-91.08,48.18],[-91.01,48.2],[-91.01,49]]],[[[-85,80.27],[-85.34,80.27],[-85.71,80.32],[-86.04,80.33],[-86.49,80.3],[-86.62,80.12],[-86.52,80.03],[-85.65,79.97],[-85.82,79.94],[-86.3,79.97],[-86.44,79.94],[-86.45,79.78],[-86.32,79.75],[-85.84,79.71],[-85.53,79.7],[-85.15,79.65],[-85,79.58],[-85,80.27]]],[[[-90,50.75],[-90,51.4],[-89.89,51.4],[-89.89,51.54],[-90,51.54],[-90,52],[-90.5,51.75],[-90.75,51.5],[-90.75,51.25],[-90.5,51],[-90,50.75]]],[[[-85,60.25],[-80.03,62.92],[-80.02,63.91],[-80.31,64.11],[-81.55,64.92],[-82.46,65.49],[-84.06,65.49],[-84.76,66.06],[-85,66.09],[-85.15,66.08],[-86.4,65.66],[-86.46,65.12],[-87.28,63.73],[-87.31,63.5],[-86.72,63.33],[-85,62.7],[-85,60.25]]],[[[-80.27,19.8],[-80.31,19.72],[-80.32,19.66],[-80.28,19.54],[-80.2,19.48],[-80.07,19.46],[-79.95,19.49],[-79.9,19.48],[-79.8,19.49],[-79.64,19.55],[-79.57,19.61],[-79.52,19.68],[-79.51,19.74],[-79.52,19.81],[-79.57,19.9],[-79.7,19.95],[-79.81,19.95],[-79.91,19.9],[-80.02,19.91],[-80.16,19.88],[-80.27,19.8]]],[[[-81.34,19.07],[-81.23,19.07],[-81.16,19.09],[-81.01,19.12],[-80.91,19.2],[-80.88,19.27],[-80.88,19.37],[-80.89,19.43],[-80.97,19.51],[-81.04,19.55],[-81.18,19.55],[-81.36,19.6],[-81.45,19.59],[-81.54,19.55],[-81.6,19.48],[-81.63,19.38],[-81.62,19.31],[-81.57,19.17],[-81.51,19.1],[-81.45,19.07],[-81.34,19.07]]]]},"properties":{"tzid":"America/Lima"}},
{"type":"Feature","geometry":{"type":"MultiPolygon","coordinates":[[[[-87.51,21.69],[-87.73,21.74],[-87.93,21.81],[-88.11,21.83],[-88.22,21.82],[-88.31,21.77],[-88.43,21.77],[-88.57,21.73],[-88.67,21.72],[-88.73,21.7],[-88.82,21.62],[-88.92,21.59],[-89.17,21.56],[-89.41,21.53],[-89.62,21.5],[-89.71,21.49],[-89.91,21.44],[-90.08,21.37],[-90.21,21.33],[-90.44,21.2],[-90.5,21.14],[-90.55,21.06],[-90.66,20.78],[-90.67,20.67],[-90.71,20.51],[-90.71,20.16],[-90.73,19.97],[-90.85,19.86],[-90.91,19.72],[-90.92,19.48],[-90.93,19.43],[-91.03,19.35],[-91.33,19.16],[-91.49,19.09],[-91.6,19.01],[-91.64,18.97],[-91.74,18.93],[-91.84,18.87],[-91.9,18.91],[-92,18.92],[-92.37,18.88],[-92.51,18.85],[-92.64,18.81],[-92.73,18.81],[-92.79,18.79],[-92.87,18.72],[-92.9,18.67],[-92.99,18.64],[-93.34,18.65],[-93.52,18.64],[-93.91,18.49],[-94.2,18.41],[-94.37,18.37],[-94.42,18.36],[-94.46,18.41],[-94.54,18.5],[-94.58,18.58],[-94.64,18.67],[-94.72,18.72],[-94.8,18.75],[-94.89,18.75],[-94.94,18.81],[-95.09,18.9],[-95.16,18.92],[-95.28,18.93],[-95.46,18.92],[-95.58,18.93],[-95.75,19.02],[-95.74,19.09],[-95.76,19.18],[-95.84,19.27],[-95.87,19.33],[-95.94,19.4],[-96.02,19.43],[-96.1,19.44],[-96.11,19.5],[-96.17,19.64],[-96.19,19.79],[-96.26,19.95],[-96.36,20.06],[-96.39,20.12],[-96.45,20.18],[-96.54,20.29],[-96.77,20.53],[-96.81,20.58],[-96.96,20.73],[-97.04,20.93],[-97.08,20.99],[-97.2,21.23],[-97.19,21.31],[-97.07,21.36],[-97.02,21.41],[-96.99,21.52],[-97.01,21.59],[-97.05,21.64],[-97.12,21.71],[-97.22,21.75],[-97.4,21.9],[-97.53,22.1],[-97.57,22.21],[-97.57,22.27],[-97.62,22.42],[-97.64,22.49],[-97.63,22.6],[-97.57,22.76],[-97.55,22.87],[-97.54,23.06],[-97.55,23.26],[-97.54,23.42],[-97.52,23.76],[-97.51,24.07],[-97.49,24.31],[-97.46,24.46],[-97.37,24.81],[-97.31,24.98],[-97.52,25.04],[-97.67,25.22],[-97.88,25.4],[-97.95,25.38],[-97.98,25.44],[-98.24,25.45],[-98.38,25.49],[-98.58,25.49],[-98.59,26.02],[-98.82,26.05],[-98.9,25.97],[-99.02,26.1],[-99.13,26.05],[-99.16,26.06],[-99.2,26.26],[-99.26,26.25],[-99.36,26.33],[-99.43,26.35],[-99.41,26.44],[-99.4,26.6],[-99.54,26.66],[-99.66,26.67],[-99.62,26.73],[-99.62,26.77],[-99.58,26.83],[-99.59,26.86],[-99.69,26.91],[-99.87,26.88],[-99.97,26.85],[-100.02,26.96],[-100,26.99],[-100.12,27.03],[-100.12,27.14],[-100.17,27.14],[-100.18,27.22],[-100.25,27.22],[-100.4,27.34],[-100.42,27.39],[-100.35,27.68],[-100.3,27.74],[-100.66,27.82],[-100.95,27.93],[-100.96,27.98],[-101.02,28],[-101.03,28.09],[-101.03,28.24],[-101.3,28.22],[-101.3,28.34],[-101.22,28.38],[-101.72,28.51],[-101.75,28.58],[-102,28.98],[-102.4,29.06],[-102.48,28.96],[-102.64,28.7],[-102.55,28.67],[-102.57,28.64],[-102.49,28.59],[-102.44,28.35],[-102.49,28.29],[-102.41,28.15],[-102.35,27.96],[-102.28,28.01],[-102.22,27.95],[-102.28,27.87],[-102.2,27.85],[-102.16,27.82],[-102.2,27.69],[-102.14,27.7],[-102.09,27.57],[-102.05,27.51],[-101.98,27.46],[-101.9,27.31],[-101.97,27.25],[-102.03,27.24],[-102.12,27.25],[-102.14,27.28],[-102.32,27.27],[-102.37,27.26],[-102.41,27.19],[-102.33,27.13],[-102.29,27.01],[-102.39,27.03],[-102.44,27.03],[-102.49,27.08],[-102.57,27.11],[-102.64,27.16],[-102.7,27.06],[-102.78,27.05],[-102.8,26.87],[-102.99,26.98],[-103.33,26.97],[-103.45,27.05],[-103.53,27.18],[-103.52,27.28],[-103.46,27.28],[-103.36,27.41],[-103.51,27.44],[-103.47,27.76],[-103.44,27.84],[-103.6,27.9],[-103.63,27.86],[-103.41,28.45],[-103.64,28.55],[-103.66,28.6],[-103.71,28.6],[-103.72,28.56],[-103.84,28.6],[-103.93,28.58],[-103.98,28.61],[-104.02,28.56],[-104.05,28.64],[-104.12,28.71],[-104.14,28.68],[-104.22,28.71],[-104.24,28.63],[-104.29,28.58],[-104.42,28.63],[-104.37,28.68],[-104.44,28.73],[-104.52,28.77],[-104.62,28.73],[-104.73,28.85],[-104.84,28.99],[-104.9,28.97],[-105.04,29],[-105.06,28.98],[-105.13,29.05],[-105.05,29.18],[-105.07,29.21],[-105.14,29.2],[-105.2,29.24],[-105.3,29.34],[-105.37,29.38],[-105.37,29.42],[-105.45,29.41],[-105.48,29.46],[-105.44,29.5],[-105.63,29.5],[-105.63,29.59],[-105.68,29.59],[-105.68,29.65],[-105.84,29.65],[-105.91,29.67],[-105.91,29.7],[-105.83,29.7],[-105.81,29.78],[-105.81,29.88],[-105.77,29.88],[-105.77,30.03],[-105.9,30.03],[-105.9,30.06],[-105.83,30.13],[-105.71,30.19],[-105.69,30.28],[-105.57,30.34],[-105.61,30.39],[-105.59,30.47],[-105.62,30.51],[-105.69,30.51],[-105.68,30.64],[-105.73,30.66],[-105.71,30.77],[-105.82,30.85],[-105.88,30.82],[-106.05,30.82],[-106.05,30.9],[-106.13,30.96],[-106.19,30.95],[-106.19,31.02],[-106.27,31.04],[-106.3,31.15],[-106.37,31.19],[-106.51,31.19],[-106.5,31.15],[-106.59,31.15],[-106.65,31.17],[-106.75,31.16],[-106.82,31.12],[-106.89,31.15],[-106.89,31.09],[-107.04,31.09],[-107.05,30.95],[-107.1,30.86],[-107.16,30.86],[-107.19,30.8],[-107.31,30.81],[-107.36,30.84],[-107.4,30.76],[-107.53,30.76],[-107.62,30.72],[-107.63,30.76],[-107.77,30.81],[-107.8,30.86],[-107.92,30.81],[-107.98,30.81],[-107.94,30.66],[-108.02,30.65],[-108.17,30.56],[-108.21,30.49],[-108.18,30.45],[-108.22,30.42],[-108.44,30.34],[-108.5,30.26],[-108.51,30.18],[-108.62,30.24],[-108.61,30.03],[-108.62,29.93],[-108.61,29.8],[-108.54,29.8],[-108.53,29.75],[-108.59,29.72],[-108.64,29.63],[-108.64,29.49],[-108.72,29.47],[-108.67,29.31],[-108.68,29.27],[-108.75,29.26],[-108.75,29.2],[-108.7,29.13],[-108.73,29.1],[-108.69,28.88],[-108.64,28.77],[-108.58,28.74],[-108.58,28.63],[-108.53,28.56],[-108.52,28.43],[-108.49,28.37],[-108.55,28.32],[-108.6,28.35],[-108.63,28.31],[-108.75,28.27],[-108.93,28.26],[-109.07,28.27],[-109.07,28.15],[-109.03,28.02],[-108.93,27.94],[-108.92,27.78],[-108.9,27.74],[-108.83,27.74],[-108.77,27.71],[-108.75,27.64],[-108.71,27.57],[-108.66,27.54],[-108.66,27.47],[-108.59,27.32],[-108.66,27.24],[-108.61,27.15],[-108.6,27.04],[-108.51,26.99],[-108.49,27.04],[-108.41,27.01],[-108.24,27.04],[-108.18,27],[-108.23,26.96],[-108.21,26.89],[-108.14,26.9],[-108.09,26.87],[-108.01,26.76],[-108.01,26.69],[-108.07,26.65],[-107.96,26.51],[-108.01,26.44],[-107.86,26.23],[-107.79,26.17],[-107.71,26.17],[-107.64,26.15],[-107.59,26.17],[-107.52,26.1],[-107.42,26.14],[-107.3,26.08],[-107.28,26],[-107.3,25.92],[-107.06,25.76],[-107.05,25.7],[-106.97,25.7],[-106.97,25.63],[-107.11,25.56],[-107.17,25.56],[-107.15,25.51],[-107.16,25.44],[-107.21,25.42],[-107.12,25.19],[-107.13,25.05],[-107.07,25.03],[-107.02,24.93],[-106.93,24.87],[-106.93,24.82],[-106.87,24.82],[-106.71,24.67],[-106.68,24.6],[-106.62,24.5],[-106.56,24.47],[-106.6,24.41],[-106.53,24.3],[-106.47,24.28],[-106.36,24.3],[-106.33,24.36],[-106.27,24.37],[-106.15,24.34],[-106.07,24.27],[-105.99,24.11],[-106.01,24.07],[-105.91,23.98],[-105.87,23.88],[-105.95,23.91],[-105.96,23.84],[-105.91,23.74],[-105.93,23.68],[-105.91,23.59],[-105.81,23.61],[-105.77,23.56],[-105.76,23.5],[-105.7,23.42],[-105.72,23.38],[-105.68,23.29],[-105.64,23.28],[-105.63,23.2],[-105.65,23.14],[-105.6,23.11],[-105.5,23.13],[-105.42,23.12],[-105.35,23.06],[-105.35,23.02],[-105.3,22.95],[-105.08,22.96],[-105.01,22.98],[-104.99,22.85],[-104.91,22.8],[-104.92,22.75],[-105.06,22.69],[-105.07,22.66],[-105.01,22.59],[-104.96,22.51],[-104.86,22.61],[-104.86,22.65],[-104.78,22.64],[-104.78,22.6],[-104.74,22.56],[-104.66,22.54],[-104.66,22.46],[-104.61,22.45],[-104.57,22.39],[-104.49,22.38],[-104.37,22.42],[-104.29,22.37],[-104.3,22.28],[-104.33,22.25],[-104.34,22.19],[-104.37,22.1],[-104.37,21.98],[-104.3,22],[-104.25,21.97],[-104.17,21.97],[-104.2,21.91],[-104.19,21.85],[-104.13,21.79],[-104.05,21.79],[-103.98,21.77],[-103.89,21.7],[-103.93,21.64],[-103.92,21.59],[-103.83,21.49],[-103.78,21.5],[-103.74,21.44],[-103.77,21.39],[-103.75,21.34],[-103.86,21.25],[-103.92,21.23],[-103.97,21.26],[-104.02,21.21],[-104.08,21.19],[-104.2,21.19],[-104.22,21.17],[-104.22,21.09],[-104.24,21.05],[-104.23,20.97],[-104.29,20.85],[-104.36,20.83],[-104.24,20.71],[-104.24,20.66],[-104.38,20.75],[-104.4,20.78],[-104.5,20.84],[-104.54,20.91],[-104.68,20.94],[-104.78,21.02],[-104.87,20.99],[-104.9,20.95],[-104.95,20.93],[-105,20.99],[-105.1,20.97],[-105.27,20.93],[-105.32,20.93],[-105.52,21.1],[-105.63,20.99],[-105.73,20.87],[-105.8,20.83],[-105.87,20.73],[-105.88,20.65],[-105.84,20.55],[-105.89,20.5],[-105.91,20.44],[-105.9,20.33],[-105.83,20.2],[-105.76,20.13],[-105.75,20.03],[-105.67,19.87],[-105.56,19.74],[-105.5,19.63],[-105.42,19.54],[-105.28,19.42],[-105.22,19.28],[-105.13,19.18],[-105.06,19.13],[-104.98,19.1],[-104.93,19.05],[-104.84,19.02],[-104.75,18.98],[-104.63,18.95],[-104.5,18.89],[-104.43,18.84],[-104.23,18.77],[-104.07,18.68],[-103.93,18.58],[-103.92,18.52],[-103.88,18.46],[-103.77,18.38],[-103.72,18.23],[-103.63,18.15],[-103.45,18.07],[-103.29,18.03],[-103.18,17.99],[-103.08,17.98],[-102.85,17.89],[-102.72,17.86],[-102.67,17.86],[-102.58,17.82],[-102.33,17.75],[-102.11,17.72],[-102,17.75],[-101.96,17.73],[-101.87,17.62],[-101.83,17.55],[-101.75,17.48],[-101.69,17.45],[-101.61,17.36],[-101.51,17.33],[-101.34,17.26],[-101.27,17.21],[-101.22,17.12],[-101.15,17.08],[-100.39,16.84],[-100.2,16.76],[-100.11,16.73],[-100.05,16.66],[-99.88,16.57],[-99.73,16.51],[-99.62,16.49],[-99.51,16.49],[-99.35,16.44],[-99.1,16.4],[-99.04,16.37],[-98.87,16.34],[-98.75,16.23],[-98.72,16.18],[-98.65,16.14],[-98.47,16.07],[-98.3,16.04],[-98.16,15.99],[-97.91,15.79],[-97.84,15.76],[-97.7,15.74],[-97.54,15.74],[-97.37,15.71],[-97.23,15.7],[-97.1,15.61],[-97.04,15.59],[-96.93,15.54],[-96.75,15.5],[-96.61,15.45],[-96.5,15.44],[-96.39,15.47],[-96.24,15.46],[-96.17,15.47],[-95.96,15.57],[-95.87,15.64],[-95.7,15.68],[-95.52,15.76],[-95.35,15.8],[-95.26,15.85],[-95.19,15.92],[-95.13,15.96],[-94.9,16.01],[-94.81,16.01],[-94.57,15.99],[-94.45,15.97],[-94.33,15.92],[-94.16,15.83],[-94,15.78],[-93.95,15.78],[-93.81,15.69],[-93.55,15.5],[-93.26,15.25],[-93.04,15.04],[-93.02,15.01],[-92.77,14.76],[-92.37,14.39],[-92.15,14.22],[-91.92,14.04],[-91.63,13.86],[-91.35,13.76],[-91.26,13.74],[-91.05,13.71],[-90.77,13.71],[-90.67,13.73],[-90.51,13.69],[-90.15,13.53],[-90.02,13.47],[-89.97,13.39],[-89.86,13.33],[-89.69,13.33],[-89.57,13.3],[-89.42,13.29],[-89.33,13.28],[-89.14,13.18],[-88.88,13.06],[-88.77,13.03],[-88.45,12.97],[-88.34,12.97],[-88.25,12.96],[-88.08,12.97],[-87.89,12.95],[-87.89,12.85],[-87.82,12.75],[-87.65,12.64],[-87.56,12.56],[-87.51,12.48],[-87.44,12.43],[-87.38,12.4],[-87.3,12.3],[-87.18,12.23],[-87.04,12.13],[-86.95,12.08],[-86.92,12],[-86.79,11.8],[-86.72,11.72],[-86.65,11.62],[-86.54,11.54],[-86.44,11.45],[-86.35,11.4],[-86.28,11.32],[-86.23,11.29],[-86.14,11.2],[-86.06,11.14],[-86.03,11.1],[-86.11,11.02],[-86.18,10.9],[-86.18,10.81],[-86.08,10.32],[-86.04,10.15],[-85.97,10.01],[-85.87,9.87],[-85.83,9.78],[-85.75,9.71],[-85.22,9.37],[-84.56,8.92],[-84.03,8.56],[-83.85,8.42],[-83.68,8.27],[-82.98,7.85],[-82.89,8.08],[-82.93,8.25],[-82.97,8.29],[-83.04,8.32],[-82.94,8.42],[-82.87,8.44],[-82.83,8.5],[-82.83,8.64],[-82.92,8.77],[-82.87,8.81],[-82.86,8.85],[-82.76,8.89],[-82.71,8.92],[-82.74,8.98],[-82.8,9],[-82.93,9.08],[-82.94,9.47],[-82.84,9.5],[-82.88,9.57],[-82.83,9.61],[-82.74,9.58],[-82.7,9.53],[-82.64,9.49],[-82.6,9.51],[-82.56,9.57],[-82.43,9.72],[-82.48,9.78],[-82.56,9.83],[-82.63,9.84],[-82.66,9.88],[-82.75,9.94],[-82.81,10.01],[-82.85,10.12],[-82.92,10.18],[-83.01,10.21],[-83.11,10.34],[-83.25,10.5],[-83.33,10.66],[-83.37,10.77],[-83.4,10.87],[-83.47,11.01],[-83.57,11.1],[-83.61,11.12],[-83.5,11.23],[-83.28,11.25],[-83.09,11.61],[-82.85,12.08],[-82.79,12.18],[-82.76,12.26],[-82.78,12.37],[-83.12,13.05],[-82.91,13.47],[-82.62,14.06],[-82.53,14.35],[-82.48,14.8],[-82.49,14.89],[-82.36,14.89],[-82.3,14.93],[-82.24,15],[-82.23,15.09],[-82.25,15.17],[-82.29,15.22],[-82.37,15.27],[-82.41,15.34],[-82.52,15.42],[-82.58,15.45],[-82.67,15.45],[-82.8,15.41],[-82.86,15.46],[-82.84,15.52],[-82.73,15.58],[-82.68,15.69],[-82.7,15.79],[-82.73,15.85],[-82.84,15.93],[-82.91,15.94],[-83.01,15.93],[-83.05,15.91],[-83.06,15.99],[-83.15,16.15],[-83.19,16.2],[-83.27,16.24],[-83.38,16.24],[-83.48,16.19],[-83.53,16.12],[-83.54,16.01],[-83.51,15.93],[-83.51,15.81],[-83.48,15.73],[-83.41,15.65],[-83.33,15.63],[-83.26,15.63],[-83.27,15.51],[-83.23,15.43],[-83.16,15.37],[-83.17,15.32],[-83.28,15.42],[-84.19,15.98],[-84.26,16.01],[-84.94,16.17],[-85.23,16.36],[-85.68,16.65],[-85.78,16.71],[-85.9,16.71],[-86.2,16.64],[-86.27,16.63],[-86.73,16.49],[-86.8,16.42],[-87.3,16.21],[-87.7,16.16],[-88.02,16.05],[-88.07,16.03],[-87.87,16.34],[-87.61,16.63],[-87.59,16.66],[-87.34,17.11],[-87.33,17.16],[-87.28,17.44],[-87.28,17.51],[-87.3,17.57],[-87.38,17.64],[-87.64,17.77],[-87.74,17.87],[-87.7,17.96],[-87.65,18.02],[-87.62,18.09],[-87.63,18.19],[-87.84,18.19],[-87.91,18.15],[-87.93,18.17],[-88.03,18.17],[-88.03,18.41],[-88.25,18.42],[-88.25,18.47],[-88.33,18.49],[-88.52,18.46],[-88.54,18.36],[-88.6,18.3],[-88.62,18.22],[-88.67,18.19],[-88.72,18.11],[-88.72,18.06],[-88.87,17.9],[-88.99,17.96],[-89.04,18],[-89.14,17.96],[-89.21,17.95],[-89.2,18.14],[-89.14,18.15],[-89.15,18.29],[-89.13,18.29],[-89.15,18.45],[-89.15,18.74],[-89.14,18.76],[-89.15,19],[-89.15,19.42],[-89.3,19.55],[-89.22,19.61],[-89.14,19.64],[-89.12,19.7],[-89.05,19.72],[-89.03,19.78],[-88.97,19.82],[-88.93,19.79],[-88.88,19.88],[-88.83,19.88],[-88.78,20.01],[-88.7,20.01],[-88.69,20.09],[-88.58,20.15],[-88.51,20.14],[-88.5,20.19],[-88.44,20.24],[-88.31,20.25],[-88.26,20.29],[-88.14,20.28],[-87.74,20.65],[-87.53,21],[-87.54,21.49],[-87.51,21.69]]],[[[-89.44,22.38],[-89.45,22.44],[-89.5,22.52],[-89.55,22.56],[-89.56,22.62],[-89.6,22.71],[-89.69,22.77],[-89.76,22.78],[-89.88,22.76],[-89.93,22.73],[-89.99,22.67],[-90.01,22.58],[-90,22.5],[-89.97,22.45],[-89.95,22.37],[-89.91,22.31],[-89.84,22.23],[-89.75,22.19],[-89.64,22.17],[-89.58,22.18],[-89.48,22.26],[-89.44,22.38]]],[[[-91.17,22.13],[-91.18,22.19],[-91.24,22.28],[-91.29,22.31],[-91.39,22.33],[-91.48,22.32],[-91.57,22.27],[-91.61,22.22],[-91.63,22.15],[-91.62,22.07],[-91.56,21.98],[-91.45,21.93],[-91.35,21.93],[-91.24,21.98],[-91.19,22.05],[-91.17,22.13]]],[[[-92,20.92],[-92.01,20.97],[-92.08,21.07],[-92.19,21.15],[-92.29,21.18],[-92.36,21.17],[-92.44,21.14],[-92.5,21.08],[-92.52,21.03],[-92.52,20.94],[-92.48,20.85],[-92.35,20.73],[-92.26,20.7],[-92.2,20.7],[-92.11,20.74],[-92.04,20.8],[-92,20.92]]],[[[-92.19,20.21],[-92.15,20.1],[-92.1,20.05],[-92.02,20.01],[-91.94,20],[-91.85,20.03],[-91.81,20.07],[-91.76,20.14],[-91.75,20.22],[-91.77,20.28],[-91.85,20.38],[-91.92,20.42],[-92,20.42],[-92.1,20.38],[-92.15,20.33],[-92.19,20.21]]],[[[-82.5,16.05],[-82.56,16],[-82.6,15.9],[-82.59,15.81],[-82.55,15.73],[-82.49,15.69],[-82.39,15.67],[-82.28,15.7],[-82.22,15.75],[-82.18,15.85],[-82.19,15.91],[-82.22,15.99],[-82.32,16.06],[-82.41,16.07],[-82.5,16.05]]],[[[-83.86,17.61],[-83.92,17.62],[-84.02,17.6],[-84.07,17.57],[-84.14,17.49],[-84.15,17.41],[-84.12,17.3],[-84.06,17.24],[-84,17.21],[-83.9,17.2],[-83.77,17.25],[-83.71,17.32],[-83.69,17.38],[-83.71,17.49],[-83.75,17.54],[-83.86,17.61]]],[[[-115.73,49],[-115.26,49],[-114.36,49],[-113.69,49],[-112.92,49],[-112.44,49],[-111.58,49],[-110.88,49],[-110.07,49],[-108.84,49],[-108.41,49],[-107.42,49],[-106.23,49],[-105.37,49],[-104.96,49],[-104.05,49],[-103.38,49],[-102.46,49],[-101.98,49],[-101.36,49],[-101.36,49.18],[-101.39,49.18],[-101.39,49.53],[-101.42,49.53],[-101.42,49.89],[-101.45,49.89],[-101.45,50.24],[-101.48,50.24],[-101.48,50.59],[-101.51,50.59],[-101.51,50.95],[-101.54,50.95],[-101.54,51.3],[-101.57,51.3],[-101.57,51.65],[-101.58,51.97],[-101.61,51.97],[-101.61,52.32],[-101.64,52.32],[-101.64,52.67],[-101.67,52.67],[-101.67,53.02],[-101.7,53.02],[-101.7,53.37],[-101.74,53.37],[-101.74,53.71],[-101.77,53.71],[-101.77,54.06],[-101.81,54.1],[-102.26,54.26],[-102.51,54.51],[-102.51,54.76],[-102.26,55.01],[-101.92,55.11],[-101.92,55.46],[-101.96,55.46],[-101.96,55.81],[-102,55.81],[-102.01,56.16],[-102.01,56.98],[-102.01,57.5],[-102.01,58.19],[-102.01,58.64],[-102.01,59.16],[-102.01,59.83],[-102.01,60.25],[-102.01,60.83],[-102.01,61.17],[-102.01,61.69],[-102,62.51],[-102,63.05],[-102,63.52],[-102,64.23],[-102.98,64.34],[-104.35,64.47],[-105,64.53],[-107.03,64.69],[-108.1,64.76],[-109.33,64.83],[-110.02,65.18],[-110.67,65.5],[-111.48,65.5],[-112.5,65.5],[-113.28,65.78],[-114.54,66.21],[-115.17,66.42],[-116.67,66.89],[-117.66,67.18],[-119.24,67.63],[-120,67.83],[-120,60],[-120,59.47],[-120,58.94],[-120,58.55],[-120,58.06],[-120,57.5],[-120,57],[-120,56.64],[-120,56.13],[-120,55.37],[-120,54.74],[-120,54.23],[-120,53.8],[-119.89,53.78],[-119.92,53.72],[-119.8,53.71],[-119.72,53.62],[-119.75,53.59],[-119.92,53.6],[-119.79,53.49],[-119.77,53.43],[-119.67,53.37],[-119.4,53.37],[-119.35,53.33],[-119.33,53.27],[-119.25,53.19],[-119.15,53.19],[-119.03,53.16],[-118.95,53.24],[-118.79,53.16],[-118.73,53.11],[-118.77,53.07],[-118.67,53.04],[-118.67,52.98],[-118.61,52.93],[-118.47,52.9],[-118.4,52.85],[-118.42,52.77],[-118.34,52.73],[-118.29,52.68],[-118.35,52.64],[-118.33,52.58],[-118.26,52.5],[-118.24,52.38],[-118.33,52.37],[-118.55,52.28],[-118.48,52.23],[-118.44,52.16],[-118.43,52.08],[-118.39,51.98],[-118.21,51.97],[-118.16,51.9],[-118.13,51.72],[-117.98,51.74],[-117.92,51.72],[-117.97,51.64],[-117.94,51.54],[-117.97,51.48],[-117.89,51.42],[-117.84,51.37],[-117.76,51.32],[-117.74,51.28],[-117.65,51.28],[-117.48,51.3],[-117.41,51.25],[-117.43,51.18],[-117.41,51.11],[-117.34,51.04],[-117.22,51.06],[-117.14,51.02],[-117.17,50.98],[-117.04,50.96],[-117.09,50.86],[-117.04,50.81],[-116.96,50.81],[-116.86,50.77],[-116.72,50.67],[-116.58,50.64],[-116.65,50.6],[-116.72,50.46],[-116.66,50.42],[-116.62,50.32],[-116.54,50.31],[-116.56,50.22],[-116.45,50.16],[-116.49,50.1],[-116.47,49.97],[-116.52,49.98],[-116.7,49.88],[-116.66,49.79],[-116.6,49.74],[-116.59,49.7],[-116.66,49.67],[-116.68,49.59],[-116.62,49.54],[-116.66,49.48],[-116.57,49.46],[-116.45,49.51],[-116.3,49.52],[-116.29,49.48],[-116.16,49.36],[-116.17,49.29],[-116.07,49.26],[-116,49.22],[-115.94,49.16],[-115.86,49.17],[-115.83,49.1],[-115.73,49.03],[-115.73,49]]],[[[-120,77.42],[-120,69.58],[-118.4,69.61],[-116.82,69.64],[-116.63,69.64],[-117.15,69.89],[-117.12,70],[-115.38,70],[-114.48,70],[-112.89,70],[-112.89,69.83],[-112.65,69.83],[-112.44,69.85],[-112.5,69.9],[-112.5,70],[-111.39,70],[-110,70],[-110,70.81],[-110,71.35],[-110,71.74],[-110,72.34],[-110,72.98],[-110,73.94],[-110,74.84],[-110,75.22],[-110,75.9],[-110,76.49],[-110,77.92],[-110,78.69],[-110,79.13],[-111.32,78.97],[-112.84,78.78],[-113.72,78.63],[-114.7,78.51],[-115.02,78.45],[-115.85,78.2],[-116.26,78.01],[-116.61,77.91],[-116.88,77.79],[-117.33,77.73],[-117.72,77.7],[-118.55,77.6],[-119.26,77.55],[-119.77,77.48],[-120,77.42]]],[[[-91.95,1.88],[-92.05,1.88],[-92.12,1.85],[-92.18,1.79],[-92.2,1.74],[-92.2,1.62],[-91.85,-0.43],[-91.68,-1.04],[-91.61,-1.14],[-91.56,-1.17],[-90.98,-1.39],[-90.52,-1.55],[-90.47,-1.56],[-89.66,-1.61],[-89.58,-1.61],[-89.49,-1.56],[-89.45,-1.51],[-89.06,-0.82],[-89.04,-0.7],[-89.07,-0.6],[-89.28,-0.3],[-89.76,0.41],[-89.82,0.49],[-89.86,0.53],[-90.66,0.82],[-91.06,1.15],[-91.89,1.85],[-91.95,1.88]]]]},"properties":{"tzid":"America/Mexico_City"}},
{"type":"Feature","geometry":{"type":"MultiPolygon","coordinates":[[[[-110.1,35.7],[-110.08,35.79],[-110.15,35.81],[-110.24,35.72],[-110.2,35.69],[-110.1,35.7]]],[[[-116.05,49],[-116.05,48.31],[-116.05,47.98],[-115.9,47.84],[-115.85,47.83],[-115.82,47.75],[-115.72,47.69],[-115.74,47.66],[-115.69,47.59],[-115.71,47.52],[-115.69,47.46],[-115.75,47.44],[-115.55,47.35],[-115.53,47.3],[-115.34,47.26],[-115.3,47.19],[-115.2,47.14],[-115.11,47.05],[-115.05,46.97],[-115,46.97],[-114.94,46.9],[-114.92,46.83],[-114.77,46.76],[-114.62,46.71],[-114.61,46.64],[-114.47,46.63],[-114.36,46.67],[-114.32,46.65],[-114.34,46.52],[-114.4,46.48],[-114.37,46.44],[-114.42,46.39],[-114.43,46.31],[-114.47,46.27],[-114.45,46.17],[-114.52,46.13],[-114.46,46.09],[-114.48,46.03],[-114.41,45.98],[-114.43,45.94],[-114.41,45.87],[-114.5,45.85],[-114.57,45.77],[-114.5,45.72],[-114.5,45.67],[-114.58,45.54],[-114.66,45.47],[-114.77,45.51],[-114.8,45.48],[-114.75,45.4],[-114.89,45.43],[-114.98,45.49],[-115.06,45.51],[-115.21,45.57],[-115.3,45.54],[-115.34,45.48],[-115.43,45.46],[-115.52,45.38],[-115.61,45.4],[-115.69,45.44],[-115.8,45.47],[-115.94,45.46],[-116,45.43],[-116.21,45.4],[-116.29,45.42],[-116.31,45.57],[-116.27,45.61],[-116.32,45.67],[-116.33,45.74],[-116.3,45.86],[-116.41,45.9],[-116.44,45.96],[-116.52,45.97],[-116.61,46.01],[-116.7,46],[-116.75,45.94],[-116.73,45.9],[-116.79,45.86],[-116.76,45.82],[-116.7,45.82],[-116.66,45.78],[-116.59,45.78],[-116.54,45.73],[-116.54,45.69],[-116.46,45.62],[-116.56,45.5],[-116.67,45.31],[-116.73,45.14],[-116.85,45.02],[-116.83,44.93],[-116.93,44.78],[-117.04,44.75],[-117.12,44.61],[-117.14,44.55],[-117.23,44.48],[-117.24,44.4],[-117.19,44.34],[-117.22,44.3],[-117.49,44.3],[-117.49,44.39],[-117.59,44.44],[-117.97,44.44],[-118.03,44.42],[-118.15,44.27],[-118.23,44.26],[-118.23,43.78],[-118.23,43.35],[-118.23,42.91],[-118.22,42.91],[-118.22,42.45],[-117.47,42.45],[-117.03,42.45],[-117.03,42],[-116.38,42],[-115.99,42],[-115.14,42],[-114.04,41.99],[-114.04,41],[-114.04,40.73],[-114.05,40.12],[-114.05,39.54],[-114.05,38.95],[-114.05,38.24],[-114.05,37.82],[-114.05,37.57],[-114.05,37],[-113.56,37],[-113.01,37],[-112.53,37],[-111.85,37],[-111.41,37],[-111.43,36.87],[-111.56,36.87],[-111.64,36.8],[-111.66,36.76],[-111.76,36.65],[-111.76,36.61],[-111.86,36.5],[-111.83,36.45],[-111.89,36.37],[-111.8,36.2],[-111.76,36.2],[-111.76,36.01],[-111.72,35.98],[-111.73,35.85],[-111.69,35.82],[-111.69,35.75],[-111.75,35.75],[-111.75,35.67],[-111.63,35.67],[-111.55,35.64],[-111.54,35.76],[-111.32,35.76],[-111.31,35.71],[-111.33,35.65],[-111.31,35.59],[-111.27,35.56],[-111.24,35.49],[-111.24,35.16],[-110.91,35.16],[-110.91,35.17],[-110.36,35.17],[-109.69,35.17],[-109.74,35.13],[-109.74,35.08],[-109.63,35.08],[-109.63,35.17],[-109.51,35.16],[-109.42,35.23],[-109.33,35.2],[-109.33,35.11],[-109.42,35.12],[-109.47,35.16],[-109.52,35.14],[-109.5,34.95],[-109.42,34.95],[-109.4,34.98],[-109.31,35],[-109.31,34.91],[-109.05,34.91],[-109.05,34.17],[-109.05,33.37],[-109.05,32.98],[-109.05,32.39],[-109.05,31.99],[-109.05,31.33],[-108.76,31.33],[-108.82,31.24],[-108.88,31.24],[-108.84,31.17],[-108.85,31.14],[-108.77,31.1],[-108.74,31.05],[-108.8,31],[-108.8,30.9],[-108.94,30.91],[-108.94,30.77],[-108.87,30.69],[-108.88,30.62],[-108.73,30.58],[-108.66,30.52],[-108.65,30.42],[-108.54,30.28],[-108.62,30.3],[-108.62,30.24],[-108.51,30.18],[-108.5,30.26],[-108.44,30.34],[-108.22,30.42],[-108.18,30.45],[-108.21,30.49],[-108.17,30.56],[-108.02,30.65],[-107.94,30.66],[-107.98,30.81],[-107.92,30.81],[-107.8,30.86],[-107.77,30.81],[-107.63,30.76],[-107.62,30.72],[-107.53,30.76],[-107.4,30.76],[-107.36,30.84],[-107.31,30.81],[-107.19,30.8],[-107.16,30.86],[-107.1,30.86],[-107.05,30.95],[-107.04,31.09],[-106.89,31.09],[-106.89,31.15],[-106.82,31.12],[-106.75,31.16],[-106.65,31.17],[-106.59,31.15],[-106.5,31.15],[-106.51,31.19],[-106.37,31.19],[-106.3,31.15],[-106.27,31.04],[-106.19,31.02],[-106.19,30.95],[-106.13,30.96],[-106.05,30.9],[-106.05,30.82],[-105.88,30.82],[-105.82,30.85],[-105.71,30.77],[-105.73,30.66],[-105.68,30.64],[-105.69,30.51],[-105.62,30.51],[-105.59,30.47],[-105.61,30.39],[-105.57,30.34],[-105.49,30.33],[-105.35,30.33],[-105.31,30.38],[-105.31,30.43],[-105.26,30.43],[-105.26,30.36],[-105.17,30.38],[-105.17,30.48],[-105.1,30.51],[-104.98,30.51],[-104.93,30.47],[-104.87,30.47],[-104.9,30.57],[-104.98,30.63],[-104.92,30.66],[-104.91,30.9],[-104.91,31.63],[-104.92,32],[-104.17,32],[-103.75,32],[-103.06,32],[-103.06,32.59],[-103.06,33],[-103.06,33.39],[-103.04,34],[-103.04,34.67],[-103.04,35.21],[-103.04,35.96],[-103.04,36.5],[-103,36.5],[-103,37],[-102.7,37],[-102.04,36.99],[-102.04,37.74],[-101.53,37.74],[-101.54,37.83],[-101.54,38.26],[-101.57,38.26],[-101.57,38.7],[-101.48,38.7],[-101.48,39.13],[-101.39,39.13],[-101.39,39.57],[-102.05,39.57],[-102.05,40],[-101.32,40],[-101.33,40.33],[-101.34,40.35],[-101.35,40.7],[-101.25,40.7],[-101.25,41.05],[-101.27,41.05],[-101.27,41.4],[-101.41,41.4],[-101.4,41.74],[-100.84,41.74],[-100.84,42.09],[-100.75,42.09],[-100.75,42.2],[-100.81,42.21],[-100.81,42.35],[-100.83,42.44],[-100.78,42.44],[-100.77,42.61],[-100.89,42.61],[-100.9,43],[-101.23,43],[-101.23,43.36],[-101.23,43.8],[-101.07,43.85],[-101.05,44],[-101.05,44.17],[-100.56,44.17],[-100.39,44.36],[-100.39,44.44],[-100.43,44.46],[-100.55,44.44],[-100.58,44.49],[-100.51,44.53],[-100.6,44.56],[-100.65,44.6],[-100.61,44.69],[-100.64,44.74],[-100.73,44.78],[-100.68,44.83],[-100.6,44.77],[-100.53,44.76],[-100.4,44.86],[-100.43,44.98],[-100.32,45.06],[-100.33,45.1],[-100.28,45.16],[-100.26,45.23],[-100.32,45.31],[-100.28,45.38],[-100.38,45.51],[-100.47,45.52],[-100.43,45.59],[-100.43,45.65],[-100.34,45.65],[-100.3,45.71],[-100.37,45.8],[-100.36,45.85],[-100.43,45.88],[-100.51,45.94],[-101.33,45.94],[-101.33,46.09],[-101.2,46.15],[-101.19,46.19],[-101.12,46.21],[-101.05,46.28],[-101.05,46.37],[-101.3,46.37],[-101.3,46.63],[-101.72,46.63],[-101.72,46.72],[-102.09,46.72],[-102.1,46.98],[-102.14,46.98],[-102.14,47.33],[-102.21,47.33],[-102.2,47.57],[-102.24,47.6],[-102.4,47.59],[-102.43,47.5],[-102.51,47.51],[-102.6,47.55],[-102.67,47.53],[-102.75,47.59],[-102.84,47.6],[-102.91,47.63],[-103.02,47.64],[-103.07,47.58],[-103.19,47.57],[-103.37,47.6],[-103.42,47.59],[-103.43,47.53],[-103.53,47.53],[-103.61,47.52],[-103.61,47.59],[-103.74,47.59],[-103.74,47.68],[-103.8,47.68],[-103.8,47.85],[-103.97,47.85],[-103.97,47.96],[-104.04,48],[-104.05,48.49],[-104.05,49],[-104.96,49],[-105.37,49],[-106.23,49],[-107.42,49],[-108.41,49],[-108.84,49],[-110.07,49],[-110.88,49],[-111.58,49],[-112.44,49],[-112.92,49],[-113.69,49],[-114.36,49],[-115.26,49],[-115.73,49],[-116.05,49]],[[-111.21,36.12],[-111.13,36.12],[-111.08,36.06],[-111.14,36.02],[-111.14,35.97],[-111.24,35.97],[-111.29,36.08],[-111.21,36.12]],[[-110,35.85],[-110,35.65],[-110.15,35.65],[-110.18,35.59],[-110.28,35.59],[-110.25,35.52],[-110.72,35.52],[-110.72,35.5],[-110.89,35.5],[-110.86,35.55],[-111,35.55],[-111,36.28],[-110.88,36.28],[-110.83,36.38],[-110.75,36.41],[-110.72,36.37],[-110.58,36.37],[-110.42,36.4],[-110.36,36.43],[-110.31,36.42],[-110.41,36.29],[-110.44,36.16],[-110.57,36.14],[-110.62,36.1],[-110.62,36.04],[-110.55,36.04],[-110.46,36.1],[-110.4,36.04],[-110.16,35.97],[-110.12,35.93],[-110.02,35.92],[-110,35.85]]],[[[-120,60],[-120,67.83],[-119.24,67.63],[-117.66,67.18],[-116.67,66.89],[-115.17,66.42],[-114.54,66.21],[-113.28,65.78],[-112.5,65.5],[-111.48,65.5],[-110.67,65.5],[-110.02,65.18],[-109.33,64.83],[-108.1,64.76],[-107.03,64.69],[-105,64.53],[-104.35,64.47],[-102.98,64.34],[-102,64.23],[-102,67],[-89,67],[-89,69.26],[-89.61,70.02],[-92.17,71.88],[-93.89,72.24],[-95.23,72.44],[-96.42,72.61],[-97.08,72.71],[-100.47,73.2],[-102,73.43],[-102,75.55],[-102,75.89],[-102,76.42],[-102,77.69],[-102,78.29],[-102,79.08],[-102,80.12],[-103.77,79.89],[-106.15,79.55],[-110,79.13],[-110,78.69],[-110,77.92],[-110,76.49],[-110,75.9],[-110,75.22],[-110,74.84],[-110,73.94],[-110,72.98],[-110,72.34],[-110,71.74],[-110,71.35],[-110,70.81],[-110,70],[-111.39,70],[-112.5,70],[-112.5,69.9],[-112.44,69.85],[-112.65,69.83],[-112.89,69.83],[-112.89,70],[-114.48,70],[-115.38,70],[-117.12,70],[-117.15,69.89],[-116.63,69.64],[-116.82,69.64],[-118.4,69.61],[-120,69.58],[-120,77.42],[-121.9,76.86],[-122.72,76.61],[-123.35,76.54],[-123.56,76.5],[-123.76,76.43],[-123.81,76.36],[-123.82,76.22],[-123.91,76.03],[-123.78,75.93],[-123.6,75.86],[-124.52,75.19],[-125.37,74.49],[-125.55,74.45],[-125.72,74.39],[-125.81,74.28],[-125.69,74.19],[-125.3,74.02],[-125.27,73.94],[-125.41,73.76],[-125.41,73.67],[-125.35,73.62],[-125.19,73.56],[-125.02,73.52],[-125.19,73.39],[-125.23,73.32],[-125.4,73.24],[-125.53,73.16],[-125.72,72.98],[-125.88,72.88],[-125.89,72.83],[-125.77,72.73],[-125.81,72.67],[-126,72.6],[-126.05,72.56],[-126.09,72.42],[-126.26,72.34],[-126.45,72.13],[-126.6,72.05],[-127.83,71.34],[-128.74,70.77],[-130.03,70.45],[-130.5,70.41],[-130.76,70.41],[-131.01,70.37],[-131.19,70.32],[-131.81,70.11],[-132.57,69.94],[-132.82,69.91],[-133.45,69.79],[-133.89,69.93],[-134.13,69.97],[-134.35,69.99],[-134.64,69.96],[-135.13,69.88],[-135.65,69.83],[-135.83,69.8],[-136.25,69.63],[-136.59,69.4],[-136.45,68.89],[-136.45,68.22],[-136.45,67.71],[-136.44,67.65],[-136.24,67.62],[-136.2,67.58],[-136.18,67.46],[-136.22,67.42],[-136.08,67.31],[-136.19,67.19],[-136.23,67.09],[-136.16,67],[-134.75,67],[-134.08,66.98],[-134.05,66.91],[-133.91,66.9],[-133.81,66.84],[-133.78,66.75],[-133.87,66.71],[-133.77,66.62],[-133.58,66.56],[-133.71,66.52],[-133.72,66.47],[-133.79,66.41],[-133.77,66.37],[-133.85,66.32],[-133.6,66.27],[-133.56,66.15],[-133.66,66.12],[-133.62,66.06],[-133.62,65.95],[-133.43,65.94],[-133.24,66.01],[-132.99,66.04],[-132.92,66.02],[-132.99,65.94],[-132.88,65.9],[-132.75,65.99],[-132.59,66.03],[-132.42,65.94],[-132.57,65.87],[-132.55,65.83],[-132.37,65.78],[-132.28,65.69],[-132.17,65.62],[-132.42,65.4],[-132.52,65.37],[-132.56,65.29],[-132.67,65.28],[-132.74,65.16],[-132.56,65.2],[-132.57,65.12],[-132.52,65.09],[-132.36,65.09],[-132.34,65.04],[-132.52,64.96],[-132.49,64.88],[-132.63,64.83],[-132.35,64.79],[-132.17,64.71],[-132.03,64.7],[-131.94,64.6],[-131.85,64.53],[-131.69,64.5],[-131.8,64.45],[-131.87,64.39],[-131.64,64.38],[-131.45,64.4],[-131.41,64.46],[-131.15,64.42],[-131.04,64.32],[-131.06,64.28],[-130.95,64.24],[-130.97,64.1],[-130.9,64.05],[-130.76,64.04],[-130.77,63.97],[-130.6,63.92],[-130.54,63.93],[-130.37,63.84],[-130.26,63.88],[-130.14,63.86],[-130.13,63.77],[-130.25,63.72],[-130.36,63.7],[-130.28,63.66],[-130.16,63.69],[-130.1,63.62],[-129.94,63.61],[-129.88,63.51],[-129.94,63.43],[-129.9,63.39],[-129.94,63.34],[-130.16,63.31],[-129.91,63.15],[-129.84,63.09],[-129.6,63.04],[-129.78,62.87],[-129.63,62.76],[-129.64,62.74],[-129.38,62.55],[-129.24,62.51],[-129.18,62.47],[-129.29,62.44],[-129.26,62.37],[-129.3,62.27],[-129.2,62.21],[-129.28,62.16],[-129.18,62.11],[-128.91,62.12],[-128.77,62.08],[-128.68,62.13],[-128.6,62.14],[-128.52,62.1],[-128.43,62.14],[-128.29,62.15],[-128.13,62.09],[-128.14,62.05],[-127.96,61.95],[-127.98,61.9],[-127.71,61.8],[-127.7,61.73],[-127.52,61.65],[-127.39,61.64],[-127.07,61.51],[-126.98,61.46],[-126.94,61.34],[-127.05,61.3],[-127,61.18],[-127.11,61.14],[-127.08,61.03],[-126.95,61.03],[-126.9,60.95],[-126.9,60.87],[-126.84,60.81],[-126.63,60.77],[-126.48,60.79],[-126.3,60.78],[-126.22,60.81],[-125.99,60.81],[-125.98,60.85],[-125.84,60.91],[-125.79,60.85],[-125.68,60.8],[-125.53,60.81],[-125.44,60.78],[-125.28,60.79],[-125.18,60.85],[-125.03,60.82],[-124.98,60.85],[-124.86,60.86],[-124.88,60.93],[-124.77,60.95],[-124.58,60.95],[-124.53,60.84],[-124.48,60.78],[-124.6,60.7],[-124.6,60.65],[-124.42,60.53],[-124.42,60.47],[-124.2,60.45],[-124.23,60.37],[-124.12,60.2],[-124.01,60.15],[-123.99,60.07],[-123.81,60],[-122.99,60],[-122.39,60],[-121.36,60],[-120,60]],[[-124.77,61.73],[-124.68,61.61],[-124.74,61.49],[-124.93,61.52],[-124.95,61.59],[-124.91,61.69],[-124.77,61.73]]]]},"properties":{"tzid":"America/Denver"}},
{"type":"Feature","geometry":{"type":"Polygon","coordinates":[[[-85.27,29.47],[-85.25,29.63],[-85.33,29.61],[-85.38,29.61],[-85.43,29.67],[-85.47,29.83],[-85.45,29.9],[-85.32,29.96],[-85.21,29.85],[-85.11,29.77],[-85.04,29.78],[-85.01,29.87],[-85.03,29.99],[-85.14,30.04],[-85.14,30.17],[-85.06,30.26],[-85.03,30.42],[-84.99,30.47],[-84.99,30.52],[-84.94,30.6],[-84.86,30.7],[-84.94,30.82],[-84.94,30.89],[-85,30.97],[-85,31.01],[-85.04,31.11],[-85.11,31.19],[-85.11,31.26],[-85.08,31.33],[-85.09,31.37],[-85.07,31.47],[-85.04,31.54],[-85.06,31.62],[-85.13,31.7],[-85.14,31.78],[-85.13,31.89],[-85.08,31.94],[-85.06,32.07],[-85.06,32.13],[-85.01,32.18],[-84.93,32.22],[-84.9,32.26],[-84.94,32.3],[-85.07,32.35],[-85.12,32.44],[-85.21,32.51],[-85.18,32.57],[-85.23,32.77],[-85.28,32.85],[-85.24,32.95],[-85.2,32.97],[-85.36,33.75],[-85.47,34.33],[-85.56,34.75],[-85.61,34.98],[-85.47,34.98],[-85.38,35.05],[-85.36,35.09],[-85.39,35.15],[-85.25,35.32],[-85.11,35.57],[-85.05,35.62],[-84.91,35.77],[-84.73,35.86],[-84.68,35.91],[-84.72,35.99],[-84.91,36.16],[-84.91,36.21],[-84.87,36.29],[-84.74,36.34],[-84.73,36.37],[-84.66,36.39],[-84.79,36.6],[-84.97,36.62],[-85.02,36.69],[-85,36.76],[-85.06,36.86],[-84.91,36.95],[-84.84,37],[-84.91,37.05],[-84.92,37.11],[-84.97,37.11],[-85.05,37.2],[-85.06,37.26],[-85.18,37.31],[-85.2,37.27],[-85.27,37.26],[-85.35,37.19],[-85.48,37.36],[-85.63,37.47],[-85.66,37.42],[-86.05,37.45],[-86.06,37.51],[-86.11,37.57],[-86.2,37.57],[-86.28,37.59],[-86.15,37.8],[-86.24,37.88],[-86.49,38.05],[-86.46,38.1],[-86.46,38.21],[-86.57,38.21],[-86.57,38.26],[-86.68,38.25],[-86.79,38.25],[-86.79,38.21],[-87.07,38.2],[-87.07,38.23],[-87.3,38.23],[-87.32,38.25],[-87.32,38.38],[-87.41,38.38],[-87.5,38.5],[-87.58,38.48],[-87.61,38.45],[-87.74,38.41],[-87.71,38.48],[-87.65,38.5],[-87.67,38.55],[-87.62,38.59],[-87.6,38.67],[-87.52,38.7],[-87.5,38.79],[-87.55,38.86],[-87.51,38.96],[-87.57,38.99],[-87.57,39.06],[-87.66,39.14],[-87.59,39.2],[-87.6,39.26],[-87.59,39.33],[-87.53,39.35],[-87.53,39.88],[-87.53,40.49],[-87.53,40.74],[-87.1,40.74],[-87.1,40.84],[-86.99,40.84],[-86.99,40.91],[-86.93,40.91],[-86.93,41.17],[-86.47,41.17],[-86.47,41.43],[-86.52,41.43],[-86.52,41.52],[-86.49,41.57],[-86.49,41.65],[-86.53,41.65],[-86.52,41.76],[-87.21,41.76],[-87.13,42.1],[-87.02,42.49],[-87.11,43.13],[-87.15,43.38],[-87.13,43.67],[-87.1,43.8],[-87.01,44.13],[-86.86,44.5],[-86.69,44.88],[-86.5,45.08],[-86.25,45.24],[-86.75,45.44],[-87.1,45.44],[-87.26,45.55],[-87.33,45.55],[-87.33,45.9],[-87.37,45.9],[-87.37,45.99],[-87.62,45.99],[-87.62,46.25],[-88.12,46.25],[-88.12,46.42],[-88.99,46.42],[-88.99,46.33],[-89.37,46.33],[-89.37,46.51],[-89.74,46.51],[-89.74,46.59],[-89.86,46.59],[-89.86,46.77],[-90.05,46.67],[-90.16,46.65],[-90.42,46.57],[-90.13,47.02],[-89.82,47.5],[-89.48,48.01],[-89.59,48],[-89.77,48.02],[-89.9,47.99],[-89.99,48.03],[-90.02,48.08],[-90.13,48.11],[-90.31,48.11],[-90.37,48.09],[-90.64,48.1],[-90.76,48.1],[-90.83,48.17],[-90.84,48.24],[-90.89,48.25],[-91.01,48.2],[-91.08,48.18],[-91.25,48.08],[-91.43,48.05],[-91.57,48.09],[-91.71,48.11],[-91.72,48.2],[-91.86,48.21],[-92.01,48.27],[-91.95,48.41],[-92.15,48.41],[-92.26,48.47],[-92.13,48.57],[-91.92,48.65],[-91.75,48.66],[-91.75,49],[-91.01,49],[-90.97,49],[-90.96,49.25],[-90,49.25],[-90,50.75],[-90.5,51],[-90.75,51.25],[-90.75,51.5],[-90.5,51.75],[-90,52],[-90,52.75],[-89,52.75],[-89,53],[-88.5,53.38],[-88.5,53.63],[-89,54],[-90,54],[-90,56.23],[-88.99,56.85],[-88.82,56.84],[-88.83,56.79],[-88.7,56.75],[-88.66,56.7],[-88.5,56.65],[-88.44,56.6],[-88.27,56.54],[-87.98,56.47],[-87.92,56.39],[-87.83,56.34],[-87.64,56.11],[-87.57,56.07],[-87.47,56.05],[-87.45,56.01],[-87.22,55.93],[-86.9,55.91],[-86.64,55.83],[-86.37,55.76],[-86.27,55.71],[-85.97,55.66],[-85.64,55.56],[-85.43,55.42],[-85.35,55.38],[-85.23,55.37],[-85.11,55.29],[-85,55.27],[-85,60.25],[-85,62.7],[-86.72,63.33],[-87.31,63.5],[-87.28,63.73],[-86.46,65.12],[-86.4,65.66],[-85.15,66.08],[-85,66.09],[-85,66.28],[-85,79.58],[-85.15,79.65],[-85.53,79.7],[-85.84,79.71],[-86.32,79.75],[-86.45,79.78],[-86.44,79.94],[-86.3,79.97],[-85.82,79.94],[-85.65,79.97],[-86.52,80.03],[-86.62,80.12],[-86.49,80.3],[-86.04,80.33],[-85.71,80.32],[-85.34,80.27],[-85,80.27],[-85,82.77],[-86.68,82.62],[-87.1,82.56],[-87.96,82.36],[-88.78,82.28],[-91.21,82.12],[-91.73,82.06],[-92.77,81.86],[-95.28,81.47],[-95.52,81.42],[-96.41,81.08],[-97.26,80.75],[-97.55,80.51],[-99.74,80.37],[-100.43,80.31],[-102,80.12],[-102,79.08],[-102,78.29],[-102,77.69],[-102,76.42],[-102,75.89],[-102,75.55],[-102,73.43],[-100.47,73.2],[-97.08,72.71],[-96.42,72.61],[-95.23,72.44],[-93.89,72.24],[-92.17,71.88],[-89.61,70.02],[-89,69.26],[-89,67],[-102,67],[-102,64.23],[-102,63.52],[-102,63.05],[-102,62.51],[-102.01,61.69],[-102.01,61.17],[-102.01,60.83],[-102.01,60.25],[-102.01,59.83],[-102.01,59.16],[-102.01,58.64],[-102.01,58.19],[-102.01,57.5],[-102.01,56.98],[-102.01,56.16],[-102,55.81],[-101.96,55.81],[-101.96,55.46],[-101.92,55.46],[-101.92,55.11],[-102.26,55.01],[-102.51,54.76],[-102.51,54.51],[-102.26,54.26],[-101.81,54.1],[-101.77,54.06],[-101.77,53.71],[-101.74,53.71],[-101.74,53.37],[-101.7,53.37],[-101.7,53.02],[-101.67,53.02],[-101.67,52.67],[-101.64,52.67],[-101.64,52.32],[-101.61,52.32],[-101.61,51.97],[-101.58,51.97],[-101.57,51.65],[-101.57,51.3],[-101.54,51.3],[-101.54,50.95],[-101.51,50.95],[-101.51,50.59],[-101.48,50.59],[-101.48,50.24],[-101.45,50.24],[-101.45,49.89],[-101.42,49.89],[-101.42,49.53],[-101.39,49.53],[-101.39,49.18],[-101.36,49.18],[-101.36,49],[-101.98,49],[-102.46,49],[-103.38,49],[-104.05,49],[-104.05,48.49],[-104.04,48],[-103.97,47.96],[-103.97,47.85],[-103.8,47.85],[-103.8,47.68],[-103.74,47.68],[-103.74,47.59],[-103.61,47.59],[-103.61,47.52],[-103.53,47.53],[-103.43,47.53],[-103.42,47.59],[-103.37,47.6],[-103.19,47.57],[-103.07,47.58],[-103.02,47.64],[-102.91,47.63],[-102.84,47.6],[-102.75,47.59],[-102.67,47.53],[-102.6,47.55],[-102.51,47.51],[-102.43,47.5],[-102.4,47.59],[-102.24,47.6],[-102.2,47.57],[-102.21,47.33],[-102.14,47.33],[-102.14,46.98],[-102.1,46.98],[-102.09,46.72],[-101.72,46.72],[-101.72,46.63],[-101.3,46.63],[-101.3,46.37],[-101.05,46.37],[-101.05,46.28],[-101.12,46.21],[-101.19,46.19],[-101.2,46.15],[-101.33,46.09],[-101.33,45.94],[-100.51,45.94],[-100.43,45.88],[-100.36,45.85],[-100.37,45.8],[-100.3,45.71],[-100.34,45.65],[-100.43,45.65],[-100.43,45.59],[-100.47,45.52],[-100.38,45.51],[-100.28,45.38],[-100.32,45.31],[-100.26,45.23],[-100.28,45.16],[-100.33,45.1],[-100.32,45.06],[-100.43,44.98],[-100.4,44.86],[-100.53,44.76],[-100.6,44.77],[-100.68,44.83],[-100.73,44.78],[-100.64,44.74],[-100.61,44.69],[-100.65,44.6],[-100.6,44.56],[-100.51,44.53],[-100.58,44.49],[-100.55,44.44],[-100.43,44.46],[-100.39,44.44],[-100.39,44.36],[-100.56,44.17],[-101.05,44.17],[-101.05,44],[-101.07,43.85],[-101.23,43.8],[-101.23,43.36],[-101.23,43],[-100.9,43],[-100.89,42.61],[-100.77,42.61],[-100.78,42.44],[-100.83,42.44],[-100.81,42.35],[-100.81,42.21],[-100.75,42.2],[-100.75,42.09],[-100.84,42.09],[-100.84,41.74],[-101.4,41.74],[-101.41,41.4],[-101.27,41.4],[-101.27,41.05],[-101.25,41.05],[-101.25,40.7],[-101.35,40.7],[-101.34,40.35],[-101.33,40.33],[-101.32,40],[-102.05,40],[-102.05,39.57],[-101.39,39.57],[-101.39,39.13],[-101.48,39.13],[-101.48,38.7],[-101.57,38.7],[-101.57,38.26],[-101.54,38.26],[-101.54,37.83],[-101.53,37.74],[-102.04,37.74],[-102.04,36.99],[-102.7,37],[-103,37],[-103,36.5],[-103.04,36.5],[-103.04,35.96],[-103.04,35.21],[-103.04,34.67],[-103.04,34],[-103.06,33.39],[-103.06,33],[-103.06,32.59],[-103.06,32],[-103.75,32],[-104.17,32],[-104.92,32],[-104.91,31.63],[-104.91,30.9],[-104.92,30.66],[-104.98,30.63],[-104.9,30.57],[-104.87,30.47],[-104.93,30.47],[-104.98,30.51],[-105.1,30.51],[-105.17,30.48],[-105.17,30.38],[-105.26,30.36],[-105.26,30.43],[-105.31,30.43],[-105.31,30.38],[-105.35,30.33],[-105.49,30.33],[-105.57,30.34],[-105.69,30.28],[-105.71,30.19],[-105.83,30.13],[-105.9,30.06],[-105.9,30.03],[-105.77,30.03],[-105.77,29.88],[-105.81,29.88],[-105.81,29.78],[-105.83,29.7],[-105.91,29.7],[-105.91,29.67],[-105.84,29.65],[-105.68,29.65],[-105.68,29.59],[-105.63,29.59],[-105.63,29.5],[-105.44,29.5],[-105.48,29.46],[-105.45,29.41],[-105.37,29.42],[-105.37,29.38],[-105.3,29.34],[-105.2,29.24],[-105.14,29.2],[-105.07,29.21],[-105.05,29.18],[-105.13,29.05],[-105.06,28.98],[-105.04,29],[-104.9,28.97],[-104.84,28.99],[-104.73,28.85],[-104.62,28.73],[-104.52,28.77],[-104.44,28.73],[-104.37,28.68],[-104.42,28.63],[-104.29,28.58],[-104.24,28.63],[-104.22,28.71],[-104.14,28.68],[-104.12,28.71],[-104.05,28.64],[-104.02,28.56],[-103.98,28.61],[-103.93,28.58],[-103.84,28.6],[-103.72,28.56],[-103.71,28.6],[-103.66,28.6],[-103.64,28.55],[-103.41,28.45],[-103.63,27.86],[-103.6,27.9],[-103.44,27.84],[-103.47,27.76],[-103.51,27.44],[-103.36,27.41],[-103.46,27.28],[-103.52,27.28],[-103.53,27.18],[-103.45,27.05],[-103.33,26.97],[-102.99,26.98],[-102.8,26.87],[-102.78,27.05],[-102.7,27.06],[-102.64,27.16],[-102.57,27.11],[-102.49,27.08],[-102.44,27.03],[-102.39,27.03],[-102.29,27.01],[-102.33,27.13],[-102.41,27.19],[-102.37,27.26],[-102.32,27.27],[-102.14,27.28],[-102.12,27.25],[-102.03,27.24],[-101.97,27.25],[-101.9,27.31],[-101.98,27.46],[-102.05,27.51],[-102.09,27.57],[-102.14,27.7],[-102.2,27.69],[-102.16,27.82],[-102.2,27.85],[-102.28,27.87],[-102.22,27.95],[-102.28,28.01],[-102.35,27.96],[-102.41,28.15],[-102.49,28.29],[-102.44,28.35],[-102.49,28.59],[-102.57,28.64],[-102.55,28.67],[-102.64,28.7],[-102.48,28.96],[-102.4,29.06],[-102,28.98],[-101.75,28.58],[-101.72,28.51],[-101.22,28.38],[-101.3,28.34],[-101.3,28.22],[-101.03,28.24],[-101.03,28.09],[-101.02,28],[-100.96,27.98],[-100.95,27.93],[-100.66,27.82],[-100.3,27.74],[-100.35,27.68],[-100.42,27.39],[-100.4,27.34],[-100.25,27.22],[-100.18,27.22],[-100.17,27.14],[-100.12,27.14],[-100.12,27.03],[-100,26.99],[-100.02,26.96],[-99.97,26.85],[-99.87,26.88],[-99.69,26.91],[-99.59,26.86],[-99.58,26.83],[-99.62,26.77],[-99.62,26.73],[-99.66,26.67],[-99.54,26.66],[-99.4,26.6],[-99.41,26.44],[-99.43,26.35],[-99.36,26.33],[-99.26,26.25],[-99.2,26.26],[-99.16,26.06],[-99.13,26.05],[-99.02,26.1],[-98.9,25.97],[-98.82,26.05],[-98.59,26.02],[-98.58,25.49],[-98.38,25.49],[-98.24,25.45],[-97.98,25.44],[-97.95,25.38],[-97.88,25.4],[-97.67,25.22],[-97.52,25.04],[-97.31,24.98],[-97.23,25.15],[-96.99,25.58],[-96.93,25.79],[-96.92,25.91],[-96.92,26.08],[-97,26.43],[-97.11,26.76],[-97.15,26.99],[-97.14,27.17],[-97.1,27.33],[-96.98,27.56],[-96.91,27.66],[-96.84,27.73],[-96.81,27.8],[-96.71,27.9],[-96.61,27.99],[-96.5,28.06],[-96.28,28.17],[-96.13,28.31],[-95.94,28.39],[-95.7,28.49],[-95.37,28.66],[-95.25,28.7],[-95.13,28.79],[-95.09,28.84],[-94.96,28.93],[-94.89,28.99],[-94.65,29.13],[-94.53,29.18],[-94.45,29.3],[-94.02,29.47],[-93.96,29.48],[-93.82,29.44],[-93.73,29.46],[-93.62,29.55],[-93.45,29.57],[-93.39,29.55],[-93.3,29.55],[-93.22,29.57],[-93.05,29.53],[-92.83,29.43],[-92.73,29.4],[-92.36,29.34],[-92.22,29.34],[-92.14,29.36],[-92.06,29.31],[-91.96,29.23],[-91.84,29.21],[-91.77,29.22],[-91.65,29.21],[-91.52,29.18],[-91.45,29.11],[-91.39,29.07],[-91.18,29],[-91.15,28.94],[-91.08,28.88],[-90.99,28.85],[-90.8,28.84],[-90.67,28.85],[-90.57,28.87],[-90.44,28.85],[-90.29,28.86],[-90.13,28.9],[-89.96,29],[-89.64,29.04],[-89.66,28.9],[-89.64,28.83],[-89.59,28.76],[-89.47,28.71],[-89.32,28.73],[-89.24,28.78],[-89.11,28.77],[-88.99,28.82],[-88.85,28.98],[-88.78,29.04],[-88.75,29.09],[-88.74,29.21],[-88.76,29.3],[-88.82,29.36],[-88.9,29.4],[-88.79,29.52],[-88.66,29.66],[-88.61,29.78],[-88.59,29.88],[-88.6,30.02],[-88.51,30],[-88.42,30],[-88.21,30.04],[-88.06,30.01],[-87.93,30.03],[-87.83,30.03],[-87.6,30.05],[-87.3,30.12],[-87.12,30.13],[-86.87,30.17],[-86.64,30.2],[-86.45,30.18],[-86.32,30.16],[-86.17,30.12],[-86.05,30.07],[-85.92,30],[-85.84,29.94],[-85.75,29.89],[-85.65,29.81],[-85.63,29.72],[-85.59,29.62],[-85.55,29.55],[-85.46,29.48],[-85.37,29.46],[-85.27,29.47]]]},"properties":{"tzid":"America/Chicago"}},
{"type":"Feature","geometry":{"type":"MultiPolygon","coordinates":[[[[-110,35.85],[-110.02,35.92],[-110.12,35.93],[-110.16,35.97],[-110.4,36.04],[-110.46,36.1],[-110.55,36.04],[-110.62,36.04],[-110.62,36.1],[-110.57,36.14],[-110.44,36.16],[-110.41,36.29],[-110.31,36.42],[-110.36,36.43],[-110.42,36.4],[-110.58,36.37],[-110.72,36.37],[-110.75,36.41],[-110.83,36.38],[-110.88,36.28],[-111,36.28],[-111,35.55],[-110.86,35.55],[-110.89,35.5],[-110.72,35.5],[-110.72,35.52],[-110.25,35.52],[-110.28,35.59],[-110.18,35.59],[-110.15,35.65],[-110,35.65],[-110,35.85]],[[-110.1,35.7],[-110.2,35.69],[-110.24,35.72],[-110.15,35.81],[-110.08,35.79],[-110.1,35.7]]],[[[-111.21,36.12],[-111.29,36.08],[-111.24,35.97],[-111.14,35.97],[-111.14,36.02],[-111.08,36.06],[-111.13,36.12],[-111.21,36.12]]],[[[-108.62,30.24],[-108.62,30.3],[-108.54,30.28],[-108.65,30.42],[-108.66,30.52],[-108.73,30.58],[-108.88,30.62],[-108.87,30.69],[-108.94,30.77],[-108.94,30.91],[-108.8,30.9],[-108.8,31],[-108.74,31.05],[-108.77,31.1],[-108.85,31.14],[-108.84,31.17],[-108.88,31.24],[-108.82,31.24],[-108.76,31.33],[-109.05,31.33],[-109.05,31.99],[-109.05,32.39],[-109.05,32.98],[-109.05,33.37],[-109.05,34.17],[-109.05,34.91],[-109.31,34.91],[-109.31,35],[-109.4,34.98],[-109.42,34.95],[-109.5,34.95],[-109.52,35.14],[-109.47,35.16],[-109.42,35.12],[-109.33,35.11],[-109.33,35.2],[-109.42,35.23],[-109.51,35.16],[-109.63,35.17],[-109.63,35.08],[-109.74,35.08],[-109.74,35.13],[-109.69,35.17],[-110.36,35.17],[-110.91,35.17],[-110.91,35.16],[-111.24,35.16],[-111.24,35.49],[-111.27,35.56],[-111.31,35.59],[-111.33,35.65],[-111.31,35.71],[-111.32,35.76],[-111.54,35.76],[-111.55,35.64],[-111.63,35.67],[-111.75,35.67],[-111.75,35.75],[-111.69,35.75],[-111.69,35.82],[-111.73,35.85],[-111.72,35.98],[-111.76,36.01],[-111.76,36.2],[-111.8,36.2],[-111.89,36.37],[-111.83,36.45],[-111.86,36.5],[-111.76,36.61],[-111.76,36.65],[-111.66,36.76],[-111.64,36.8],[-111.56,36.87],[-111.43,36.87],[-111.41,37],[-111.85,37],[-112.53,37],[-113.01,37],[-113.56,37],[-114.05,37],[-114.05,36.68],[-114.05,36.2],[-114.12,36.11],[-114.14,36.04],[-114.24,36.01],[-114.31,36.06],[-114.38,36.14],[-114.51,36.13],[-114.57,36.15],[-114.74,36.1],[-114.74,35.98],[-114.71,35.91],[-114.69,35.65],[-114.66,35.62],[-114.68,35.5],[-114.61,35.36],[-114.57,35.19],[-114.58,35.13],[-114.64,35.02],[-114.64,34.89],[-114.56,34.77],[-114.47,34.71],[-114.44,34.59],[-114.38,34.52],[-114.38,34.46],[-114.34,34.45],[-114.14,34.3],[-114.23,34.19],[-114.33,34.14],[-114.42,34.11],[-114.46,34],[-114.53,33.93],[-114.5,33.7],[-114.53,33.68],[-114.53,33.55],[-114.56,33.53],[-114.65,33.41],[-114.72,33.4],[-114.7,33.36],[-114.72,33.29],[-114.68,33.27],[-114.68,33.16],[-114.71,33.09],[-114.62,33.03],[-114.52,33.03],[-114.46,32.91],[-114.47,32.84],[-114.53,32.79],[-114.53,32.76],[-114.62,32.73],[-114.7,32.75],[-114.77,32.64],[-114.81,32.61],[-114.82,32.48],[-114.93,32.48],[-114.97,32.34],[-115.05,32.25],[-114.98,32.18],[-114.99,32.15],[-114.96,32.04],[-114.97,31.92],[-114.91,31.87],[-114.84,31.86],[-114.82,31.82],[-114.77,31.82],[-114.73,31.78],[-114.63,31.71],[-114.59,31.7],[-114.55,31.34],[-113.02,29.61],[-112.77,29.28],[-112.78,28.93],[-112.73,28.71],[-112.67,28.62],[-112.55,28.47],[-112.57,28.35],[-112.55,28.28],[-112.48,28.2],[-112.35,28.16],[-112.26,28.17],[-112.16,28.24],[-112.12,28.31],[-112.11,28.44],[-112.18,28.53],[-112.1,28.6],[-111.97,28.49],[-111.9,28.34],[-111.84,28.29],[-111.66,28.23],[-111.57,28.11],[-111.6,28.07],[-111.62,27.96],[-111.59,27.88],[-111.53,27.81],[-111.46,27.77],[-111.34,27.75],[-111.25,27.78],[-111.12,27.73],[-111.07,27.69],[-110.96,27.65],[-110.86,27.64],[-110.85,27.56],[-110.82,27.49],[-110.83,27.36],[-110.81,27.24],[-110.77,27.18],[-110.7,27.13],[-110.55,27.09],[-110.48,27.02],[-110.4,26.97],[-110.21,26.92],[-110.14,26.89],[-110.1,26.83],[-110.06,26.73],[-110.01,26.64],[-109.87,26.53],[-109.73,26.48],[-109.59,26.49],[-109.53,26.47],[-109.48,26.43],[-109.48,26.38],[-109.51,26.29],[-109.6,26.16],[-109.66,26.01],[-109.67,25.96],[-109.65,25.85],[-109.65,25.76],[-109.62,25.7],[-109.61,25.57],[-109.57,25.5],[-109.45,25.44],[-109.34,25.44],[-109.27,25.38],[-109.19,25.29],[-109.12,25.25],[-108.99,25.23],[-108.84,25.17],[-108.75,25.16],[-108.6,25.1],[-108.54,25],[-108.4,24.9],[-108.35,24.8],[-108.32,24.7],[-108.23,24.62],[-108.18,24.54],[-108.13,24.49],[-107.99,24.4],[-107.93,24.33],[-107.69,24.19],[-107.52,24.06],[-107.41,24],[-107.27,23.89],[-107.1,23.74],[-107.03,23.63],[-107,23.55],[-106.87,23.44],[-106.8,23.35],[-106.71,23.28],[-106.68,23.16],[-106.58,23.03],[-106.48,22.98],[-106.29,22.81],[-106.18,22.68],[-106.08,22.62],[-105.99,22.53],[-105.97,22.44],[-105.89,22.32],[-105.87,22.23],[-105.87,22.09],[-105.95,22.09],[-106.05,22.04],[-106.09,22],[-106.12,21.87],[-106.1,21.78],[-106.02,21.7],[-105.96,21.67],[-105.88,21.66],[-105.81,21.68],[-105.74,21.73],[-105.71,21.68],[-105.73,21.61],[-105.73,21.52],[-105.69,21.46],[-105.59,21.39],[-105.46,21.39],[-105.46,21.31],[-105.44,21.24],[-105.45,21.19],[-105.52,21.1],[-105.32,20.93],[-105.27,20.93],[-105.1,20.97],[-105,20.99],[-104.95,20.93],[-104.9,20.95],[-104.87,20.99],[-104.78,21.02],[-104.68,20.94],[-104.54,20.91],[-104.5,20.84],[-104.4,20.78],[-104.38,20.75],[-104.24,20.66],[-104.24,20.71],[-104.36,20.83],[-104.29,20.85],[-104.23,20.97],[-104.24,21.05],[-104.22,21.09],[-104.22,21.17],[-104.2,21.19],[-104.08,21.19],[-104.02,21.21],[-103.97,21.26],[-103.92,21.23],[-103.86,21.25],[-103.75,21.34],[-103.77,21.39],[-103.74,21.44],[-103.78,21.5],[-103.83,21.49],[-103.92,21.59],[-103.93,21.64],[-103.89,21.7],[-103.98,21.77],[-104.05,21.79],[-104.13,21.79],[-104.19,21.85],[-104.2,21.91],[-104.17,21.97],[-104.25,21.97],[-104.3,22],[-104.37,21.98],[-104.37,22.1],[-104.34,22.19],[-104.33,22.25],[-104.3,22.28],[-104.29,22.37],[-104.37,22.42],[-104.49,22.38],[-104.57,22.39],[-104.61,22.45],[-104.66,22.46],[-104.66,22.54],[-104.74,22.56],[-104.78,22.6],[-104.78,22.64],[-104.86,22.65],[-104.86,22.61],[-104.96,22.51],[-105.01,22.59],[-105.07,22.66],[-105.06,22.69],[-104.92,22.75],[-104.91,22.8],[-104.99,22.85],[-105.01,22.98],[-105.08,22.96],[-105.3,22.95],[-105.35,23.02],[-105.35,23.06],[-105.42,23.12],[-105.5,23.13],[-105.6,23.11],[-105.65,23.14],[-105.63,23.2],[-105.64,23.28],[-105.68,23.29],[-105.72,23.38],[-105.7,23.42],[-105.76,23.5],[-105.77,23.56],[-105.81,23.61],[-105.91,23.59],[-105.93,23.68],[-105.91,23.74],[-105.96,23.84],[-105.95,23.91],[-105.87,23.88],[-105.91,23.98],[-106.01,24.07],[-105.99,24.11],[-106.07,24.27],[-106.15,24.34],[-106.27,24.37],[-106.33,24.36],[-106.36,24.3],[-106.47,24.28],[-106.53,24.3],[-106.6,24.41],[-106.56,24.47],[-106.62,24.5],[-106.68,24.6],[-106.71,24.67],[-106.87,24.82],[-106.93,24.82],[-106.93,24.87],[-107.02,24.93],[-107.07,25.03],[-107.13,25.05],[-107.12,25.19],[-107.21,25.42],[-107.16,25.44],[-107.15,25.51],[-107.17,25.56],[-107.11,25.56],[-106.97,25.63],[-106.97,25.7],[-107.05,25.7],[-107.06,25.76],[-107.3,25.92],[-107.28,26],[-107.3,26.08],[-107.42,26.14],[-107.52,26.1],[-107.59,26.17],[-107.64,26.15],[-107.71,26.17],[-107.79,26.17],[-107.86,26.23],[-108.01,26.44],[-107.96,26.51],[-108.07,26.65],[-108.01,26.69],[-108.01,26.76],[-108.09,26.87],[-108.14,26.9],[-108.21,26.89],[-108.23,26.96],[-108.18,27],[-108.24,27.04],[-108.41,27.01],[-108.49,27.04],[-108.51,26.99],[-108.6,27.04],[-108.61,27.15],[-108.66,27.24],[-108.59,27.32],[-108.66,27.47],[-108.66,27.54],[-108.71,27.57],[-108.75,27.64],[-108.77,27.71],[-108.83,27.74],[-108.9,27.74],[-108.92,27.78],[-108.93,27.94],[-109.03,28.02],[-109.07,28.15],[-109.07,28.27],[-108.93,28.26],[-108.75,28.27],[-108.63,28.31],[-108.6,28.35],[-108.55,28.32],[-108.49,28.37],[-108.52,28.43],[-108.53,28.56],[-108.58,28.63],[-108.58,28.74],[-108.64,28.77],[-108.69,28.88],[-108.73,29.1],[-108.7,29.13],[-108.75,29.2],[-108.75,29.26],[-108.68,29.27],[-108.67,29.31],[-108.72,29.47],[-108.64,29.49],[-108.64,29.63],[-108.59,29.72],[-108.53,29.75],[-108.54,29.8],[-108.61,29.8],[-108.62,29.93],[-108.61,30.03],[-108.62,30.24]]],[[[-115.73,49],[-115.73,49.03],[-115.83,49.1],[-115.86,49.17],[-115.94,49.16],[-116,49.22],[-116.07,49.26],[-116.17,49.29],[-116.16,49.36],[-116.29,49.48],[-116.3,49.52],[-116.45,49.51],[-116.57,49.46],[-116.66,49.48],[-116.62,49.54],[-116.68,49.59],[-116.66,49.67],[-116.59,49.7],[-116.6,49.74],[-116.66,49.79],[-116.7,49.88],[-116.52,49.98],[-116.47,49.97],[-116.49,50.1],[-116.45,50.16],[-116.56,50.22],[-116.54,50.31],[-116.62,50.32],[-116.66,50.42],[-116.72,50.46],[-116.65,50.6],[-116.58,50.64],[-116.72,50.67],[-116.86,50.77],[-116.96,50.81],[-117.04,50.81],[-117.09,50.86],[-117.04,50.96],[-117.17,50.98],[-117.14,51.02],[-117.22,51.06],[-117.34,51.04],[-117.41,51.11],[-117.43,51.18],[-117.41,51.25],[-117.48,51.3],[-117.65,51.28],[-117.74,51.28],[-117.76,51.32],[-117.84,51.37],[-117.89,51.42],[-117.97,51.48],[-117.94,51.54],[-117.97,51.64],[-117.92,51.72],[-117.98,51.74],[-118.13,51.72],[-118.16,51.9],[-118.21,51.97],[-118.39,51.98],[-118.43,52.08],[-118.44,52.16],[-118.48,52.23],[-118.55,52.28],[-118.33,52.37],[-118.24,52.38],[-118.26,52.5],[-118.33,52.58],[-118.35,52.64],[-118.29,52.68],[-118.34,52.73],[-118.42,52.77],[-118.4,52.85],[-118.47,52.9],[-118.61,52.93],[-118.67,52.98],[-118.67,53.04],[-118.77,53.07],[-118.73,53.11],[-118.79,53.16],[-118.95,53.24],[-119.03,53.16],[-119.15,53.19],[-119.25,53.19],[-119.33,53.27],[-119.35,53.33],[-119.4,53.37],[-119.67,53.37],[-119.77,53.43],[-119.79,53.49],[-119.92,53.6],[-119.75,53.59],[-119.72,53.62],[-119.8,53.71],[-119.92,53.72],[-119.89,53.78],[-120,53.8],[-120,54.23],[-120,54.74],[-120,55.37],[-120,56.13],[-120,56.64],[-120,57],[-120,57.5],[-120,58.06],[-120,58.55],[-120,58.94],[-120,59.47],[-120,60],[-121.36,60],[-122.39,60],[-122.99,60],[-123.81,60],[-123.99,60.07],[-124.01,60.15],[-124.12,60.2],[-124.23,60.37],[-124.2,60.45],[-124.42,60.47],[-124.42,60.53],[-124.6,60.65],[-124.6,60.7],[-124.48,60.78],[-124.53,60.84],[-124.58,60.95],[-124.77,60.95],[-124.88,60.93],[-124.86,60.86],[-124.98,60.85],[-125.03,60.82],[-125.18,60.85],[-125.28,60.79],[-125.44,60.78],[-125.53,60.81],[-125.68,60.8],[-125.79,60.85],[-125.84,60.91],[-125.98,60.85],[-125.99,60.81],[-126.22,60.81],[-126.3,60.78],[-126.48,60.79],[-126.63,60.77],[-126.84,60.81],[-126.9,60.87],[-126.9,60.95],[-126.95,61.03],[-127.08,61.03],[-127.11,61.14],[-127,61.18],[-127.05,61.3],[-126.94,61.34],[-126.98,61.46],[-127.07,61.51],[-127.39,61.64],[-127.52,61.65],[-127.7,61.73],[-127.71,61.8],[-127.98,61.9],[-127.96,61.95],[-128.14,62.05],[-128.13,62.09],[-128.29,62.15],[-128.43,62.14],[-128.52,62.1],[-128.6,62.14],[-128.68,62.13],[-128.77,62.08],[-128.91,62.12],[-129.18,62.11],[-129.28,62.16],[-129.2,62.21],[-129.3,62.27],[-129.26,62.37],[-129.29,62.44],[-129.18,62.47],[-129.24,62.51],[-129.38,62.55],[-129.64,62.74],[-129.63,62.76],[-129.78,62.87],[-129.6,63.04],[-129.84,63.09],[-129.91,63.15],[-130.16,63.31],[-129.94,63.34],[-129.9,63.39],[-129.94,63.43],[-129.88,63.51],[-129.94,63.61],[-130.1,63.62],[-130.16,63.69],[-130.28,63.66],[-130.36,63.7],[-130.25,63.72],[-130.13,63.77],[-130.14,63.86],[-130.26,63.88],[-130.37,63.84],[-130.54,63.93],[-130.6,63.92],[-130.77,63.97],[-130.76,64.04],[-130.9,64.05],[-130.97,64.1],[-130.95,64.24],[-131.06,64.28],[-131.04,64.32],[-131.15,64.42],[-131.41,64.46],[-131.45,64.4],[-131.64,64.38],[-131.87,64.39],[-131.8,64.45],[-131.69,64.5],[-131.85,64.53],[-131.94,64.6],[-132.03,64.7],[-132.17,64.71],[-132.35,64.79],[-132.63,64.83],[-132.49,64.88],[-132.52,64.96],[-132.34,65.04],[-132.36,65.09],[-132.52,65.09],[-132.57,65.12],[-132.56,65.2],[-132.74,65.16],[-132.67,65.28],[-132.56,65.29],[-132.52,65.37],[-132.42,65.4],[-132.17,65.62],[-132.28,65.69],[-132.37,65.78],[-132.55,65.83],[-132.57,65.87],[-132.42,65.94],[-132.59,66.03],[-132.75,65.99],[-132.88,65.9],[-132.99,65.94],[-132.92,66.02],[-132.99,66.04],[-133.24,66.01],[-133.43,65.94],[-133.62,65.95],[-133.62,66.06],[-133.66,66.12],[-133.56,66.15],[-133.6,66.27],[-133.85,66.32],[-133.77,66.37],[-133.79,66.41],[-133.72,66.47],[-133.71,66.52],[-133.58,66.56],[-133.77,66.62],[-133.87,66.71],[-133.78,66.75],[-133.81,66.84],[-133.91,66.9],[-134.05,66.91],[-134.08,66.98],[-134.75,67],[-136.16,67],[-136.23,67.09],[-136.19,67.19],[-136.08,67.31],[-136.22,67.42],[-136.18,67.46],[-136.2,67.58],[-136.24,67.62],[-136.44,67.65],[-136.45,67.71],[-136.45,68.22],[-136.45,68.89],[-136.59,69.4],[-138.03,69.48],[-138.38,69.7],[-138.66,69.79],[-138.96,69.83],[-139.17,69.84],[-140.18,69.81],[-140.36,69.79],[-140.76,69.83],[-141,69.85],[-141,69.65],[-141,69.13],[-141,68.5],[-141,68.1],[-141,67.6],[-141,66.89],[-141,66.18],[-141,65.49],[-141,64.99],[-141,64.54],[-141,64.12],[-141,63.52],[-141,63.02],[-141,62.22],[-141,61.6],[-141,60.82],[-141,60.31],[-140.52,60.22],[-140.46,60.31],[-139.98,60.18],[-139.69,60.34],[-139.07,60.35],[-139.07,60.32],[-139.2,60.09],[-139.05,59.99],[-138.71,59.91],[-138.63,59.77],[-137.61,59.24],[-137.5,58.99],[-137.53,58.91],[-137.45,58.91],[-137.28,59],[-136.97,59.1],[-136.83,59.16],[-136.58,59.17],[-136.47,59.28],[-136.48,59.47],[-136.31,59.46],[-136.24,59.56],[-136.35,59.6],[-136.19,59.64],[-135.95,59.66],[-135.48,59.8],[-135.25,59.7],[-135.16,59.63],[-135.03,59.56],[-135.03,59.47],[-135.1,59.43],[-134.99,59.39],[-135.03,59.35],[-134.96,59.28],[-134.7,59.25],[-134.68,59.19],[-134.57,59.13],[-134.48,59.13],[-134.38,59.04],[-134.41,58.98],[-134.26,58.86],[-133.84,58.73],[-133.71,58.61],[-133.38,58.43],[-133.46,58.39],[-133.35,58.28],[-133.17,58.15],[-133.07,58],[-132.87,57.84],[-132.75,57.7],[-132.55,57.5],[-132.37,57.35],[-132.25,57.21],[-132.37,57.09],[-132.05,57.05],[-132.12,56.87],[-131.87,56.81],[-131.9,56.75],[-131.86,56.7],[-131.84,56.6],[-131.58,56.61],[-131.47,56.55],[-131.17,56.45],[-131.09,56.41],[-130.78,56.37],[-130.62,56.27],[-130.47,56.24],[-130.43,56.14],[-130.25,56.1],[-130.1,56.12],[-130,56.01],[-130.02,55.91],[-130.08,55.82],[-130.15,55.77],[-130.11,55.68],[-130.13,55.58],[-130.04,55.45],[-130.02,55.34],[-129.97,55.28],[-130.1,55.19],[-130.19,55.06],[-130.35,54.92],[-130.57,54.79],[-130.66,54.76],[-130.63,54.73],[-130.64,54.71],[-130.92,54.7],[-131.22,54.69],[-131.75,54.68],[-132.68,54.66],[-133.1,54.55],[-133.21,54.52],[-133.41,54.3],[-133.46,54.2],[-133.54,53.94],[-133.53,53.89],[-133.34,53.49],[-133.31,53.45],[-132.96,53.1],[-132.88,53],[-132.79,52.92],[-132.59,52.78],[-132.49,52.67],[-132.37,52.6],[-132.14,52.44],[-132.03,52.38],[-131.67,52.08],[-131.25,51.79],[-130.52,51.38],[-129.8,50.98],[-129.34,50.72],[-129.24,50.68],[-128.88,50.6],[-128.58,50.51],[-128.29,50.26],[-128.24,50.06],[-128.19,49.99],[-128.08,49.93],[-127.63,49.82],[-127.5,49.78],[-127.37,49.71],[-127.21,49.6],[-126.85,49.3],[-126.72,49.21],[-126.3,49.02],[-125.83,48.82],[-125.64,48.7],[-125.24,48.54],[-125.05,48.48],[-125,48.5],[-124.84,48.5],[-124.73,48.49],[-124.01,48.3],[-123.68,48.24],[-123.54,48.22],[-123.25,48.28],[-123.12,48.42],[-123.16,48.45],[-123.22,48.55],[-123.27,48.69],[-123.01,48.77],[-123.01,48.83],[-123.32,49],[-122.54,49],[-121.76,49],[-120.67,49],[-120.04,49],[-119.27,49],[-118.69,49],[-117.99,49],[-117.13,49],[-116.05,49],[-115.73,49]]],[[[-124.77,61.73],[-124.91,61.69],[-124.95,61.59],[-124.93,61.52],[-124.74,61.49],[-124.68,61.61],[-124.77,61.73]]],[[[-114.47,18.38],[-114.51,18.49],[-114.56,18.54],[-114.66,18.58],[-114.78,18.58],[-114.89,18.55],[-114.95,18.49],[-114.98,18.4],[-114.98,18.32],[-114.95,18.24],[-114.9,18.19],[-114.8,18.14],[-114.71,18.15],[-114.6,18.18],[-114.51,18.26],[-114.47,18.38]]],[[[-111.86,19],[-111.87,19.07],[-111.91,19.13],[-112,19.19],[-112.11,19.2],[-112.21,19.15],[-112.26,19.1],[-112.28,19.03],[-112.27,18.93],[-112.23,18.87],[-112.18,18.83],[-112.11,18.8],[-112.03,18.8],[-111.94,18.85],[-111.87,18.93],[-111.86,19]]],[[[-110.69,18.77],[-110.7,18.85],[-110.77,18.99],[-110.81,19.04],[-110.91,19.09],[-111.03,19.08],[-111.19,19],[-111.26,18.93],[-111.28,18.83],[-111.27,18.74],[-111.22,18.66],[-111.14,18.58],[-111.05,18.52],[-110.98,18.51],[-110.9,18.51],[-110.79,18.56],[-110.74,18.63],[-110.7,18.72],[-110.69,18.77]]],[[[-111.04,19.3],[-111.04,19.24],[-110.98,19.16],[-110.87,19.1],[-110.73,19.11],[-110.67,19.15],[-110.61,19.24],[-110.6,19.36],[-110.62,19.43],[-110.68,19.49],[-110.76,19.53],[-110.85,19.53],[-110.97,19.47],[-111.02,19.4],[-111.04,19.3]]],[[[-106.93,21.74],[-106.91,21.67],[-106.86,21.6],[-106.82,21.5],[-106.7,21.4],[-106.67,21.34],[-106.58,21.27],[-106.48,21.23],[-106.45,21.18],[-106.38,21.12],[-106.28,21.08],[-106.19,21.08],[-106.08,21.13],[-106.03,21.18],[-106.01,21.32],[-106.02,21.4],[-106.09,21.49],[-106.16,21.52],[-106.22,21.63],[-106.3,21.67],[-106.36,21.77],[-106.42,21.83],[-106.48,21.86],[-106.53,21.93],[-106.6,21.97],[-106.73,21.97],[-106.81,21.93],[-106.88,21.87],[-106.93,21.74]]],[[[-115.92,24.82],[-115.85,24.77],[-115.75,24.75],[-115.66,24.77],[-115.6,24.81],[-115.54,24.88],[-115.53,24.97],[-115.57,25.07],[-115.67,25.14],[-115.8,25.15],[-115.92,25.08],[-115.97,24.97],[-115.95,24.87],[-115.92,24.82]]],[[[-115.45,27.92],[-115.45,27.86],[-115.39,27.76],[-115.33,27.7],[-115.23,27.66],[-115.17,27.58],[-114.94,27.44],[-114.86,27.36],[-114.71,27.29],[-114.69,27.15],[-114.59,27.03],[-114.49,26.97],[-114.34,26.9],[-114.23,26.9],[-114.15,26.82],[-114.05,26.78],[-113.96,26.77],[-113.93,26.69],[-113.88,26.65],[-113.72,26.54],[-113.62,26.51],[-113.5,26.52],[-113.42,26.56],[-113.29,26.5],[-113.13,26.38],[-113.02,26.32],[-112.87,26.21],[-112.82,26.16],[-112.71,26.12],[-112.62,26.06],[-112.53,26.03],[-112.49,25.95],[-112.39,25.87],[-112.32,25.72],[-112.32,25.46],[-112.37,25.22],[-112.42,25.06],[-112.47,24.94],[-112.51,24.89],[-112.52,24.79],[-112.5,24.69],[-112.38,24.58],[-112.27,24.43],[-112.19,24.37],[-112.09,24.33],[-111.9,24.2],[-111.86,24.16],[-111.78,24.11],[-111.7,24.1],[-111.64,24.11],[-111.56,24.15],[-111.35,24.05],[-111.18,23.95],[-111.06,23.86],[-110.84,23.62],[-110.75,23.55],[-110.64,23.49],[-110.5,23.43],[-110.45,23.37],[-110.38,23.25],[-110.37,23.18],[-110.3,22.94],[-110.24,22.83],[-110.18,22.76],[-110.09,22.7],[-110,22.67],[-109.82,22.69],[-109.71,22.75],[-109.64,22.82],[-109.54,22.88],[-109.47,22.91],[-109.4,22.95],[-109.29,23.07],[-109.23,23.19],[-109.21,23.3],[-109.2,23.43],[-109.22,23.51],[-109.28,23.66],[-109.34,23.72],[-109.48,23.79],[-109.52,23.91],[-109.59,23.98],[-109.59,24.07],[-109.58,24.18],[-109.61,24.3],[-109.73,24.48],[-109.8,24.54],[-109.93,24.58],[-110,24.57],[-110.09,24.52],[-110.13,24.62],[-110.25,24.75],[-110.34,24.8],[-110.32,24.86],[-110.32,24.94],[-110.35,25.01],[-110.34,25.08],[-110.35,25.15],[-110.41,25.25],[-110.48,25.29],[-110.49,25.37],[-110.54,25.45],[-110.6,25.5],[-110.58,25.56],[-110.57,25.63],[-110.6,25.77],[-110.64,25.83],[-110.72,25.88],[-110.8,25.9],[-110.88,25.89],[-110.86,25.99],[-110.87,26.1],[-110.91,26.19],[-110.95,26.23],[-111.04,26.27],[-111.11,26.27],[-111.16,26.3],[-111.17,26.38],[-111.22,26.47],[-111.19,26.58],[-111.19,26.65],[-111.22,26.74],[-111.26,26.78],[-111.4,26.83],[-111.46,26.88],[-111.59,27],[-111.7,27.07],[-111.75,27.18],[-111.81,27.25],[-111.74,27.28],[-111.67,27.35],[-111.65,27.41],[-111.66,27.53],[-111.71,27.59],[-111.81,27.64],[-111.9,27.66],[-112,27.65],[-112.05,27.62],[-112.11,27.56],[-112.14,27.62],[-112.22,27.71],[-112.3,27.76],[-112.46,27.83],[-112.5,27.87],[-112.53,27.93],[-112.54,28.05],[-112.76,28],[-113.66,28],[-114.2,28],[-114.39,28.12],[-114.47,28.03],[-114.54,27.99],[-114.61,27.98],[-114.68,28],[-114.83,28.03],[-114.95,28.04],[-115.45,27.92]]]]},"properties":{"tzid":"America/Phoenix"}},
{"type":"Feature","geometry":{"type":"MultiPolygon","coordinates":[[[[-75.13,19.97],[-75.19,19.97],[-75.23,19.93],[-75.23,19.87],[-75.09,19.87],[-75.09,19.97],[-75.13,19.97]]],[[[-82.92,24.84],[-83.01,24.82],[-83.09,24.77],[-83.13,24.73],[-83.16,24.64],[-83.15,24.57],[-83.12,24.51],[-83.05,24.44],[-82.88,24.41],[-82.8,24.42],[-82.67,24.49],[-82.6,24.57],[-82.59,24.64],[-82.6,24.72],[-82.68,24.82],[-82.81,24.85],[-82.92,24.84]]],[[[-91.01,48.2],[-90.89,48.25],[-90.84,48.24],[-90.83,48.17],[-90.76,48.1],[-90.64,48.1],[-90.37,48.09],[-90.31,48.11],[-90.13,48.11],[-90.02,48.08],[-89.99,48.03],[-89.9,47.99],[-89.77,48.02],[-89.59,48],[-89.48,48.01],[-89.82,47.5],[-90.13,47.02],[-90.42,46.57],[-90.16,46.65],[-90.05,46.67],[-89.86,46.77],[-89.86,46.59],[-89.74,46.59],[-89.74,46.51],[-89.37,46.51],[-89.37,46.33],[-88.99,46.33],[-88.99,46.42],[-88.12,46.42],[-88.12,46.25],[-87.62,46.25],[-87.62,45.99],[-87.37,45.99],[-87.37,45.9],[-87.33,45.9],[-87.33,45.55],[-87.26,45.55],[-87.1,45.44],[-86.75,45.44],[-86.25,45.24],[-86.5,45.08],[-86.69,44.88],[-86.86,44.5],[-87.01,44.13],[-87.1,43.8],[-87.13,43.67],[-87.15,43.38],[-87.11,43.13],[-87.02,42.49],[-87.13,42.1],[-87.21,41.76],[-86.52,41.76],[-86.53,41.65],[-86.49,41.65],[-86.49,41.57],[-86.52,41.52],[-86.52,41.43],[-86.47,41.43],[-86.47,41.17],[-86.93,41.17],[-86.93,40.91],[-86.99,40.91],[-86.99,40.84],[-87.1,40.84],[-87.1,40.74],[-87.53,40.74],[-87.53,40.49],[-87.53,39.88],[-87.53,39.35],[-87.59,39.33],[-87.6,39.26],[-87.59,39.2],[-87.66,39.14],[-87.57,39.06],[-87.57,38.99],[-87.51,38.96],[-87.55,38.86],[-87.5,38.79],[-87.52,38.7],[-87.6,38.67],[-87.62,38.59],[-87.67,38.55],[-87.65,38.5],[-87.71,38.48],[-87.74,38.41],[-87.61,38.45],[-87.58,38.48],[-87.5,38.5],[-87.41,38.38],[-87.32,38.38],[-87.32,38.25],[-87.3,38.23],[-87.07,38.23],[-87.07,38.2],[-86.79,38.21],[-86.79,38.25],[-86.68,38.25],[-86.57,38.26],[-86.57,38.21],[-86.46,38.21],[-86.46,38.1],[-86.49,38.05],[-86.24,37.88],[-86.15,37.8],[-86.28,37.59],[-86.2,37.57],[-86.11,37.57],[-86.06,37.51],[-86.05,37.45],[-85.66,37.42],[-85.63,37.47],[-85.48,37.36],[-85.35,37.19],[-85.27,37.26],[-85.2,37.27],[-85.18,37.31],[-85.06,37.26],[-85.05,37.2],[-84.97,37.11],[-84.92,37.11],[-84.91,37.05],[-84.84,37],[-84.91,36.95],[-85.06,36.86],[-85,36.76],[-85.02,36.69],[-84.97,36.62],[-84.79,36.6],[-84.66,36.39],[-84.73,36.37],[-84.74,36.34],[-84.87,36.29],[-84.91,36.21],[-84.91,36.16],[-84.72,35.99],[-84.68,35.91],[-84.73,35.86],[-84.91,35.77],[-85.05,35.62],[-85.11,35.57],[-85.25,35.32],[-85.39,35.15],[-85.36,35.09],[-85.38,35.05],[-85.47,34.98],[-85.61,34.98],[-85.56,34.75],[-85.47,34.33],[-85.36,33.75],[-85.2,32.97],[-85.24,32.95],[-85.28,32.85],[-85.23,32.77],[-85.18,32.57],[-85.21,32.51],[-85.12,32.44],[-85.07,32.35],[-84.94,32.3],[-84.9,32.26],[-84.93,32.22],[-85.01,32.18],[-85.06,32.13],[-85.06,32.07],[-85.08,31.94],[-85.13,31.89],[-85.14,31.78],[-85.13,31.7],[-85.06,31.62],[-85.04,31.54],[-85.07,31.47],[-85.09,31.37],[-85.08,31.33],[-85.11,31.26],[-85.11,31.19],[-85.04,31.11],[-85,31.01],[-85,30.97],[-84.94,30.89],[-84.94,30.82],[-84.86,30.7],[-84.94,30.6],[-84.99,30.52],[-84.99,30.47],[-85.03,30.42],[-85.06,30.26],[-85.14,30.17],[-85.14,30.04],[-85.03,29.99],[-85.01,29.87],[-85.04,29.78],[-85.11,29.77],[-85.21,29.85],[-85.32,29.96],[-85.45,29.9],[-85.47,29.83],[-85.43,29.67],[-85.38,29.61],[-85.33,29.61],[-85.25,29.63],[-85.27,29.47],[-85.13,29.4],[-85,29.39],[-84.84,29.44],[-84.7,29.5],[-84.56,29.6],[-84.44,29.65],[-84.39,29.69],[-84.27,29.71],[-84.21,29.74],[-84.12,29.84],[-84.05,29.86],[-83.94,29.8],[-83.83,29.75],[-83.77,29.64],[-83.73,29.59],[-83.64,29.53],[-83.61,29.43],[-83.51,29.31],[-83.41,29.23],[-83.38,29.16],[-83.34,29.11],[-83.3,29],[-83.22,28.92],[-83.14,28.89],[-82.99,28.87],[-82.98,28.76],[-82.94,28.61],[-82.91,28.57],[-82.93,28.47],[-82.96,28.4],[-83.01,28.36],[-83.08,28.24],[-83.07,28.08],[-83.06,28],[-83.08,27.91],[-83.06,27.79],[-82.98,27.67],[-82.99,27.61],[-82.98,27.52],[-82.89,27.34],[-82.79,27.22],[-82.72,27.12],[-82.64,26.96],[-82.49,26.73],[-82.49,26.64],[-82.35,26.35],[-82.26,26.28],[-82.14,26.23],[-82.05,26.22],[-82.02,26.06],[-81.96,25.87],[-81.85,25.7],[-81.79,25.65],[-81.67,25.62],[-81.56,25.62],[-81.54,25.58],[-81.43,25.48],[-81.37,25.35],[-81.39,25.22],[-81.34,25.06],[-81.48,25.04],[-81.72,24.9],[-81.91,24.81],[-82.03,24.78],[-82.14,24.8],[-82.26,24.76],[-82.31,24.72],[-82.38,24.62],[-82.39,24.54],[-82.36,24.45],[-82.31,24.39],[-82.21,24.35],[-82.11,24.35],[-82,24.29],[-81.89,24.25],[-81.68,24.28],[-81.56,24.31],[-81.46,24.35],[-81.4,24.35],[-81.31,24.36],[-81.21,24.45],[-81.12,24.43],[-81,24.46],[-80.91,24.54],[-80.77,24.61],[-80.7,24.63],[-80.54,24.72],[-80.39,24.82],[-80.33,24.82],[-80.24,24.86],[-80.16,24.95],[-80.15,25.02],[-80.09,25.05],[-80.03,25.1],[-79.99,25.21],[-80.01,25.31],[-79.96,25.37],[-79.93,25.48],[-79.94,25.55],[-79.93,25.66],[-79.91,25.73],[-79.89,26.04],[-79.86,26.23],[-79.84,26.4],[-79.82,26.52],[-79.81,26.78],[-79.81,26.83],[-79.88,27.08],[-79.94,27.24],[-80.06,27.49],[-80.17,27.8],[-80.3,28.04],[-80.35,28.15],[-80.38,28.3],[-80.32,28.36],[-80.3,28.46],[-80.31,28.51],[-80.37,28.67],[-80.51,28.86],[-80.75,29.23],[-80.95,29.63],[-81.03,29.83],[-81.04,29.91],[-81.08,30.01],[-81.16,30.33],[-81.15,30.41],[-81.21,30.58],[-81.17,30.69],[-81.2,30.8],[-81.13,30.92],[-81.13,31.03],[-81.05,31.14],[-81,31.37],[-80.93,31.48],[-80.89,31.62],[-80.81,31.73],[-80.67,31.84],[-80.58,32],[-80.48,32.04],[-80.4,32.11],[-80.3,32.15],[-80.25,32.2],[-80.21,32.27],[-80.12,32.34],[-79.9,32.42],[-79.81,32.49],[-79.68,32.56],[-79.51,32.7],[-79.37,32.8],[-79.27,32.81],[-79.16,32.88],[-79.13,32.94],[-78.97,33.04],[-78.93,33.08],[-78.9,33.17],[-78.92,33.27],[-78.89,33.36],[-78.82,33.42],[-78.76,33.51],[-78.66,33.58],[-78.55,33.64],[-78.44,33.66],[-78.29,33.71],[-78.17,33.71],[-78.05,33.63],[-77.97,33.62],[-77.88,33.63],[-77.8,33.67],[-77.75,33.72],[-77.72,33.84],[-77.63,34.04],[-77.57,34.12],[-77.41,34.26],[-77.21,34.35],[-77.11,34.42],[-76.97,34.47],[-76.76,34.5],[-76.72,34.43],[-76.61,34.37],[-76.47,34.37],[-76.34,34.44],[-76.29,34.56],[-76.16,34.7],[-75.98,34.84],[-75.8,34.95],[-75.6,35.02],[-75.49,35.02],[-75.36,35.07],[-75.29,35.17],[-75.24,35.37],[-75.22,35.56],[-75.22,35.63],[-75.27,35.81],[-75.45,36.13],[-75.49,36.19],[-75.56,36.35],[-75.64,36.67],[-75.72,36.84],[-75.74,36.92],[-75.72,36.97],[-75.6,37.09],[-75.55,37.19],[-75.5,37.24],[-75.43,37.37],[-75.41,37.43],[-75.36,37.49],[-75.34,37.61],[-75.32,37.66],[-75.21,37.7],[-75.14,37.77],[-74.98,37.98],[-74.85,38.26],[-74.81,38.37],[-74.79,38.47],[-74.82,38.73],[-74.7,38.78],[-74.58,38.87],[-74.47,39.01],[-74.42,39.11],[-74.35,39.16],[-74.25,39.2],[-74.13,39.31],[-74.01,39.46],[-73.85,39.68],[-73.84,39.73],[-73.82,39.88],[-73.77,40.09],[-73.74,40.19],[-73.71,40.38],[-73.57,40.37],[-73.33,40.42],[-73.17,40.43],[-72.97,40.48],[-72.81,40.53],[-72.36,40.66],[-71.85,40.84],[-71.76,40.87],[-71.65,40.95],[-71.57,40.95],[-71.44,40.97],[-71.33,41.04],[-71.28,41.15],[-71.29,41.21],[-71.15,41.25],[-71.09,41.22],[-71.05,41.15],[-70.95,41.08],[-70.87,41.05],[-70.74,41.05],[-70.68,41.07],[-70.58,41.14],[-70.5,41.12],[-70.4,41.12],[-70.25,41.06],[-70.13,41.04],[-69.95,41.04],[-69.83,41.08],[-69.73,41.16],[-69.7,41.24],[-69.71,41.33],[-69.77,41.44],[-69.68,41.6],[-69.66,41.67],[-69.67,41.81],[-69.7,41.95],[-69.76,42.06],[-69.87,42.18],[-70,42.25],[-70.11,42.28],[-70.24,42.28],[-70.31,42.27],[-70.46,42.28],[-70.48,42.3],[-70.42,42.47],[-70.32,42.57],[-70.3,42.69],[-70.32,42.76],[-70.4,42.83],[-70.33,42.95],[-70.22,43.04],[-70.2,43.11],[-70.23,43.21],[-70.01,43.41],[-69.8,43.5],[-69.7,43.51],[-69.58,43.55],[-69.45,43.58],[-69.35,43.56],[-69.21,43.57],[-69.08,43.65],[-69,43.61],[-68.89,43.58],[-68.77,43.59],[-68.69,43.62],[-68.59,43.71],[-68.54,43.74],[-68.47,43.83],[-68.38,43.88],[-68.34,43.84],[-68.21,43.78],[-68.12,43.77],[-67.95,43.81],[-67.87,43.89],[-67.85,43.95],[-67.86,44.04],[-67.96,44.13],[-67.87,44.16],[-67.77,44.17],[-67.65,44.23],[-67.55,44.24],[-67.36,44.31],[-67.3,44.36],[-67.19,44.31],[-67.09,44.3],[-67.04,44.36],[-67.06,44.48],[-67.05,44.56],[-66.96,44.65],[-66.92,44.76],[-66.89,44.79],[-66.97,44.83],[-66.97,44.91],[-67.02,44.95],[-67.11,45.11],[-67.16,45.16],[-67.29,45.19],[-67.32,45.13],[-67.38,45.15],[-67.48,45.28],[-67.43,45.34],[-67.43,45.39],[-67.47,45.42],[-67.5,45.49],[-67.43,45.5],[-67.42,45.55],[-67.5,45.59],[-67.68,45.63],[-67.71,45.68],[-67.8,45.68],[-67.8,45.87],[-67.75,45.92],[-67.78,45.94],[-67.78,46.26],[-67.79,46.6],[-67.79,47.07],[-67.88,47.1],[-67.95,47.19],[-68.22,47.34],[-68.34,47.36],[-68.38,47.29],[-68.58,47.29],[-68.61,47.25],[-68.69,47.24],[-68.9,47.18],[-69.05,47.26],[-69.05,47.3],[-68.8,47.35],[-68.57,47.43],[-68.38,47.55],[-68.38,47.92],[-68.12,47.92],[-68.12,48],[-67.6,48],[-67.61,47.94],[-67.36,47.86],[-67.29,47.9],[-67.21,47.88],[-67.06,47.93],[-66.98,47.89],[-66.92,47.98],[-66.7,48.01],[-66.53,48.05],[-66.48,48.08],[-66.35,48.08],[-66.3,48.03],[-66.16,48.05],[-65.86,48.02],[-65.61,47.93],[-65.54,47.83],[-65.11,47.92],[-64.45,48.21],[-64.27,48.22],[-63.75,48.51],[-62.9,48.51],[-62.9,49.17],[-62.77,49.14],[-62.5,49.1],[-62.26,49.04],[-61.83,49.05],[-61.68,49.07],[-61.64,49.14],[-61.81,49.33],[-61.88,49.38],[-62.14,49.42],[-62.5,49.6],[-62.69,49.68],[-63,49.77],[-63,50.44],[-63,52],[-63.81,52],[-63.84,52.08],[-63.71,52.09],[-63.69,52.13],[-63.75,52.26],[-63.86,52.32],[-64.01,52.36],[-64.09,52.45],[-64.09,52.51],[-64.03,52.57],[-63.88,52.62],[-63.6,52.65],[-63.45,52.64],[-63.39,52.68],[-63.52,52.72],[-63.62,52.78],[-63.72,52.77],[-63.92,52.74],[-64.15,52.73],[-64.13,52.68],[-64.21,52.56],[-64.15,52.52],[-64.14,52.43],[-64.17,52.31],[-64.25,52.28],[-64.18,52.12],[-64.3,52.04],[-64.35,51.99],[-64.36,51.85],[-64.3,51.8],[-64.29,51.73],[-64.46,51.62],[-64.56,51.59],[-64.62,51.63],[-64.64,51.71],[-64.74,51.76],[-64.81,51.78],[-64.97,51.72],[-65.02,51.77],[-65.09,51.75],[-65.17,51.77],[-65.17,51.81],[-65.35,51.85],[-65.4,51.91],[-65.35,51.94],[-65.53,52.08],[-65.63,52],[-65.67,52],[-65.65,52.09],[-65.76,52.12],[-66.02,52.08],[-66.09,52.1],[-66.07,52.15],[-66.11,52.2],[-66.25,52.28],[-66.32,52.29],[-66.27,52.15],[-66.32,52.13],[-66.39,52.21],[-66.45,52.25],[-66.48,52.36],[-66.39,52.38],[-66.35,52.47],[-66.38,52.57],[-66.44,52.63],[-66.31,52.73],[-66.41,52.87],[-66.28,52.87],[-66.35,53.01],[-66.48,53.04],[-66.49,52.96],[-66.63,52.9],[-66.67,52.81],[-66.8,52.72],[-66.88,52.72],[-66.96,52.76],[-67.07,52.78],[-67.06,52.88],[-67.16,52.85],[-67.32,52.88],[-67.37,53.1],[-67.29,53.14],[-67.15,53.15],[-67.04,53.08],[-66.98,53.09],[-67.01,53.17],[-66.96,53.18],[-66.98,53.25],[-66.95,53.31],[-66.97,53.36],[-66.92,53.42],[-66.94,53.48],[-67.03,53.53],[-67.22,53.53],[-67.39,53.61],[-67.4,53.68],[-67.59,53.76],[-67.5,53.83],[-67.57,53.85],[-67.7,53.98],[-67.82,54.03],[-67.76,54.09],[-67.81,54.13],[-67.68,54.16],[-67.63,54.21],[-67.68,54.24],[-67.68,54.31],[-67.75,54.35],[-67.77,54.42],[-67.73,54.46],[-67.58,54.49],[-67.5,54.48],[-67.47,54.58],[-67.35,54.52],[-67.14,54.62],[-67.06,54.69],[-67.21,54.79],[-67.4,54.96],[-67.46,55.06],[-67.32,55.09],[-67.24,55.06],[-67.26,55.02],[-66.95,54.82],[-66.88,54.81],[-66.68,54.71],[-66.62,54.83],[-66.74,54.97],[-66.69,55],[-66.77,55.15],[-66.71,55.23],[-66.82,55.31],[-66.78,55.35],[-66.67,55.27],[-66.6,55.27],[-66.5,55.21],[-66.47,55.16],[-66.26,55],[-66.14,54.98],[-66.02,54.94],[-65.85,54.93],[-65.84,54.84],[-65.78,54.8],[-65.69,54.71],[-65.59,54.74],[-65.46,54.73],[-65.43,54.78],[-65.33,54.85],[-65.21,54.85],[-65.17,54.93],[-65.13,54.96],[-64.97,54.94],[-64.75,54.81],[-64.78,54.73],[-64.68,54.74],[-64.56,54.71],[-64.49,54.79],[-64.4,54.79],[-64.29,54.75],[-64.14,54.67],[-64.05,54.6],[-63.91,54.6],[-63.81,54.65],[-63.8,54.73],[-63.89,54.77],[-63.82,54.82],[-63.85,54.86],[-63.82,54.95],[-63.66,54.9],[-63.6,54.93],[-63.56,55.03],[-63.61,55.09],[-63.54,55.16],[-63.43,55.21],[-63.46,55.26],[-63.55,55.23],[-63.68,55.27],[-63.44,55.34],[-63.32,55.37],[-63.48,55.43],[-63.67,55.42],[-63.78,55.48],[-63.67,55.55],[-63.72,55.66],[-63.73,55.73],[-63.67,55.76],[-63.78,55.8],[-63.77,55.86],[-63.85,55.88],[-63.79,55.93],[-63.73,55.93],[-63.5,56.04],[-63.64,56.02],[-63.81,56.08],[-63.86,56.14],[-63.93,56.1],[-64,56.1],[-64.04,56.15],[-63.86,56.21],[-63.97,56.26],[-64.09,56.28],[-64.14,56.31],[-64.1,56.35],[-64.15,56.44],[-63.99,56.41],[-63.93,56.47],[-63.93,56.53],[-64.05,56.61],[-64.15,56.7],[-64.08,56.77],[-64.01,56.78],[-64.01,56.85],[-63.87,56.88],[-63.91,56.93],[-63.89,57.09],[-63.82,57.08],[-63.76,57.14],[-63.74,57.24],[-63.88,57.28],[-63.86,57.33],[-63.7,57.37],[-63.76,57.44],[-63.75,57.54],[-63.77,57.59],[-63.65,57.62],[-63.6,57.66],[-63.6,57.74],[-63.74,57.66],[-64,57.81],[-64.12,57.81],[-64.16,57.92],[-64.25,58.04],[-64.43,58.07],[-64.42,58.19],[-64.22,58.25],[-64.17,58.36],[-64.02,58.37],[-63.99,58.44],[-63.88,58.43],[-63.86,58.56],[-63.97,58.53],[-64.1,58.56],[-64.11,58.64],[-64.05,58.7],[-63.95,58.69],[-63.75,58.72],[-63.51,58.74],[-63.49,58.77],[-63.6,58.86],[-63.78,58.88],[-63.81,58.85],[-64.05,58.81],[-64.14,58.75],[-64.23,58.78],[-64.23,58.86],[-64.33,58.9],[-64.46,58.91],[-64.55,58.89],[-64.65,58.94],[-64.73,58.95],[-64.82,58.92],[-64.87,59.02],[-64.78,59.07],[-64.57,59.03],[-64.46,58.98],[-64.26,59.01],[-64.32,59.07],[-64.49,59.1],[-64.47,59.18],[-64.49,59.26],[-64.54,59.31],[-64.51,59.42],[-64.32,59.51],[-64.43,59.54],[-64.59,59.47],[-64.68,59.45],[-64.84,59.55],[-64.9,59.64],[-64.76,59.71],[-64.83,59.83],[-64.74,59.89],[-64.64,59.91],[-64.66,59.95],[-64.84,59.97],[-64.9,60.07],[-64.74,60.06],[-64.59,60.12],[-64.6,60.17],[-64.75,60.17],[-64.85,60.23],[-64.85,60.27],[-64.72,60.29],[-64.52,60.31],[-64.49,60.37],[-64.35,60.38],[-64.03,60.48],[-64.12,60.61],[-64.17,60.72],[-64.33,61.28],[-64.16,61.44],[-64.12,61.5],[-64.13,61.59],[-64.28,61.81],[-64.05,62.19],[-63.39,62.65],[-63.33,62.72],[-63.26,62.87],[-63.25,62.93],[-63.45,63.46],[-63.49,63.68],[-63.82,64.11],[-63.96,64.25],[-62.92,64.74],[-62.82,64.8],[-62.52,65.17],[-61.79,65.49],[-61.69,65.57],[-61.48,65.94],[-61.04,66.25],[-60.78,66.56],[-60.79,66.71],[-60.86,66.78],[-61.31,67.05],[-61.69,67.24],[-62.13,67.39],[-62.26,67.42],[-62.78,67.5],[-63.54,67.78],[-64.35,68.12],[-64.68,68.22],[-65.37,68.36],[-66.09,68.64],[-66.1,69.25],[-66.14,69.33],[-66.64,69.91],[-66.67,70.03],[-66.79,70.13],[-67.1,70.29],[-67.25,70.34],[-67.67,70.61],[-67.87,70.7],[-68.05,70.76],[-68.5,70.83],[-68.79,70.92],[-68.99,70.97],[-69.46,71.04],[-70.36,71.27],[-70.58,71.34],[-70.79,71.49],[-70.93,71.56],[-71.19,71.66],[-71.67,71.75],[-71.92,71.77],[-72.24,71.84],[-72.43,71.86],[-72.94,71.88],[-73.14,71.92],[-73.7,72.19],[-74.19,72.36],[-74.45,72.42],[-74.5,72.53],[-74.58,72.59],[-74.85,72.67],[-75.03,72.69],[-75.38,72.91],[-75.41,73.01],[-75.57,73.08],[-75.57,73.13],[-75.68,73.21],[-75.88,73.27],[-76.14,73.45],[-76.44,73.51],[-76.52,73.58],[-76.71,73.66],[-77.03,73.72],[-77.33,73.76],[-77.86,73.86],[-78.21,73.87],[-79.34,73.86],[-79.45,74.53],[-78.98,74.67],[-78.7,74.77],[-78.56,74.85],[-78.56,74.91],[-78.71,75.2],[-78.65,75.28],[-78.7,75.35],[-78.07,75.77],[-78.02,75.84],[-78.01,76.02],[-77.61,76.38],[-77.37,76.48],[-77.13,76.53],[-76.95,76.63],[-76.88,76.85],[-77.12,77.04],[-77.27,77.35],[-77.06,77.45],[-75.25,77.81],[-74.76,77.96],[-74.67,78.03],[-74.16,78.24],[-73.89,78.38],[-73.5,78.56],[-73.11,78.75],[-73.36,79.08],[-73.45,79.14],[-72.37,79.39],[-71.5,79.5],[-71.16,79.52],[-70.84,79.55],[-70.27,79.64],[-70.1,79.69],[-69.82,79.81],[-68.71,80.18],[-68.65,80.22],[-68.34,80.42],[-67.12,80.75],[-66.27,80.83],[-64.19,81.3],[-62.16,81.87],[-59.99,82.22],[-59.63,82.3],[-59.62,82.38],[-59.83,82.49],[-60.27,82.59],[-62.25,82.95],[-62.81,83.01],[-64.54,83.1],[-66.22,83.14],[-69.04,83.3],[-69.76,83.31],[-71.49,83.3],[-73.95,83.34],[-74.32,83.33],[-77.46,83.28],[-80.77,83.12],[-82.39,82.98],[-85,82.77],[-85,80.27],[-85,79.58],[-85,66.28],[-85,66.09],[-84.76,66.06],[-84.06,65.49],[-82.46,65.49],[-81.55,64.92],[-80.31,64.11],[-80.02,63.91],[-80.03,62.92],[-85,60.25],[-85,55.27],[-85.11,55.29],[-85.23,55.37],[-85.35,55.38],[-85.43,55.42],[-85.64,55.56],[-85.97,55.66],[-86.27,55.71],[-86.37,55.76],[-86.64,55.83],[-86.9,55.91],[-87.22,55.93],[-87.45,56.01],[-87.47,56.05],[-87.57,56.07],[-87.64,56.11],[-87.83,56.34],[-87.92,56.39],[-87.98,56.47],[-88.27,56.54],[-88.44,56.6],[-88.5,56.65],[-88.66,56.7],[-88.7,56.75],[-88.83,56.79],[-88.82,56.84],[-88.99,56.85],[-90,56.23],[-90,54],[-89,54],[-88.5,53.63],[-88.5,53.38],[-89,53],[-89,52.75],[-90,52.75],[-90,52],[-90,51.54],[-89.89,51.54],[-89.89,51.4],[-90,51.4],[-90,50.75],[-90,49.25],[-90.96,49.25],[-90.97,49],[-91.01,49],[-91.01,48.2]],[[-66.71,48.03],[-66.8,48.1],[-66.75,48.11],[-66.71,48.03]]],[[[-75.23,18.35],[-75.17,18.26],[-75.12,18.22],[-75.04,18.19],[-74.95,18.2],[-74.85,18.26],[-74.8,18.32],[-74.79,18.42],[-74.81,18.49],[-74.85,18.54],[-74.95,18.6],[-75.05,18.61],[-75.12,18.59],[-75.18,18.55],[-75.22,18.5],[-75.24,18.4],[-75.23,18.35]]],[[[-71.9,17.88],[-71.76,18.03],[-71.74,18.1],[-71.79,18.18],[-71.7,18.34],[-71.83,18.4],[-71.9,18.46],[-71.88,18.5],[-71.97,18.6],[-71.97,18.65],[-71.87,18.63],[-71.81,18.63],[-71.78,18.71],[-71.74,18.72],[-71.72,18.8],[-71.73,18.87],[-71.78,18.95],[-71.84,18.97],[-71.72,19.05],[-71.64,19.15],[-71.64,19.23],[-71.69,19.24],[-71.79,19.33],[-71.72,19.36],[-71.68,19.43],[-71.72,19.56],[-71.74,19.58],[-71.73,19.66],[-71.76,19.73],[-71.82,19.75],[-71.88,19.8],[-72.01,19.87],[-72.07,19.95],[-72.18,19.99],[-72.27,19.99],[-72.41,20.03],[-72.44,20.1],[-72.51,20.18],[-72.59,20.23],[-72.72,20.28],[-72.81,20.29],[-72.92,20.28],[-73.04,20.26],[-73.14,20.19],[-73.17,20.13],[-73.24,20.12],[-73.35,20.05],[-73.48,20.03],[-73.55,20],[-73.61,19.92],[-73.67,19.76],[-73.65,19.62],[-73.59,19.53],[-73.53,19.48],[-73.38,19.42],[-73.2,19.43],[-73.1,19.42],[-72.98,19.36],[-73.01,19.26],[-73,19.17],[-73.02,19.12],[-73.15,19.16],[-73.21,19.17],[-73.32,19.16],[-73.42,19.1],[-73.48,19.03],[-73.51,18.92],[-73.5,18.84],[-73.47,18.79],[-73.58,18.79],[-73.67,18.83],[-73.78,18.84],[-73.91,18.8],[-73.98,18.8],[-74.05,18.84],[-74.16,18.87],[-74.3,18.87],[-74.46,18.83],[-74.57,18.76],[-74.62,18.7],[-74.69,18.46],[-74.68,18.36],[-74.6,18.21],[-74.48,18.13],[-74.36,18.09],[-74.26,18.09],[-74.21,18.07],[-74.12,18],[-74.07,17.91],[-74.01,17.86],[-73.95,17.83],[-73.79,17.82],[-73.68,17.86],[-73.51,17.87],[-73.42,17.92],[-73.37,18.02],[-73.32,18.02],[-73.04,17.98],[-72.9,17.95],[-72.76,17.95],[-72.64,17.98],[-72.5,17.98],[-72.36,18.03],[-72.19,18.02],[-72.11,18.03],[-72.03,18],[-71.9,17.88]]],[[[-70.98,21.15],[-70.89,21.25],[-70.87,21.36],[-70.87,21.42],[-70.94,21.6],[-71.01,21.68],[-71.36,21.9],[-71.46,21.92],[-71.55,21.99],[-71.62,22.03],[-71.7,22.04],[-71.81,22.12],[-71.89,22.15],[-71.99,22.16],[-72.12,22.14],[-72.24,22.05],[-72.35,22.07],[-72.42,22.05],[-72.55,21.95],[-72.46,22.25],[-72.45,22.33],[-72.47,22.4],[-72.53,22.47],[-73.44,23.22],[-74.27,24.24],[-74.32,24.31],[-74.39,24.34],[-75.5,24.81],[-75.95,25.28],[-76.74,26.6],[-76.79,26.69],[-76.89,26.78],[-77.25,27.01],[-77.34,27.07],[-77.46,27.14],[-77.68,27.23],[-77.91,27.27],[-78.09,27.38],[-78.18,27.42],[-78.38,27.47],[-78.46,27.47],[-78.54,27.44],[-79.21,27.13],[-79.3,27.05],[-79.33,26.95],[-79.32,26.09],[-79.45,25.91],[-79.52,25.76],[-79.54,25.64],[-79.53,25.56],[-79.47,25.43],[-79.41,25.32],[-79.37,25.2],[-79.36,25],[-80,24.25],[-80.48,24.16],[-80.58,24.11],[-80.65,24.04],[-80.7,23.95],[-80.69,23.83],[-80.6,23.62],[-80.56,23.56],[-80.44,23.49],[-79.6,23.3],[-79.3,23.14],[-78.77,22.87],[-78.21,22.64],[-78.12,22.6],[-77.8,22.42],[-77.63,22.29],[-77.21,22.03],[-75.83,21.53],[-73.84,20.81],[-73.75,20.73],[-73.63,20.71],[-73.16,20.74],[-73.08,20.76],[-72.99,20.84],[-72.85,21.06],[-72.81,21.13],[-72.68,21.54],[-72.59,21.45],[-72.35,21.32],[-71.94,21.02],[-71.84,20.98],[-71.71,20.96],[-71.6,20.98],[-71.25,20.97],[-71.18,20.98],[-71.08,21.04],[-70.98,21.15]]]]},"properties":{"tzid":"America/New_York"}},
{"type":"Feature","geometry":{"type":"MultiPolygon","coordinates":[[[[-66.71,48.03],[-66.75,48.11],[-66.8,48.1],[-66.71,48.03]]],[[[-59.81,44.21],[-59.93,44.14],[-60,44.14],[-60.07,44.17],[-60.17,44.18],[-60.27,44.16],[-60.35,44.12],[-60.41,44.06],[-60.44,43.98],[-60.43,43.91],[-60.37,43.85],[-60.29,43.79],[-60.12,43.74],[-59.9,43.73],[-59.74,43.75],[-59.65,43.78],[-59.44,43.91],[-59.39,43.97],[-59.36,44.07],[-59.39,44.14],[-59.45,44.19],[-59.56,44.24],[-59.73,44.24],[-59.81,44.21]]],[[[-67.09,44.3],[-67,44.31],[-66.93,44.29],[-66.79,44.29],[-66.7,44.32],[-66.66,44.3],[-66.66,44.16],[-66.59,44.07],[-66.47,43.99],[-66.45,43.84],[-66.42,43.59],[-66.3,43.34],[-66.24,43.27],[-66.15,43.22],[-66.01,43.19],[-65.62,43.19],[-65.51,43.21],[-65.27,43.28],[-65.2,43.31],[-64.86,43.52],[-64.62,43.65],[-64.54,43.72],[-64.44,43.86],[-64.16,44.02],[-64,44.15],[-63.72,44.23],[-63.51,44.23],[-63.35,44.3],[-63.15,44.43],[-62.97,44.46],[-62.84,44.46],[-62.75,44.47],[-62.23,44.64],[-61.9,44.73],[-61.26,44.98],[-61.06,45],[-60.83,45.07],[-60.76,45.11],[-60.49,45.4],[-60.29,45.47],[-59.92,45.61],[-59.8,45.71],[-59.65,45.76],[-59.49,45.86],[-59.39,45.97],[-59.37,46.04],[-59.41,46.13],[-59.51,46.27],[-59.57,46.33],[-59.67,46.37],[-59.91,46.43],[-60.05,46.65],[-60.01,46.82],[-60.05,46.96],[-59.29,47.37],[-60.4,47.76],[-60.46,48.53],[-62.9,48.51],[-63.75,48.51],[-64.27,48.22],[-64.45,48.21],[-65.11,47.92],[-65.54,47.83],[-65.61,47.93],[-65.86,48.02],[-66.16,48.05],[-66.3,48.03],[-66.35,48.08],[-66.48,48.08],[-66.53,48.05],[-66.7,48.01],[-66.92,47.98],[-66.98,47.89],[-67.06,47.93],[-67.21,47.88],[-67.29,47.9],[-67.36,47.86],[-67.61,47.94],[-67.6,48],[-68.12,48],[-68.12,47.92],[-68.38,47.92],[-68.38,47.55],[-68.57,47.43],[-68.8,47.35],[-69.05,47.3],[-69.05,47.26],[-68.9,47.18],[-68.69,47.24],[-68.61,47.25],[-68.58,47.29],[-68.38,47.29],[-68.34,47.36],[-68.22,47.34],[-67.95,47.19],[-67.88,47.1],[-67.79,47.07],[-67.79,46.6],[-67.78,46.26],[-67.78,45.94],[-67.75,45.92],[-67.8,45.87],[-67.8,45.68],[-67.71,45.68],[-67.68,45.63],[-67.5,45.59],[-67.42,45.55],[-67.43,45.5],[-67.5,45.49],[-67.47,45.42],[-67.43,45.39],[-67.43,45.34],[-67.48,45.28],[-67.38,45.15],[-67.32,45.13],[-67.29,45.19],[-67.16,45.16],[-67.11,45.11],[-67.02,44.95],[-66.97,44.91],[-66.97,44.83],[-66.89,44.79],[-66.92,44.76],[-67.04,44.62],[-67.16,44.58],[-67.25,44.5],[-67.3,44.39],[-67.3,44.36],[-67.19,44.31],[-67.09,44.3]]],[[[-65.12,32.32],[-65.12,32.24],[-65.06,32.13],[-64.97,32.07],[-64.82,32.05],[-64.72,32.07],[-64.52,32.18],[-64.46,32.23],[-64.42,32.31],[-64.41,32.4],[-64.47,32.5],[-64.56,32.57],[-64.63,32.59],[-64.73,32.59],[-64.85,32.53],[-64.9,32.52],[-65.03,32.46],[-65.08,32.41],[-65.12,32.32]]],[[[-64.03,60.48],[-64.35,60.38],[-64.49,60.37],[-64.52,60.31],[-64.72,60.29],[-64.85,60.27],[-64.85,60.23],[-64.75,60.17],[-64.6,60.17],[-64.59,60.12],[-64.74,60.06],[-64.9,60.07],[-64.84,59.97],[-64.66,59.95],[-64.64,59.91],[-64.74,59.89],[-64.83,59.83],[-64.76,59.71],[-64.9,59.64],[-64.84,59.55],[-64.68,59.45],[-64.59,59.47],[-64.43,59.54],[-64.32,59.51],[-64.51,59.42],[-64.54,59.31],[-64.49,59.26],[-64.47,59.18],[-64.49,59.1],[-64.32,59.07],[-64.26,59.01],[-64.46,58.98],[-64.57,59.03],[-64.78,59.07],[-64.87,59.02],[-64.82,58.92],[-64.73,58.95],[-64.65,58.94],[-64.55,58.89],[-64.46,58.91],[-64.33,58.9],[-64.23,58.86],[-64.23,58.78],[-64.14,58.75],[-64.05,58.81],[-63.81,58.85],[-63.78,58.88],[-63.6,58.86],[-63.49,58.77],[-63.51,58.74],[-63.75,58.72],[-63.95,58.69],[-64.05,58.7],[-64.11,58.64],[-64.1,58.56],[-63.97,58.53],[-63.86,58.56],[-63.88,58.43],[-63.99,58.44],[-64.02,58.37],[-64.17,58.36],[-64.22,58.25],[-64.42,58.19],[-64.43,58.07],[-64.25,58.04],[-64.16,57.92],[-64.12,57.81],[-64,57.81],[-63.74,57.66],[-63.6,57.74],[-63.6,57.66],[-63.65,57.62],[-63.77,57.59],[-63.75,57.54],[-63.76,57.44],[-63.7,57.37],[-63.86,57.33],[-63.88,57.28],[-63.74,57.24],[-63.76,57.14],[-63.82,57.08],[-63.89,57.09],[-63.91,56.93],[-63.87,56.88],[-64.01,56.85],[-64.01,56.78],[-64.08,56.77],[-64.15,56.7],[-64.05,56.61],[-63.93,56.53],[-63.93,56.47],[-63.99,56.41],[-64.15,56.44],[-64.1,56.35],[-64.14,56.31],[-64.09,56.28],[-63.97,56.26],[-63.86,56.21],[-64.04,56.15],[-64,56.1],[-63.93,56.1],[-63.86,56.14],[-63.81,56.08],[-63.64,56.02],[-63.5,56.04],[-63.73,55.93],[-63.79,55.93],[-63.85,55.88],[-63.77,55.86],[-63.78,55.8],[-63.67,55.76],[-63.73,55.73],[-63.72,55.66],[-63.67,55.55],[-63.78,55.48],[-63.67,55.42],[-63.48,55.43],[-63.32,55.37],[-63.44,55.34],[-63.68,55.27],[-63.55,55.23],[-63.46,55.26],[-63.43,55.21],[-63.54,55.16],[-63.61,55.09],[-63.56,55.03],[-63.6,54.93],[-63.66,54.9],[-63.82,54.95],[-63.85,54.86],[-63.82,54.82],[-63.89,54.77],[-63.8,54.73],[-63.81,54.65],[-63.91,54.6],[-64.05,54.6],[-64.14,54.67],[-64.29,54.75],[-64.4,54.79],[-64.49,54.79],[-64.56,54.71],[-64.68,54.74],[-64.78,54.73],[-64.75,54.81],[-64.97,54.94],[-65.13,54.96],[-65.17,54.93],[-65.21,54.85],[-65.33,54.85],[-65.43,54.78],[-65.46,54.73],[-65.59,54.74],[-65.69,54.71],[-65.78,54.8],[-65.84,54.84],[-65.85,54.93],[-66.02,54.94],[-66.14,54.98],[-66.26,55],[-66.47,55.16],[-66.5,55.21],[-66.6,55.27],[-66.67,55.27],[-66.78,55.35],[-66.82,55.31],[-66.71,55.23],[-66.77,55.15],[-66.69,55],[-66.74,54.97],[-66.62,54.83],[-66.68,54.71],[-66.88,54.81],[-66.95,54.82],[-67.26,55.02],[-67.24,55.06],[-67.32,55.09],[-67.46,55.06],[-67.4,54.96],[-67.21,54.79],[-67.06,54.69],[-67.14,54.62],[-67.35,54.52],[-67.47,54.58],[-67.5,54.48],[-67.58,54.49],[-67.73,54.46],[-67.77,54.42],[-67.75,54.35],[-67.68,54.31],[-67.68,54.24],[-67.63,54.21],[-67.68,54.16],[-67.81,54.13],[-67.76,54.09],[-67.82,54.03],[-67.7,53.98],[-67.57,53.85],[-67.5,53.83],[-67.59,53.76],[-67.4,53.68],[-67.39,53.61],[-67.22,53.53],[-67.03,53.53],[-66.94,53.48],[-66.92,53.42],[-66.97,53.36],[-66.95,53.31],[-66.98,53.25],[-66.96,53.18],[-67.01,53.17],[-66.98,53.09],[-67.04,53.08],[-67.15,53.15],[-67.29,53.14],[-67.37,53.1],[-67.32,52.88],[-67.16,52.85],[-67.06,52.88],[-67.07,52.78],[-66.96,52.76],[-66.88,52.72],[-66.8,52.72],[-66.67,52.81],[-66.63,52.9],[-66.49,52.96],[-66.48,53.04],[-66.35,53.01],[-66.28,52.87],[-66.41,52.87],[-66.31,52.73],[-66.44,52.63],[-66.38,52.57],[-66.35,52.47],[-66.39,52.38],[-66.48,52.36],[-66.45,52.25],[-66.39,52.21],[-66.32,52.13],[-66.27,52.15],[-66.32,52.29],[-66.25,52.28],[-66.11,52.2],[-66.07,52.15],[-66.09,52.1],[-66.02,52.08],[-65.76,52.12],[-65.65,52.09],[-65.67,52],[-65.63,52],[-65.53,52.08],[-65.35,51.94],[-65.4,51.91],[-65.35,51.85],[-65.17,51.81],[-65.17,51.77],[-65.09,51.75],[-65.02,51.77],[-64.97,51.72],[-64.81,51.78],[-64.74,51.76],[-64.64,51.71],[-64.62,51.63],[-64.56,51.59],[-64.46,51.62],[-64.29,51.73],[-64.3,51.8],[-64.36,51.85],[-64.35,51.99],[-64.3,52.04],[-64.18,52.12],[-64.25,52.28],[-64.17,52.31],[-64.14,52.43],[-64.15,52.52],[-64.21,52.56],[-64.13,52.68],[-64.15,52.73],[-63.92,52.74],[-63.72,52.77],[-63.62,52.78],[-63.52,52.72],[-63.39,52.68],[-63.45,52.64],[-63.6,52.65],[-63.88,52.62],[-64.03,52.57],[-64.09,52.51],[-64.09,52.45],[-64.01,52.36],[-63.86,52.32],[-63.75,52.26],[-63.69,52.13],[-63.71,52.09],[-63.84,52.08],[-63.81,52],[-63,52],[-62.2,52],[-61.7,52],[-60.7,52],[-60,52],[-58.9,52],[-58,52],[-57.11,52],[-57.11,53.25],[-56.09,53.48],[-56.01,53.5],[-55.5,53.7],[-55.66,53.84],[-55.71,53.88],[-56.28,54.14],[-56.48,54.32],[-56.51,54.48],[-56.56,54.56],[-56.63,54.6],[-56.56,54.7],[-56.55,54.76],[-56.62,54.85],[-56.73,54.91],[-56.83,54.93],[-56.97,54.93],[-57.11,54.89],[-57.73,55.1],[-58.02,55.19],[-58.55,55.38],[-58.63,55.4],[-59.12,55.48],[-59.22,55.55],[-59.59,55.96],[-59.63,55.99],[-60.12,56.33],[-60.18,56.46],[-60.29,56.58],[-60.44,56.86],[-60.5,56.93],[-60.7,57.03],[-60.94,57.25],[-60.94,57.58],[-60.98,57.67],[-61.33,58.02],[-61.8,58.34],[-62.24,58.6],[-62.34,58.68],[-62.54,58.88],[-62.78,59.13],[-63.04,59.42],[-63.1,59.65],[-63.15,59.73],[-63.4,59.93],[-63.44,59.99],[-63.63,60.2],[-64.03,60.48]]],[[[-73.5,78.56],[-73.89,78.38],[-74,78.15],[-73.67,77.43],[-73.49,77.32],[-72.11,76.9],[-72.72,76.94],[-73.16,76.95],[-73.57,76.93],[-73.81,76.9],[-74,76.85],[-74.13,76.73],[-74.03,76.64],[-73.7,76.54],[-73.35,76.49],[-73.11,76.48],[-72.66,76.48],[-72.18,76.52],[-71.94,76.55],[-71.69,76.63],[-71.64,76.68],[-70.87,76.31],[-69.27,75.93],[-68.97,75.89],[-67.5,75.77],[-66.55,75.71],[-65.13,75.75],[-64.38,75.68],[-63.5,76.09],[-63.73,76.16],[-66.38,79.12],[-66.44,79.23],[-69.11,79.32],[-69.26,79.19],[-69.81,79.1],[-70.55,78.95],[-71.1,78.87],[-71.87,78.81],[-73.09,78.67],[-73.5,78.56]]]]},"properties":{"tzid":"America/Halifax"}},
{"type":"Feature","geometry":{"type":"Polygon","coordinates":[[[-78.77,22.87],[-79.31,23.02],[-79.67,23.13],[-80.22,23.4],[-80.3,23.43],[-80.88,23.48],[-81.11,23.47],[-82,23.39],[-82.24,23.38],[-82.32,23.37],[-82.61,23.31],[-83.26,23.19],[-83.67,23.1],[-83.71,23.08],[-84.11,22.9],[-84.22,22.86],[-84.32,22.8],[-84.38,22.74],[-84.58,22.65],[-84.62,22.62],[-84.82,22.45],[-84.92,22.33],[-84.95,22.24],[-85.12,22.01],[-85.15,21.95],[-85.17,21.87],[-85.16,21.8],[-85.11,21.71],[-85.02,21.65],[-84.95,21.63],[-84.82,21.61],[-84.56,21.56],[-84.46,21.56],[-84.37,21.58],[-84.05,21.69],[-83.57,21.47],[-83.17,21.29],[-83.11,21.27],[-82.93,21.24],[-82.82,21.24],[-82.2,21.27],[-81.73,21.36],[-81.49,21.4],[-81.1,21.43],[-80.68,21.43],[-80.22,21.42],[-79.96,21.41],[-79.73,21.1],[-79.6,20.97],[-79.45,20.88],[-79.18,20.71],[-79.06,20.62],[-78.78,20.46],[-78.46,20.35],[-78.26,20.12],[-77.91,19.71],[-77.81,19.64],[-77.7,19.63],[-77.52,19.64],[-77.4,19.65],[-77.12,19.69],[-76.99,19.69],[-76.75,19.74],[-76.35,19.75],[-76.19,19.78],[-76.03,19.76],[-75.88,19.76],[-75.64,19.7],[-75.55,19.68],[-75.38,19.68],[-75.14,19.69],[-74.99,19.71],[-74.92,19.73],[-74.27,19.87],[-74.15,19.9],[-74.09,19.94],[-73.99,20.04],[-73.93,20.16],[-73.92,20.26],[-73.95,20.33],[-73.99,20.39],[-74.07,20.46],[-74.57,20.75],[-74.62,20.79],[-74.81,20.87],[-75.51,21.24],[-75.67,21.32],[-76.28,21.46],[-76.77,21.7],[-77.01,21.82],[-77.21,22.03],[-77.63,22.29],[-77.8,22.42],[-78.12,22.6],[-78.21,22.64],[-78.77,22.87]],[[-75.13,19.97],[-75.09,19.97],[-75.09,19.87],[-75.23,19.87],[-75.23,19.93],[-75.19,19.97],[-75.13,19.97]]]},"properties":{"tzid":"America/Havana"}},
{"type":"Feature","geometry":{"type":"MultiPolygon","coordinates":[[[[-125,48.5],[-125.05,48.39],[-125.02,48.31],[-125.07,48.24],[-125.06,48.11],[-125.02,48.05],[-125.01,47.93],[-124.94,47.83],[-124.79,47.7],[-124.78,47.62],[-124.68,47.52],[-124.7,47.48],[-124.67,47.37],[-124.49,47.16],[-124.47,47.07],[-124.47,46.9],[-124.39,46.79],[-124.35,46.43],[-124.38,46.25],[-124.31,46.12],[-124.23,46.07],[-124.3,45.96],[-124.27,45.84],[-124.28,45.72],[-124.23,45.65],[-124.28,45.48],[-124.29,45.32],[-124.27,45.25],[-124.27,45.17],[-124.3,45.09],[-124.31,44.93],[-124.34,44.87],[-124.36,44.78],[-124.36,44.57],[-124.36,44.43],[-124.39,44.32],[-124.41,44.09],[-124.46,43.76],[-124.49,43.7],[-124.5,43.61],[-124.55,43.51],[-124.64,43.42],[-124.68,43.33],[-124.68,43.23],[-124.72,43.16],[-124.72,43.07],[-124.86,42.89],[-124.91,42.77],[-124.88,42.68],[-124.83,42.63],[-124.72,42.58],[-124.77,42.47],[-124.77,42.43],[-124.7,42.32],[-124.68,42.18],[-124.64,42.12],[-124.63,42.06],[-124.57,41.97],[-124.63,41.91],[-124.64,41.85],[-124.61,41.75],[-124.52,41.66],[-124.4,41.59],[-124.36,41.49],[-124.43,41.41],[-124.44,41.3],[-124.41,41.24],[-124.45,41.16],[-124.44,41.06],[-124.4,40.96],[-124.48,40.86],[-124.6,40.64],[-124.69,40.56],[-124.73,40.46],[-124.72,40.4],[-124.67,40.32],[-124.63,40.29],[-124.62,40.18],[-124.56,40.11],[-124.33,39.96],[-124.25,39.87],[-124.2,39.85],[-124.1,39.72],[-124.05,39.61],[-124.08,39.48],[-124.08,39.32],[-124.01,39.12],[-123.97,39.05],[-124,38.97],[-123.99,38.9],[-123.94,38.81],[-123.84,38.71],[-123.65,38.57],[-123.53,38.43],[-123.33,38.31],[-123.32,38.25],[-123.23,38.15],[-123.28,37.99],[-123.26,37.93],[-123.35,37.83],[-123.36,37.78],[-123.34,37.69],[-123.3,37.64],[-123.16,37.53],[-123.02,37.49],[-122.89,37.51],[-122.78,37.58],[-122.77,37.5],[-122.73,37.41],[-122.66,37.32],[-122.67,37.23],[-122.61,37.08],[-122.5,36.95],[-122.39,36.88],[-122.23,36.78],[-122.2,36.68],[-122.23,36.56],[-122.16,36.36],[-122.13,36.23],[-122.07,36.15],[-121.98,36.08],[-121.86,36.02],[-121.8,35.93],[-121.72,35.86],[-121.69,35.79],[-121.56,35.67],[-121.51,35.57],[-121.45,35.51],[-121.33,35.46],[-121.26,35.39],[-121.14,35.29],[-121.13,35.18],[-121.08,35.11],[-120.96,35.02],[-120.9,34.99],[-120.91,34.85],[-120.88,34.79],[-120.87,34.69],[-120.89,34.59],[-120.87,34.49],[-120.78,34.4],[-120.69,34.36],[-120.62,34.29],[-120.72,34.22],[-120.76,34.14],[-120.74,34.02],[-120.63,33.89],[-120.55,33.84],[-120.39,33.82],[-120.34,33.77],[-120.21,33.71],[-120.11,33.69],[-120.03,33.71],[-119.88,33.75],[-119.79,33.75],[-119.65,33.77],[-119.47,33.81],[-119.32,33.81],[-119.21,33.85],[-119.16,33.9],[-118.96,33.84],[-118.88,33.81],[-118.79,33.8],[-118.66,33.83],[-118.67,33.77],[-118.64,33.68],[-118.77,33.63],[-118.81,33.58],[-118.92,33.67],[-119.01,33.69],[-119.14,33.67],[-119.25,33.59],[-119.29,33.46],[-119.34,33.43],[-119.45,33.48],[-119.51,33.49],[-119.57,33.53],[-119.68,33.56],[-119.75,33.56],[-119.83,33.53],[-119.9,33.47],[-119.93,33.36],[-119.91,33.28],[-119.88,33.23],[-119.7,33.08],[-119.54,33.02],[-119.44,33.02],[-119.28,33.07],[-119.21,33.14],[-119.18,33.24],[-119.2,33.31],[-119.1,33.27],[-119.01,33.27],[-118.91,33.3],[-118.82,33.38],[-118.68,33.23],[-118.75,33.2],[-118.83,33.12],[-118.85,33],[-118.82,32.92],[-118.7,32.74],[-118.58,32.65],[-118.52,32.61],[-118.4,32.6],[-118.23,32.65],[-118.15,32.71],[-118.12,32.77],[-118.11,32.84],[-118.15,32.93],[-118.32,33.07],[-118.2,33.13],[-118.11,33.19],[-118.07,33.27],[-118.07,33.34],[-118.09,33.41],[-118.07,33.44],[-117.94,33.38],[-117.86,33.3],[-117.69,33.2],[-117.54,33.03],[-117.5,32.92],[-117.52,32.79],[-117.46,32.59],[-117.52,32.53],[-117.54,32.44],[-117.51,32.35],[-117.47,32.3],[-117.36,32.21],[-117.25,32.19],[-117.2,32.14],[-117.12,32.08],[-117.11,31.98],[-117.04,31.87],[-117.04,31.76],[-117,31.69],[-116.92,31.61],[-116.93,31.53],[-116.9,31.46],[-116.77,31.32],[-116.7,31.28],[-116.65,31.21],[-116.58,31.15],[-116.55,31.11],[-116.57,30.99],[-116.56,30.92],[-116.51,30.83],[-116.44,30.78],[-116.38,30.76],[-116.27,30.65],[-116.34,30.58],[-116.36,30.47],[-116.34,30.4],[-116.28,30.33],[-116.22,30.3],[-116.17,30.22],[-116.03,30.16],[-116.02,30.07],[-116.04,29.93],[-116.02,29.86],[-116.03,29.74],[-116,29.67],[-115.93,29.58],[-115.84,29.53],[-115.74,29.52],[-115.64,29.45],[-115.4,29.36],[-115.34,29.28],[-115.27,29.24],[-115.15,29.22],[-115.09,29.2],[-115.05,29.15],[-114.94,29.05],[-114.87,28.96],[-114.82,28.93],[-114.78,28.86],[-114.67,28.76],[-114.6,28.73],[-114.51,28.59],[-114.42,28.51],[-114.36,28.48],[-114.3,28.41],[-114.35,28.31],[-114.34,28.19],[-114.39,28.12],[-114.2,28],[-113.66,28],[-112.76,28],[-112.54,28.05],[-112.57,28.13],[-112.56,28.21],[-112.58,28.29],[-112.63,28.34],[-112.62,28.44],[-112.55,28.47],[-112.67,28.62],[-112.73,28.71],[-112.78,28.93],[-112.77,29.28],[-113.02,29.61],[-114.55,31.34],[-114.59,31.7],[-114.63,31.71],[-114.73,31.78],[-114.77,31.82],[-114.82,31.82],[-114.84,31.86],[-114.91,31.87],[-114.97,31.92],[-114.96,32.04],[-114.99,32.15],[-114.98,32.18],[-115.05,32.25],[-114.97,32.34],[-114.93,32.48],[-114.82,32.48],[-114.81,32.61],[-114.77,32.64],[-114.7,32.75],[-114.62,32.73],[-114.53,32.76],[-114.53,32.79],[-114.47,32.84],[-114.46,32.91],[-114.52,33.03],[-114.62,33.03],[-114.71,33.09],[-114.68,33.16],[-114.68,33.27],[-114.72,33.29],[-114.7,33.36],[-114.72,33.4],[-114.65,33.41],[-114.56,33.53],[-114.53,33.55],[-114.53,33.68],[-114.5,33.7],[-114.53,33.93],[-114.46,34],[-114.42,34.11],[-114.33,34.14],[-114.23,34.19],[-114.14,34.3],[-114.34,34.45],[-114.38,34.46],[-114.38,34.52],[-114.44,34.59],[-114.47,34.71],[-114.56,34.77],[-114.64,34.89],[-114.64,35.02],[-114.58,35.13],[-114.57,35.19],[-114.61,35.36],[-114.68,35.5],[-114.66,35.62],[-114.69,35.65],[-114.71,35.91],[-114.74,35.98],[-114.74,36.1],[-114.57,36.15],[-114.51,36.13],[-114.38,36.14],[-114.31,36.06],[-114.24,36.01],[-114.14,36.04],[-114.12,36.11],[-114.05,36.2],[-114.05,36.68],[-114.05,37],[-114.05,37.57],[-114.05,37.82],[-114.05,38.24],[-114.05,38.95],[-114.05,39.54],[-114.05,40.12],[-114.04,40.73],[-114.04,41],[-114.04,41.99],[-115.14,42],[-115.99,42],[-116.38,42],[-117.03,42],[-117.03,42.45],[-117.47,42.45],[-118.22,42.45],[-118.22,42.91],[-118.23,42.91],[-118.23,43.35],[-118.23,43.78],[-118.23,44.26],[-118.15,44.27],[-118.03,44.42],[-117.97,44.44],[-117.59,44.44],[-117.49,44.39],[-117.49,44.3],[-117.22,44.3],[-117.19,44.34],[-117.24,44.4],[-117.23,44.48],[-117.14,44.55],[-117.12,44.61],[-117.04,44.75],[-116.93,44.78],[-116.83,44.93],[-116.85,45.02],[-116.73,45.14],[-116.67,45.31],[-116.56,45.5],[-116.46,45.62],[-116.54,45.69],[-116.54,45.73],[-116.59,45.78],[-116.66,45.78],[-116.7,45.82],[-116.76,45.82],[-116.79,45.86],[-116.73,45.9],[-116.75,45.94],[-116.7,46],[-116.61,46.01],[-116.52,45.97],[-116.44,45.96],[-116.41,45.9],[-116.3,45.86],[-116.33,45.74],[-116.32,45.67],[-116.27,45.61],[-116.31,45.57],[-116.29,45.42],[-116.21,45.4],[-116,45.43],[-115.94,45.46],[-115.8,45.47],[-115.69,45.44],[-115.61,45.4],[-115.52,45.38],[-115.43,45.46],[-115.34,45.48],[-115.3,45.54],[-115.21,45.57],[-115.06,45.51],[-114.98,45.49],[-114.89,45.43],[-114.75,45.4],[-114.8,45.48],[-114.77,45.51],[-114.66,45.47],[-114.58,45.54],[-114.5,45.67],[-114.5,45.72],[-114.57,45.77],[-114.5,45.85],[-114.41,45.87],[-114.43,45.94],[-114.41,45.98],[-114.48,46.03],[-114.46,46.09],[-114.52,46.13],[-114.45,46.17],[-114.47,46.27],[-114.43,46.31],[-114.42,46.39],[-114.37,46.44],[-114.4,46.48],[-114.34,46.52],[-114.32,46.65],[-114.36,46.67],[-114.47,46.63],[-114.61,46.64],[-114.62,46.71],[-114.77,46.76],[-114.92,46.83],[-114.94,46.9],[-115,46.97],[-115.05,46.97],[-115.11,47.05],[-115.2,47.14],[-115.3,47.19],[-115.34,47.26],[-115.53,47.3],[-115.55,47.35],[-115.75,47.44],[-115.69,47.46],[-115.71,47.52],[-115.69,47.59],[-115.74,47.66],[-115.72,47.69],[-115.82,47.75],[-115.85,47.83],[-115.9,47.84],[-116.05,47.98],[-116.05,48.31],[-116.05,49],[-117.13,49],[-117.99,49],[-118.69,49],[-119.27,49],[-120.04,49],[-120.67,49],[-121.76,49],[-122.54,49],[-123.32,49],[-123.01,48.83],[-123.01,48.77],[-123.27,48.69],[-123.22,48.55],[-123.16,48.45],[-123.12,48.42],[-123.25,48.28],[-123.54,48.22],[-123.68,48.24],[-124.01,48.3],[-124.73,48.49],[-124.84,48.51],[-125,48.5]]],[[[-115.45,27.92],[-114.95,28.04],[-114.93,28.2],[-114.98,28.4],[-115.06,28.51],[-115.14,28.56],[-115.2,28.58],[-115.3,28.57],[-115.37,28.55],[-115.44,28.5],[-115.51,28.52],[-115.66,28.51],[-115.74,28.47],[-115.79,28.43],[-115.83,28.32],[-115.82,28.24],[-115.78,28.18],[-115.72,28.13],[-115.61,28.1],[-115.57,27.99],[-115.45,27.92]]],[[[-118.03,29.17],[-118.04,29.27],[-118.11,29.35],[-118.2,29.39],[-118.29,29.4],[-118.41,29.37],[-118.51,29.32],[-118.55,29.29],[-118.6,29.2],[-118.59,29.07],[-118.54,28.96],[-118.53,28.85],[-118.5,28.77],[-118.42,28.69],[-118.33,28.65],[-118.19,28.66],[-118.09,28.73],[-118.02,28.84],[-117.99,28.94],[-118,29.12],[-118.03,29.17]]]]},"properties":{"tzid":"America/Los_Angeles"}},
{"type":"Feature","geometry":{"type":"Polygon","coordinates":[[[-55.91,46.65],[-55.98,46.8],[-56.1,46.86],[-56.13,46.93],[-56.1,47.1],[-56.25,47.31],[-56.4,47.34],[-56.52,47.31],[-56.64,47.24],[-56.69,47.16],[-56.69,47.09],[-56.65,46.94],[-56.69,46.89],[-56.69,46.77],[-56.64,46.7],[-56.51,46.62],[-56.32,46.56],[-56.24,46.55],[-56.1,46.56],[-56,46.59],[-55.91,46.65]]]},"properties":{"tzid":"America/Miquelon"}},
{"type":"Feature","geometry":{"type":"MultiPolygon","coordinates":[[[[-29.32,1.12],[-29.4,1.11],[-29.49,1.06],[-29.53,1],[-29.55,0.9],[-29.5,0.79],[-29.45,0.74],[-29.38,0.72],[-29.28,0.72],[-29.25,0.74],[-29.18,0.81],[-29.15,0.88],[-29.15,0.95],[-29.19,1.05],[-29.25,1.09],[-29.32,1.12]]],[[[-32.26,-3.64],[-32.39,-3.6],[-32.5,-3.64],[-32.62,-3.73],[-32.65,-3.78],[-32.68,-3.86],[-32.67,-3.93],[-32.61,-4.02],[-32.5,-4.08],[-32.35,-4.07],[-32.23,-3.99],[-32.18,-3.91],[-32.17,-3.84],[-32.2,-3.71],[-32.26,-3.64]]],[[[-27.23,-59.22],[-27.47,-59.22],[-27.58,-59.25],[-27.74,-59.33],[-27.8,-59.4],[-27.8,-59.47],[-27.76,-59.54],[-27.58,-59.63],[-27.39,-59.66],[-27.12,-59.67],[-26.95,-59.66],[-26.84,-59.63],[-26.7,-59.55],[-26.67,-59.46],[-26.69,-59.37],[-26.77,-59.28],[-26.87,-59.24],[-27.03,-59.21],[-27.23,-59.22]]],[[[-26.7,-59.24],[-26.53,-59.26],[-26.4,-59.25],[-26.21,-59.19],[-26.12,-59.13],[-26.07,-59.07],[-26.07,-58.97],[-26.17,-58.87],[-26.35,-58.79],[-26.48,-58.77],[-26.72,-58.79],[-27.02,-58.89],[-27.07,-58.93],[-27.12,-59.02],[-27.06,-59.13],[-26.96,-59.19],[-26.84,-59.23],[-26.7,-59.24]]],[[[-26.36,-58.18],[-26.58,-58.21],[-26.76,-58.29],[-26.83,-58.35],[-26.86,-58.42],[-26.85,-58.5],[-26.79,-58.58],[-26.63,-58.66],[-26.35,-58.71],[-26.21,-58.71],[-26.1,-58.69],[-25.97,-58.63],[-25.89,-58.55],[-25.9,-58.38],[-26.03,-58.26],[-26.18,-58.2],[-26.36,-58.18]]],[[[-26.39,-58.02],[-26.16,-57.97],[-26.08,-57.93],[-26.02,-57.86],[-26.01,-57.78],[-26.09,-57.68],[-26.22,-57.61],[-26.4,-57.57],[-26.55,-57.56],[-26.72,-57.6],[-26.8,-57.65],[-26.89,-57.72],[-26.92,-57.81],[-26.87,-57.91],[-26.8,-57.96],[-26.65,-58.01],[-26.55,-58.03],[-26.39,-58.02]]],[[[-26.67,-56.88],[-26.78,-56.87],[-27.02,-56.93],[-27.12,-56.98],[-27.21,-57.09],[-27.19,-57.19],[-27.06,-57.29],[-26.91,-57.32],[-26.74,-57.33],[-26.56,-57.3],[-26.42,-57.25],[-26.37,-57.21],[-26.32,-57.12],[-26.34,-57.03],[-26.4,-56.97],[-26.49,-56.92],[-26.67,-56.88]]],[[[-27.61,-56.75],[-27.54,-56.84],[-27.47,-56.88],[-27.32,-56.92],[-27.1,-56.92],[-26.95,-56.89],[-26.85,-56.84],[-26.78,-56.76],[-26.77,-56.68],[-26.81,-56.62],[-26.9,-56.55],[-27.09,-56.49],[-27.2,-56.48],[-27.39,-56.51],[-27.53,-56.57],[-27.62,-56.68],[-27.61,-56.75]]],[[[-27.97,-56.3],[-27.94,-56.37],[-27.82,-56.47],[-27.69,-56.51],[-27.49,-56.51],[-27.36,-56.48],[-27.26,-56.42],[-27.18,-56.31],[-27.19,-56.26],[-27.28,-56.16],[-27.34,-56.13],[-27.48,-56.09],[-27.61,-56.08],[-27.79,-56.12],[-27.87,-56.16],[-27.95,-56.23],[-27.97,-56.3]]],[[[-27.97,-56.86],[-27.8,-56.8],[-27.73,-56.69],[-27.75,-56.61],[-27.82,-56.54],[-28,-56.47],[-28.09,-56.47],[-28.3,-56.5],[-28.42,-56.58],[-28.47,-56.67],[-28.44,-56.74],[-28.35,-56.82],[-28.19,-56.87],[-27.97,-56.86]]],[[[-41.91,-53.36],[-42.01,-53.35],[-42.15,-53.36],[-42.24,-53.4],[-42.32,-53.46],[-42.36,-53.55],[-42.34,-53.61],[-42.28,-53.68],[-42.21,-53.72],[-42.05,-53.75],[-41.95,-53.81],[-41.8,-53.84],[-41.71,-53.83],[-41.57,-53.8],[-41.47,-53.72],[-41.44,-53.62],[-41.51,-53.51],[-41.62,-53.46],[-41.74,-53.44],[-41.91,-53.36]]],[[[-34.29,-55.07],[-34.28,-54.97],[-34.34,-54.9],[-34.43,-54.85],[-34.54,-54.82],[-34.73,-54.82],[-34.94,-54.87],[-35.03,-54.92],[-35.09,-55.04],[-35.06,-55.12],[-34.96,-55.19],[-34.78,-55.24],[-34.6,-55.23],[-34.45,-55.2],[-34.36,-55.15],[-34.29,-55.07]]],[[[-37.5,-53.77],[-37.77,-53.78],[-38.04,-53.8],[-38.29,-53.79],[-38.42,-53.8],[-38.51,-53.83],[-38.63,-53.93],[-38.65,-54],[-38.63,-54.06],[-38.53,-54.16],[-38.39,-54.21],[-37.96,-54.31],[-37.36,-54.66],[-36.93,-54.81],[-36.56,-54.92],[-36.34,-55.08],[-36.2,-55.12],[-36.09,-55.13],[-35.96,-55.1],[-35.59,-54.99],[-35.49,-54.94],[-35.43,-54.85],[-35.39,-54.68],[-35.44,-54.59],[-35.65,-54.41],[-35.89,-54.26],[-35.98,-54.17],[-36.11,-54.09],[-36.43,-53.96],[-36.53,-53.93],[-37.39,-53.77],[-37.5,-53.77]]]]},"properties":{"tzid":"America/Noronha"}},
{"type":"Feature","geometry":{"type":"Polygon","coordinates":[[[-64.38,75.68],[-60.73,75.33],[-58.7,74.6],[-58.57,74.02],[-58.54,73.97],[-57.59,72.98],[-57.27,72.71],[-56.68,72.1],[-56.49,71.66],[-56.43,71.6],[-56.11,71.41],[-55.61,70.32],[-55.51,69.84],[-55.54,69.67],[-55.44,69.58],[-55.23,69.47],[-54.76,69.28],[-54.3,68.28],[-54.49,67.82],[-54.64,67.01],[-54.63,66.96],[-54.41,66.4],[-54.28,66.18],[-53.71,65.44],[-52.79,64.37],[-52.64,63.97],[-52.5,63.84],[-51.78,63.31],[-51.58,63.07],[-51.36,62.92],[-50.95,62.61],[-50.76,62.4],[-50.65,62.3],[-50.19,61.85],[-49.99,61.66],[-49.71,61.41],[-49.31,61.14],[-48.84,60.65],[-48.71,60.57],[-48.54,60.53],[-47.74,60.39],[-45.57,59.81],[-45.22,59.68],[-45.09,59.65],[-44.12,59.52],[-43.95,59.52],[-43.59,59.58],[-42.99,59.74],[-42.89,59.78],[-42.72,59.9],[-42.65,59.98],[-42.21,60.84],[-41.82,61.49],[-41.65,61.77],[-41.25,62.58],[-41.15,62.79],[-40.81,63.01],[-40.23,63.47],[-40.07,63.65],[-39.76,64.28],[-39.34,64.85],[-37.5,65.19],[-36.88,65.31],[-36.49,65.37],[-36.33,65.41],[-35.8,65.61],[-34.32,66.23],[-33.83,66.45],[-33.43,66.62],[-33.33,66.67],[-33.15,66.82],[-32.11,67.46],[-30.28,67.9],[-29.97,67.94],[-29.22,68.05],[-27.43,68.31],[-26.21,68.52],[-25.36,68.72],[-23.7,69.26],[-22.83,69.52],[-21.9,69.86],[-21.58,70],[-21.51,70.06],[-20.98,70.42],[-20.8,70.61],[-20.78,70.69],[-21.01,71.34],[-21.04,71.57],[-21.34,72.26],[-21.03,72.59],[-20.57,73.04],[-19.83,73.38],[-19.77,73.41],[-19.39,73.69],[-18.71,74.17],[-18.59,74.22],[-17.75,74.5],[-16.73,74.9],[-16.58,75],[-16.54,75.18],[-16.68,75.26],[-17.25,75.49],[-17.49,75.82],[-19.47,75.74],[-22.91,75.95],[-22.67,79.61],[-22.67,79.65],[-19.45,79.5],[-16.77,79.53],[-16.83,79.64],[-16.26,79.86],[-14.78,80.28],[-13.1,80.45],[-12.53,80.54],[-12.38,80.61],[-12.05,80.92],[-11.62,80.99],[-11.35,81.06],[-10.89,81.12],[-10.41,81.2],[-10.14,81.29],[-10.03,81.37],[-10.08,81.43],[-10.35,81.5],[-10.64,81.63],[-11.67,81.8],[-12.27,81.87],[-16.79,82.28],[-19.04,82.82],[-19.98,82.97],[-20.46,83.01],[-23.14,83.36],[-24.2,83.54],[-24.57,83.59],[-25.8,83.69],[-26.5,83.73],[-27.2,83.76],[-30.12,83.87],[-30.81,83.87],[-34.08,83.86],[-37.28,83.8],[-39.22,83.74],[-39.76,83.71],[-40.74,83.61],[-44.43,83.42],[-45.78,83.35],[-47.12,83.26],[-49.83,83.01],[-51.37,82.94],[-51.78,82.91],[-55.95,82.52],[-58.4,82.36],[-59.63,82.3],[-59.99,82.22],[-62.16,81.87],[-64.19,81.3],[-66.27,80.83],[-67.12,80.75],[-68.34,80.42],[-68.65,80.22],[-68.5,80.09],[-68.26,80.02],[-69.11,79.32],[-66.44,79.23],[-66.38,79.12],[-63.73,76.16],[-63.5,76.09],[-64.38,75.68]]]},"properties":{"tzid":"America/Nuuk"}},
{"type":"Feature","geometry":{"type":"MultiPolygon","coordinates":[[[[-78.93,-33.91],[-78.68,-33.86],[-78.59,-33.8],[-78.53,-33.7],[-78.53,-33.64],[-78.56,-33.57],[-78.64,-33.48],[-78.74,-33.43],[-78.82,-33.41],[-78.92,-33.41],[-79.05,-33.46],[-79.14,-33.56],[-79.19,-33.66],[-79.19,-33.72],[-79.15,-33.82],[-79.02,-33.9],[-78.93,-33.91]]],[[[-80.78,-34.02],[-80.65,-33.98],[-80.56,-33.92],[-80.52,-33.79],[-80.53,-33.7],[-80.6,-33.59],[-80.67,-33.54],[-80.73,-33.53],[-80.88,-33.53],[-80.99,-33.59],[-81.06,-33.67],[-81.08,-33.75],[-81.04,-33.88],[-80.97,-33.95],[-80.85,-34.01],[-80.78,-34.02]]],[[[-79.9,-26.55],[-79.79,-26.53],[-79.74,-26.5],[-79.68,-26.45],[-79.65,-26.4],[-79.65,-26.31],[-79.71,-26.2],[-79.78,-26.16],[-79.84,-26.14],[-79.94,-26.14],[-80.05,-26.09],[-80.14,-26.09],[-80.22,-26.12],[-80.28,-26.16],[-80.34,-26.28],[-80.31,-26.39],[-80.25,-26.45],[-80.12,-26.51],[-80.04,-26.51],[-79.9,-26.55]]],[[[-75.13,-43.81],[-74.84,-43.81],[-74.62,-43.76],[-74.31,-43.7],[-74.09,-43.61],[-73.91,-43.59],[-73.71,-43.63],[-73.44,-43.67],[-73.08,-43.74],[-72.93,-43.7],[-72.85,-43.74],[-72.82,-43.64],[-72.77,-43.69],[-72.76,-43.77],[-72.61,-43.76],[-72.5,-43.8],[-72.48,-43.74],[-72.33,-43.68],[-72.31,-43.73],[-72.19,-43.84],[-72.18,-43.9],[-72.12,-43.88],[-72.12,-43.94],[-72.01,-43.97],[-71.95,-43.93],[-71.86,-43.93],[-71.81,-43.95],[-71.82,-44.01],[-71.74,-44.07],[-71.65,-43.95],[-71.67,-43.9],[-71.76,-43.84],[-71.75,-43.79],[-71.7,-43.74],[-71.61,-43.7],[-71.61,-43.63],[-71.69,-43.63],[-71.72,-43.58],[-71.78,-43.54],[-71.87,-43.55],[-71.85,-43.48],[-71.89,-43.45],[-71.9,-43.32],[-71.84,-43.34],[-71.79,-43.3],[-71.73,-43.31],[-71.76,-43.16],[-71.89,-43.13],[-71.94,-43.05],[-72.04,-43.01],[-72.16,-42.82],[-72.15,-42.74],[-72.1,-42.64],[-72.1,-42.6],[-72.01,-42.5],[-72.03,-42.41],[-72.13,-42.38],[-72.13,-42.31],[-72.17,-42.25],[-72.17,-42.14],[-72.09,-42.15],[-72.05,-42.12],[-71.97,-42.15],[-71.93,-42.19],[-71.73,-42.12],[-71.79,-41.96],[-71.76,-41.82],[-71.78,-41.73],[-71.89,-41.61],[-71.84,-41.57],[-71.85,-41.51],[-71.83,-41.43],[-71.91,-41.36],[-71.88,-41.3],[-71.84,-41.15],[-71.85,-41.1],[-71.82,-41.06],[-71.91,-40.97],[-71.85,-40.94],[-71.87,-40.89],[-71.93,-40.83],[-71.95,-40.72],[-71.87,-40.66],[-71.84,-40.61],[-71.87,-40.57],[-71.84,-40.45],[-71.8,-40.41],[-71.71,-40.42],[-71.67,-40.31],[-71.74,-40.31],[-71.83,-40.21],[-71.8,-40.14],[-71.81,-40.08],[-71.7,-40.12],[-71.67,-40.07],[-71.69,-40.04],[-71.59,-39.9],[-71.69,-39.84],[-71.68,-39.77],[-71.71,-39.72],[-71.68,-39.69],[-71.7,-39.59],[-71.61,-39.63],[-71.52,-39.63],[-71.46,-39.58],[-71.53,-39.53],[-71.47,-39.49],[-71.45,-39.4],[-71.4,-39.35],[-71.39,-39.27],[-71.41,-39.1],[-71.44,-38.94],[-71.33,-38.87],[-71.11,-38.78],[-71.03,-38.76],[-70.93,-38.76],[-70.88,-38.7],[-70.91,-38.68],[-70.83,-38.61],[-70.84,-38.54],[-70.98,-38.44],[-71.02,-38.22],[-71,-38.17],[-71.04,-38.12],[-70.98,-38.11],[-71.05,-38.05],[-71.06,-37.97],[-71.11,-37.95],[-71.11,-37.89],[-71.17,-37.78],[-71.16,-37.76],[-71.21,-37.7],[-71.18,-37.61],[-71.13,-37.58],[-71.12,-37.46],[-71.22,-37.3],[-71.11,-37.21],[-71.14,-37.17],[-71.09,-37.11],[-71.14,-37.07],[-71.17,-37],[-71.1,-36.97],[-71.14,-36.93],[-71.18,-36.84],[-71.13,-36.81],[-71.11,-36.73],[-71.01,-36.7],[-71.05,-36.57],[-71.04,-36.48],[-70.96,-36.51],[-70.89,-36.47],[-70.89,-36.4],[-70.71,-36.43],[-70.68,-36.38],[-70.71,-36.35],[-70.71,-36.27],[-70.53,-36.14],[-70.49,-36.18],[-70.42,-36.16],[-70.41,-36.06],[-70.37,-36.04],[-70.42,-35.88],[-70.33,-35.83],[-70.38,-35.79],[-70.36,-35.75],[-70.41,-35.65],[-70.38,-35.61],[-70.45,-35.46],[-70.45,-35.39],[-70.42,-35.35],[-70.45,-35.32],[-70.57,-35.3],[-70.58,-35.27],[-70.54,-35.2],[-70.47,-35.2],[-70.39,-35.17],[-70.36,-35.14],[-70.38,-35.05],[-70.25,-34.79],[-70.31,-34.77],[-70.21,-34.68],[-70.22,-34.61],[-70.15,-34.53],[-70.13,-34.49],[-70.08,-34.47],[-70.01,-34.41],[-70.03,-34.29],[-69.97,-34.25],[-69.9,-34.27],[-69.81,-34.25],[-69.8,-34.19],[-69.87,-34.13],[-69.83,-34.09],[-69.83,-34.02],[-69.89,-33.93],[-69.86,-33.89],[-69.9,-33.85],[-69.9,-33.77],[-69.86,-33.71],[-69.88,-33.68],[-69.87,-33.58],[-69.82,-33.43],[-69.77,-33.36],[-69.8,-33.29],[-69.92,-33.26],[-70,-33.32],[-70.03,-33.23],[-70.06,-33.21],[-70.08,-33.03],[-70.02,-33.01],[-70,-32.88],[-70.11,-32.8],[-70.17,-32.63],[-70.12,-32.54],[-70.15,-32.47],[-70.24,-32.43],[-70.22,-32.32],[-70.32,-32.27],[-70.31,-32.14],[-70.34,-32.07],[-70.25,-32.02],[-70.21,-31.98],[-70.28,-31.88],[-70.39,-31.88],[-70.46,-31.84],[-70.47,-31.7],[-70.57,-31.6],[-70.55,-31.51],[-70.57,-31.47],[-70.53,-31.38],[-70.55,-31.31],[-70.52,-31.23],[-70.5,-31.13],[-70.43,-31.1],[-70.41,-31.17],[-70.32,-31.04],[-70.3,-30.96],[-70.32,-30.92],[-70.28,-30.81],[-70.25,-30.63],[-70.18,-30.51],[-70.2,-30.49],[-70.12,-30.43],[-70.14,-30.37],[-70.1,-30.36],[-70.06,-30.39],[-69.96,-30.39],[-69.9,-30.34],[-69.89,-30.22],[-69.84,-30.22],[-69.81,-30.15],[-69.96,-30.07],[-69.91,-30.03],[-69.9,-29.88],[-69.91,-29.81],[-69.88,-29.73],[-69.94,-29.65],[-69.93,-29.58],[-69.97,-29.41],[-70.02,-29.38],[-70,-29.29],[-69.95,-29.26],[-69.93,-29.19],[-69.88,-29.14],[-69.79,-29.13],[-69.79,-29.03],[-69.75,-28.96],[-69.77,-28.92],[-69.69,-28.77],[-69.73,-28.74],[-69.73,-28.67],[-69.7,-28.6],[-69.66,-28.58],[-69.67,-28.46],[-69.63,-28.38],[-69.52,-28.33],[-69.46,-28.18],[-69.34,-28.16],[-69.27,-28.01],[-69.18,-27.97],[-69.13,-27.91],[-69.09,-27.79],[-69.05,-27.62],[-68.98,-27.56],[-68.94,-27.52],[-68.94,-27.44],[-68.87,-27.32],[-68.87,-27.26],[-68.84,-27.15],[-68.78,-27.1],[-68.67,-27.1],[-68.62,-27.17],[-68.57,-27.18],[-68.56,-27.12],[-68.5,-27.14],[-68.43,-27.07],[-68.35,-27.03],[-68.28,-26.9],[-68.37,-26.8],[-68.59,-26.49],[-68.56,-26.29],[-68.38,-26.18],[-68.48,-25.71],[-68.54,-25.64],[-68.53,-25.57],[-68.57,-25.49],[-68.59,-25.43],[-68.52,-25.37],[-68.54,-25.3],[-68.51,-25.18],[-68.46,-25.13],[-68.41,-25.15],[-68.34,-25.11],[-68.41,-25.03],[-68.43,-24.91],[-68.49,-24.9],[-68.57,-24.8],[-68.54,-24.72],[-68.49,-24.66],[-68.5,-24.62],[-68.44,-24.61],[-68.39,-24.48],[-68.31,-24.49],[-68.25,-24.4],[-67.96,-24.28],[-67.32,-24.03],[-67.09,-23.31],[-66.99,-23],[-67.18,-22.81],[-67.57,-22.9],[-67.8,-22.88],[-67.88,-22.83],[-67.87,-22.74],[-67.88,-22.64],[-67.84,-22.59],[-67.85,-22.53],[-67.89,-22.5],[-67.9,-22.4],[-67.93,-22.39],[-67.94,-22.29],[-67.92,-22.28],[-67.96,-22.15],[-67.94,-22.11],[-67.97,-22.05],[-68.07,-21.98],[-68.06,-21.77],[-68.18,-21.6],[-68.18,-21.3],[-68.3,-21.1],[-68.41,-20.93],[-68.49,-20.95],[-68.55,-20.88],[-68.54,-20.8],[-68.55,-20.73],[-68.45,-20.65],[-68.53,-20.57],[-68.57,-20.57],[-68.74,-20.46],[-68.74,-20.37],[-68.67,-20.36],[-68.72,-20.23],[-68.71,-20.13],[-68.77,-20.13],[-68.76,-20.08],[-68.64,-20.05],[-68.57,-20.05],[-68.52,-19.92],[-68.53,-19.85],[-68.6,-19.83],[-68.62,-19.79],[-68.69,-19.75],[-68.62,-19.7],[-68.6,-19.64],[-68.44,-19.44],[-68.4,-19.42],[-68.54,-19.3],[-68.62,-19.28],[-68.63,-19.25],[-68.81,-19.08],[-68.89,-19.04],[-68.95,-18.94],[-68.93,-18.91],[-68.93,-18.84],[-68.98,-18.74],[-68.98,-18.68],[-69.03,-18.63],[-69,-18.48],[-69.05,-18.43],[-69.07,-18.29],[-69.06,-18.23],[-69.14,-18.17],[-69.07,-18.07],[-69.12,-18.01],[-69.28,-17.97],[-69.31,-17.9],[-69.3,-17.85],[-69.34,-17.72],[-69.47,-17.6],[-69.47,-17.5],[-69.55,-17.58],[-69.67,-17.66],[-69.8,-17.65],[-69.83,-17.71],[-69.8,-17.76],[-69.8,-17.87],[-69.75,-17.95],[-69.75,-17.99],[-69.82,-18.12],[-69.86,-18.17],[-69.97,-18.26],[-70.05,-18.27],[-70.15,-18.32],[-70.3,-18.31],[-70.38,-18.35],[-70.59,-18.35],[-70.58,-18.4],[-70.54,-18.48],[-70.56,-18.62],[-70.55,-18.7],[-70.57,-18.82],[-70.54,-18.93],[-70.53,-19.04],[-70.49,-19.17],[-70.5,-19.32],[-70.48,-19.39],[-70.43,-19.51],[-70.45,-19.6],[-70.43,-19.7],[-70.38,-19.76],[-70.38,-19.84],[-70.34,-20.02],[-70.38,-20.2],[-70.37,-20.26],[-70.4,-20.37],[-70.39,-20.44],[-70.41,-20.54],[-70.41,-20.67],[-70.42,-20.81],[-70.41,-20.89],[-70.37,-20.94],[-70.39,-21.07],[-70.3,-21.27],[-70.31,-21.37],[-70.29,-21.44],[-70.3,-21.5],[-70.34,-21.54],[-70.36,-21.62],[-70.37,-21.79],[-70.4,-21.85],[-70.4,-21.94],[-70.43,-22.05],[-70.46,-22.26],[-70.5,-22.57],[-70.51,-22.67],[-70.53,-22.73],[-70.53,-22.83],[-70.6,-22.84],[-70.7,-22.91],[-70.77,-22.99],[-70.79,-23.05],[-70.8,-23.14],[-70.82,-23.22],[-70.83,-23.39],[-70.85,-23.49],[-70.82,-23.6],[-70.76,-23.68],[-70.7,-23.71],[-70.74,-23.84],[-70.73,-24.07],[-70.74,-24.18],[-70.77,-24.3],[-70.77,-24.41],[-70.8,-24.51],[-70.79,-24.61],[-70.8,-24.74],[-70.77,-24.84],[-70.74,-24.96],[-70.71,-25.02],[-70.73,-25.08],[-70.71,-25.18],[-70.67,-25.25],[-70.72,-25.33],[-70.8,-25.38],[-70.87,-25.5],[-70.87,-25.56],[-70.95,-25.72],[-70.96,-25.85],[-70.94,-25.91],[-70.88,-26.02],[-70.92,-26.11],[-70.91,-26.2],[-70.89,-26.25],[-70.92,-26.36],[-70.93,-26.56],[-71.04,-26.8],[-71.06,-26.87],[-71.05,-26.94],[-71.13,-27.01],[-71.19,-27.12],[-71.2,-27.23],[-71.19,-27.4],[-71.15,-27.49],[-71.22,-27.54],[-71.33,-27.81],[-71.4,-28.05],[-71.41,-28.12],[-71.39,-28.2],[-71.43,-28.31],[-71.49,-28.39],[-71.54,-28.54],[-71.54,-28.62],[-71.57,-28.66],[-71.65,-28.71],[-71.79,-28.93],[-71.82,-29.04],[-71.8,-29.13],[-71.76,-29.18],[-71.78,-29.26],[-71.76,-29.35],[-71.72,-29.42],[-71.78,-29.52],[-71.77,-29.63],[-71.69,-29.74],[-71.57,-29.79],[-71.56,-29.84],[-71.61,-29.89],[-71.64,-29.95],[-71.64,-30.04],[-71.75,-30.07],[-71.83,-30.14],[-71.87,-30.22],[-71.91,-30.32],[-71.93,-30.5],[-71.95,-30.59],[-71.95,-30.72],[-71.91,-30.95],[-71.89,-31.01],[-71.9,-31.13],[-71.84,-31.44],[-71.81,-31.54],[-71.81,-31.62],[-71.78,-31.72],[-71.79,-31.84],[-71.76,-31.95],[-71.76,-32.06],[-71.78,-32.22],[-71.75,-32.3],[-71.69,-32.42],[-71.71,-32.5],[-71.7,-32.6],[-71.77,-32.72],[-71.78,-32.85],[-71.92,-32.97],[-71.98,-33.08],[-71.97,-33.15],[-71.92,-33.3],[-71.95,-33.45],[-71.93,-33.51],[-71.87,-33.58],[-71.98,-33.65],[-72.01,-33.69],[-72.07,-33.83],[-72.23,-34.05],[-72.25,-34.11],[-72.22,-34.27],[-72.26,-34.33],[-72.29,-34.42],[-72.29,-34.61],[-72.3,-34.66],[-72.37,-34.75],[-72.42,-34.86],[-72.43,-35],[-72.51,-35.05],[-72.59,-35.12],[-72.64,-35.22],[-72.73,-35.33],[-72.74,-35.38],[-72.84,-35.48],[-72.87,-35.55],[-72.88,-35.64],[-72.84,-35.72],[-72.9,-35.79],[-72.98,-35.85],[-73.01,-35.9],[-73.06,-36.07],[-73.06,-36.24],[-73.13,-36.37],[-73.19,-36.42],[-73.31,-36.48],[-73.38,-36.62],[-73.45,-36.71],[-73.47,-36.77],[-73.63,-36.77],[-73.72,-36.82],[-73.77,-36.88],[-73.81,-37.04],[-73.86,-37.09],[-73.9,-37.19],[-73.93,-37.3],[-73.94,-37.37],[-73.88,-37.49],[-73.93,-37.6],[-73.93,-37.65],[-73.9,-37.78],[-73.78,-37.94],[-73.71,-38.09],[-73.7,-38.13],[-73.75,-38.18],[-73.83,-38.14],[-73.91,-38.12],[-74.01,-38.12],[-74.13,-38.17],[-74.18,-38.22],[-74.21,-38.29],[-74.2,-38.41],[-74.13,-38.54],[-74.05,-38.61],[-73.98,-38.64],[-73.86,-38.64],[-73.76,-38.61],[-73.72,-38.75],[-73.66,-38.85],[-73.57,-39.04],[-73.49,-39.27],[-73.49,-39.33],[-73.54,-39.51],[-73.65,-39.63],[-73.69,-39.75],[-73.84,-39.81],[-73.9,-39.86],[-73.96,-39.96],[-73.94,-40.09],[-73.98,-40.15],[-74.01,-40.28],[-74.04,-40.46],[-74.02,-40.53],[-74.09,-40.61],[-74.15,-40.85],[-74.2,-40.93],[-74.21,-40.99],[-74.17,-41.2],[-74.11,-41.34],[-74.12,-41.41],[-74.32,-41.73],[-74.34,-41.77],[-74.48,-42.24],[-74.61,-42.8],[-74.7,-43.18],[-75.03,-43.41],[-75.09,-43.48],[-75.15,-43.63],[-75.13,-43.81]]]]},"properties":{"tzid":"America/Santiago"}},
{"type":"Feature","geometry":{"type":"MultiPolygon","coordinates":[[[[-52.87,49.76],[-52.93,49.88],[-53.08,49.95],[-53.24,49.96],[-53.34,49.93],[-53.44,49.88],[-53.5,49.76],[-53.48,49.69],[-53.41,49.62],[-53.32,49.57],[-53.17,49.55],[-53,49.59],[-52.92,49.65],[-52.87,49.76]]],[[[-55.91,46.65],[-55.73,46.64],[-55.38,46.67],[-54.3,46.62],[-54.22,46.59],[-53.71,46.43],[-53.6,46.41],[-53.14,46.43],[-52.99,46.46],[-52.9,46.5],[-52.83,46.55],[-52.7,46.68],[-52.63,46.81],[-52.56,46.99],[-52.56,47.04],[-52.47,47.24],[-52.38,47.36],[-52.33,47.49],[-52.33,47.56],[-52.38,47.71],[-52.43,47.82],[-52.49,47.89],[-52.5,48.19],[-52.7,48.57],[-52.7,48.65],[-52.77,48.76],[-52.82,48.81],[-53.07,49.24],[-53.16,49.35],[-53.23,49.41],[-53.34,49.46],[-53.5,49.7],[-53.78,49.94],[-53.97,50.02],[-54.52,50.09],[-55.21,50.18],[-55.34,50.26],[-55.15,50.74],[-55.14,50.82],[-55.22,50.93],[-55.21,50.99],[-55.24,51.08],[-55.34,51.15],[-55.22,51.27],[-55.06,51.5],[-55.03,51.62],[-55.08,51.79],[-54.97,51.94],[-54.95,52.01],[-54.99,52.1],[-55.04,52.15],[-55.21,52.21],[-55.23,52.29],[-55.31,52.49],[-55.42,52.71],[-55.45,52.88],[-55.42,52.95],[-55.36,53.17],[-55.28,53.4],[-55.31,53.53],[-55.5,53.7],[-56.01,53.5],[-56.09,53.48],[-57.11,53.25],[-57.11,52],[-57.11,51.38],[-57.3,51.14],[-57.74,51],[-58.11,50.64],[-58.5,50.27],[-60.48,48.78],[-60.46,48.53],[-60.4,47.76],[-59.29,47.37],[-59.16,47.36],[-58.95,47.37],[-58.24,47.44],[-57.75,47.36],[-57.55,47.31],[-57.08,47.19],[-56.97,47.18],[-56.85,47.19],[-56.77,47.23],[-56.62,47.36],[-56.54,47.39],[-56.4,47.34],[-56.25,47.31],[-56.1,47.1],[-56.13,46.93],[-56.1,46.86],[-55.98,46.8],[-55.91,46.65]]]]},"properties":{"tzid":"America/St_Johns"}},
{"type":"Feature","geometry":{"type":"MultiPolygon","coordinates":[[[[115.6,10.73],[115.61,10.68],[115.65,10.6],[115.72,10.55],[115.8,10.53],[115.91,10.56],[115.97,10.61],[115.99,10.66],[116.03,10.81],[116.01,10.9],[115.98,10.95],[115.88,11.01],[115.8,11.02],[115.68,10.96],[115.63,10.87],[115.6,10.73]]],[[[114.82,11.08],[114.83,11.02],[114.88,10.94],[114.92,10.9],[115,10.88],[115.06,10.88],[115.15,10.92],[115.2,10.97],[115.23,11.04],[115.21,11.16],[115.17,11.23],[115.07,11.28],[114.97,11.28],[114.91,11.25],[114.84,11.17],[114.82,11.08]]],[[[114.18,11.56],[114.29,11.49],[114.41,11.38],[114.49,11.3],[114.53,11.35],[114.56,11.45],[114.55,11.52],[114.51,11.59],[114.41,11.65],[114.29,11.65],[114.23,11.61],[114.18,11.56]]],[[[114.18,11.23],[114.1,11.14],[114.04,11.14],[113.97,11.1],[113.92,11.05],[113.87,10.94],[113.88,10.84],[113.92,10.78],[113.97,10.73],[114.07,10.71],[114.15,10.72],[114.19,10.61],[114.26,10.55],[114.45,10.55],[114.53,10.55],[114.69,10.58],[114.72,10.64],[114.73,10.76],[114.7,10.83],[114.65,10.88],[114.55,10.91],[114.46,10.9],[114.49,11.05],[114.48,11.13],[114.4,11.22],[114.18,11.23]]],[[[127.75,3.41],[127.09,3.84],[127.35,4.56],[127.36,4.67],[127.34,4.81],[127.31,4.88],[126.76,5.68],[126.7,5.74],[126.62,5.76],[126.53,5.76],[126.46,5.73],[126.11,5.46],[125.63,5.1],[125.33,4.88],[125.27,4.79],[125.23,4.72],[125.12,4.26],[124.96,2.79],[124.55,1.86],[124.23,1.35],[123.12,1.25],[122.46,1.34],[121.47,1.51],[120.91,1.58],[120.82,1.57],[120.69,1.51],[120.22,1.23],[119.67,1.58],[119.18,1.93],[118.82,2.35],[118.77,2.53],[118.32,3.93],[118.62,3.9],[118.91,3.93],[118.98,3.96],[119.03,4],[119.08,4.07],[119.11,4.19],[119.14,4.38],[119.58,4.38],[119.96,4.62],[120.78,5.02],[120.81,5.04],[122.02,5.85],[122.11,5.93],[122.32,6.23],[124.18,5.96],[125.2,5.24],[125.25,5.2],[125.32,5.17],[125.42,5.17],[125.55,5.21],[125.63,5.27],[126.35,6.14],[126.39,6.21],[126.78,7.2],[126.8,7.3],[126.8,7.52],[126.77,7.75],[126.68,8.26],[126.54,8.93],[126.37,9.87],[126.16,10.81],[125.76,12.16],[125.69,12.32],[125.6,12.42],[125.42,12.62],[125.23,12.81],[124.47,14.2],[124.44,14.24],[124.34,14.3],[123.12,14.66],[122.46,16.31],[122.63,16.7],[122.66,16.81],[122.71,16.98],[122.74,17.1],[122.73,17.16],[122.55,18.34],[122.37,19.98],[122.17,21.15],[122.14,21.23],[122.09,21.27],[122.01,21.31],[121.89,21.32],[121.82,21.28],[121.75,21.19],[121.58,20.79],[121.03,19.28],[120.43,18.65],[120.36,18.54],[120.15,17.74],[120.14,17.62],[119.6,16.41],[119.58,16.37],[119.55,16.2],[119.54,15.97],[119.58,15.78],[119.81,13.89],[119.65,12.39],[119.07,11.32],[118.45,10.11],[117.49,9.19],[117.33,9.03],[117.19,8.87],[117.09,8.74],[116.73,8.14],[116.71,8.09],[116.69,7.93],[116.7,7.82],[116.74,7.74],[116.83,7.67],[117,7.67],[117.06,7.63],[116.9,7.54],[116.76,7.44],[115.46,6.37],[115.4,6.29],[114.94,5.32],[114.92,5.23],[114.89,5.2],[114.78,5.17],[114.69,5.12],[114.63,5.05],[114.56,5.01],[114.4,4.87],[114.2,4.79],[114.05,4.79],[114,4.77],[113.96,4.82],[113.86,4.79],[113.78,4.72],[113.01,3.54],[111.27,3.05],[111.22,3.02],[111.13,2.94],[110.43,2],[109.83,2.16],[109.65,2.08],[109.62,1.98],[109.56,1.97],[109.54,1.93],[109.55,1.86],[109.59,1.79],[109.62,1.8],[109.69,1.78],[109.67,1.73],[109.66,1.62],[109.78,1.51],[109.84,1.42],[109.93,1.43],[109.96,1.4],[109.98,1.3],[110.06,1.26],[110.1,1.2],[110.17,1.2],[110.21,1.15],[110.21,1.12],[110.28,1.05],[110.3,1],[110.4,1],[110.41,0.95],[110.49,0.88],[110.6,0.86],[110.7,0.88],[110.76,0.92],[110.89,0.98],[110.91,1.03],[111,1.03],[111.14,1.05],[111.23,1.09],[111.39,1.02],[111.49,1.04],[111.55,0.96],[111.6,1.01],[111.67,1.04],[111.72,1.01],[111.77,1.02],[111.82,0.99],[111.86,1],[111.89,1.08],[111.94,1.12],[112.14,1.14],[112.18,1.31],[112.23,1.38],[112.21,1.45],[112.44,1.54],[112.5,1.58],[112.66,1.57],[112.68,1.55],[112.77,1.56],[112.81,1.54],[112.88,1.59],[112.93,1.57],[112.99,1.58],[113.06,1.55],[113.03,1.49],[112.99,1.45],[113.02,1.41],[113.1,1.44],[113.18,1.38],[113.24,1.39],[113.36,1.36],[113.43,1.29],[113.54,1.32],[113.6,1.26],[113.66,1.22],[113.7,1.27],[113.8,1.3],[113.81,1.37],[113.97,1.45],[114.14,1.47],[114.2,1.42],[114.16,1.37],[114.16,1.31],[114.13,1.16],[113.99,1.14],[113.94,1.06],[113.89,1.02],[113.91,0.97],[113.87,0.92],[113.88,0.88],[113.93,0.84],[113.87,0.78],[113.89,0.73],[113.84,0.7],[113.84,0.66],[113.92,0.64],[114.12,0.7],[114.16,0.68],[114.2,0.54],[114.36,0.53],[114.49,0.57],[114.52,0.56],[114.54,0.62],[114.6,0.63],[114.66,0.7],[114.72,0.7],[114.83,0.75],[114.87,0.74],[114.94,0.77],[114.99,0.73],[115.01,0.6],[115.14,0.43],[115.12,0.37],[115.04,0.3],[115.02,0.33],[114.9,0.32],[114.86,0.27],[114.83,0.19],[114.76,0.15],[114.77,0.12],[114.71,0.07],[114.8,0.01],[114.82,-0.04],[114.89,-0.03],[114.92,-0.1],[114.92,-0.23],[114.98,-0.28],[115.01,-0.27],[115.07,-0.15],[115.15,-0.14],[115.17,-0.09],[115.28,-0.05],[115.31,-0.12],[115.26,-0.16],[115.3,-0.21],[115.26,-0.24],[115.23,-0.36],[115.27,-0.45],[115.34,-0.54],[115.38,-0.57],[115.38,-0.64],[115.33,-0.68],[115.35,-0.72],[115.3,-0.74],[115.29,-0.8],[115.38,-0.88],[115.48,-0.88],[115.55,-0.86],[115.63,-0.99],[115.68,-1.01],[115.71,-1.07],[115.77,-1.14],[115.84,-1.1],[115.85,-1.17],[115.78,-1.23],[115.76,-1.29],[115.72,-1.34],[115.63,-1.35],[115.52,-1.43],[115.47,-1.43],[115.39,-1.52],[115.36,-1.59],[115.37,-1.65],[115.35,-1.67],[115.31,-1.8],[115.32,-1.89],[115.39,-1.89],[115.44,-1.94],[115.4,-2.05],[115.36,-2.04],[115.33,-2.09],[115.3,-2.22],[115.25,-2.21],[115.1,-2.31],[115.04,-2.34],[115.01,-2.39],[114.91,-2.46],[114.89,-2.5],[114.79,-2.6],[114.79,-2.68],[114.76,-2.72],[114.67,-2.75],[114.67,-2.8],[114.6,-2.82],[114.62,-2.88],[114.51,-3],[114.55,-3.07],[114.42,-3.18],[114.44,-3.24],[114.37,-3.29],[114.35,-3.35],[114.36,-3.39],[114.35,-3.46],[113.99,-5.19],[114.57,-4.96],[116.48,-5.41],[116.34,-7.56],[115.7,-7.51],[114.94,-7.46],[114.64,-7.75],[114.49,-8.03],[114.43,-8.08],[114.41,-8.17],[114.42,-8.32],[114.55,-8.52],[114.78,-8.64],[114.93,-9.03],[115.19,-9.05],[115.57,-9.02],[115.96,-9.12],[116.98,-9.31],[117.09,-9.3],[118.37,-9.11],[118.76,-9.67],[118.91,-9.84],[118.95,-9.87],[119.99,-10.5],[120.1,-10.54],[120.4,-10.52],[121.19,-11.01],[121.29,-11.03],[121.35,-11.02],[121.84,-10.84],[122.81,-11.2],[122.89,-11.21],[122.97,-11.19],[123.32,-11],[124.5,-10.34],[124.6,-10.28],[124.89,-10.03],[125.16,-9.75],[125.24,-9.61],[125.19,-9.53],[125.09,-9.46],[125.08,-9.39],[125.01,-9.3],[124.98,-9.19],[125.01,-9.17],[125.1,-9.2],[125.18,-9.17],[125.19,-9.03],[125.11,-8.97],[125.09,-9.01],[124.98,-9.07],[124.94,-9.05],[124.93,-8.99],[124.96,-8.88],[124.98,-8.73],[124.98,-8.61],[125,-8.53],[125.12,-8.49],[125.16,-8.46],[125.27,-8.44],[125.44,-8.25],[125.5,-8.2],[125.55,-6.76],[125.6,-4.73],[124.96,-3.76],[124.95,-3.39],[124.96,-2.8],[124.4,-2.56],[124.26,-2.31],[123.92,-1.46],[124.87,-0.55],[125.52,0.25],[125.53,0.94],[125.91,1.74],[126.25,2.04],[127.09,2.9],[127.75,3.41]],[[119.45,5.14],[119.47,5.22],[119.46,5.39],[119.18,5.66],[119.08,5.67],[118.65,6],[118.83,6],[119.13,5.71],[119.48,5.62],[119.51,5.34],[119.58,5.27],[119.52,5.21],[119.52,5.18],[119.45,5.14]],[[117.97,6.6],[117.97,6.84],[117.93,6.9],[118.11,6.81],[117.97,6.6]],[[124.48,-9.17],[124.44,-9.33],[124.38,-9.36],[124.35,-9.42],[124.35,-9.49],[124.29,-9.49],[124.27,-9.41],[124.22,-9.37],[124.15,-9.43],[124.1,-9.41],[124.07,-9.37],[124.06,-9.29],[124.09,-9.21],[124.08,-9.07],[124.26,-9],[124.41,-8.97],[124.49,-8.97],[124.47,-9.12],[124.48,-9.17]]],[[[114.6,10.21],[114.66,10.22],[114.74,10.28],[114.78,10.35],[114.79,10.42],[114.77,10.49],[114.69,10.58],[114.6,10.21]]],[[[117.5,15.21],[117.53,15.05],[117.56,14.99],[117.64,14.93],[117.69,14.91],[117.82,14.9],[117.9,14.92],[117.98,14.96],[118.02,15.02],[118.06,15.13],[118.04,15.22],[117.99,15.28],[117.87,15.38],[117.8,15.42],[117.68,15.42],[117.57,15.37],[117.52,15.28],[117.5,15.21]]],[[[114.09,9.65],[114.13,9.59],[114.19,9.54],[114.26,9.52],[114.34,9.52],[114.45,9.6],[114.32,9.78],[114.09,9.65]]],[[[114.55,10.1],[114.39,10.05],[114.44,9.72],[114.51,9.71],[114.55,10.1]]],[[[114.06,10.09],[114.11,10.02],[114.16,9.99],[114.33,10.05],[114.29,10.35],[114.16,10.4],[114.08,10.34],[114.03,10.27],[114.02,10.22],[114.06,10.09]]],[[[115.48,9.68],[115.53,9.68],[115.66,9.72],[115.72,9.76],[115.76,9.81],[115.78,9.91],[115.77,9.98],[115.69,10.08],[115.63,10.11],[115.5,10.13],[115.45,10.12],[115.38,10.08],[115.3,9.96],[115.31,9.83],[115.38,9.74],[115.48,9.68]]],[[[113.16,9.52],[113.2,9.58],[113.22,9.66],[113.22,9.71],[113.16,9.8],[113.05,9.86],[112.98,9.86],[112.88,9.83],[112.83,9.79],[112.73,9.68],[112.69,9.62],[112.68,9.5],[112.72,9.41],[112.77,9.37],[112.86,9.34],[112.98,9.36],[113.05,9.41],[113.16,9.52]]],[[[112.79,8.67],[112.89,8.67],[112.97,8.72],[113.02,8.79],[113.03,8.89],[112.98,9],[112.92,9.04],[112.84,9.06],[112.78,9.06],[112.7,9.02],[112.79,8.67]]],[[[112.2,15.69],[112.29,15.72],[112.27,15.76],[112.2,15.73],[112.2,15.69]]],[[[112.47,17.11],[112.39,17.16],[112.28,17.2],[111.59,17.31],[111.46,17.31],[111.35,17.27],[111.3,17.24],[111.25,17.15],[110.99,15.83],[110.98,15.76],[111.02,15.67],[111.09,15.6],[111.19,15.57],[111.25,15.58],[112.54,15.82],[112.65,15.86],[112.74,15.93],[112.8,16.03],[112.95,16.62],[112.95,16.71],[112.92,16.77],[112.86,16.84],[112.47,17.11]]],[[[113.54,15.57],[113.61,15.49],[113.88,15.36],[114.07,15.36],[114.18,15.37],[114.28,15.42],[114.35,15.54],[114.57,15.54],[114.66,15.59],[114.74,15.68],[114.97,16.02],[114.99,16.14],[114.9,16.27],[114.82,16.34],[114.67,16.3],[114.51,16.19],[114.22,16.14],[113.98,16.03],[113.83,15.87],[113.78,15.7],[113.62,15.64],[113.54,15.57]]],[[[80.18,42.21],[80.17,42.1],[80.14,42.03],[80.02,42.05],[79.91,42.04],[79.85,42.02],[79.77,41.89],[79.63,41.89],[79.55,41.84],[79.47,41.85],[79.32,41.81],[79.22,41.73],[79.12,41.72],[79.02,41.66],[78.92,41.63],[78.82,41.56],[78.71,41.55],[78.64,41.47],[78.56,41.48],[78.53,41.44],[78.38,41.39],[78.19,41.39],[78.15,41.37],[78.12,41.23],[78.02,41.19],[77.91,41.19],[77.83,41.15],[77.76,41.02],[77.58,40.99],[77.37,41.04],[77.28,41],[77.12,41.03],[77.09,41.06],[76.96,41.06],[76.88,41.03],[76.76,40.95],[76.7,40.79],[76.64,40.76],[76.65,40.62],[76.61,40.61],[76.55,40.55],[76.54,40.47],[76.44,40.39],[76.34,40.35],[76.31,40.41],[76.25,40.42],[76.19,40.38],[76.13,40.4],[75.96,40.37],[75.93,40.33],[75.76,40.3],[75.7,40.28],[75.66,40.35],[75.68,40.42],[75.72,40.47],[75.65,40.51],[75.62,40.55],[75.63,40.62],[75.54,40.65],[75.24,40.46],[75.12,40.46],[75.09,40.43],[74.99,40.45],[74.84,40.52],[74.8,40.43],[74.91,40.35],[74.86,40.32],[74.79,40.35],[74.7,40.33],[74.66,40.27],[74.59,40.28],[74.53,40.21],[74.34,40.09],[74.3,40.11],[74.2,40.12],[73.98,40.05],[73.96,39.98],[73.91,39.92],[73.91,39.87],[73.85,39.84],[73.84,39.76],[73.92,39.73],[73.95,39.62],[73.88,39.54],[73.87,39.48],[73.72,39.46],[73.6,39.46],[73.59,39.41],[73.54,39.31],[73.57,39.24],[73.61,39.25],[73.66,39.16],[73.72,39.11],[73.75,39.03],[73.81,39.04],[73.85,38.95],[73.76,38.94],[73.7,38.88],[73.77,38.78],[73.74,38.73],[73.81,38.66],[73.8,38.61],[73.9,38.58],[73.92,38.54],[73.99,38.52],[74.04,38.54],[74.12,38.64],[74.28,38.6],[74.51,38.47],[74.64,38.45],[74.7,38.42],[74.67,38.38],[74.71,38.29],[74.71,38.21],[74.8,38.2],[74.82,38.08],[74.87,38.03],[74.92,38.02],[74.91,37.86],[75.01,37.78],[74.9,37.67],[74.94,37.6],[74.93,37.57],[75.03,37.5],[75.06,37.52],[75.15,37.42],[75.09,37.37],[75.13,37.32],[74.91,37.27],[74.89,37.23],[74.81,37.21],[74.75,37.28],[74.66,37.23],[74.5,37.24],[74.46,37.15],[74.48,37.1],[74.56,37.03],[74.7,37.09],[74.74,37.02],[74.84,37.02],[74.92,36.98],[75.13,37.01],[75.24,36.96],[75.29,36.98],[75.36,36.96],[75.42,36.89],[75.42,36.77],[75.47,36.72],[75.53,36.77],[75.64,36.77],[75.72,36.75],[75.87,36.67],[75.94,36.6],[75.92,36.57],[75.99,36.51],[76.04,36.41],[75.98,36.34],[76.02,36.3],[76.03,36.24],[76,36.17],[75.93,36.14],[75.96,36.05],[76,36.02],[76.08,36.02],[76.16,35.92],[76.14,35.85],[76.35,35.83],[76.45,35.88],[76.6,35.9],[76.56,35.82],[76.62,35.76],[76.68,35.76],[76.78,35.66],[76.85,35.67],[76.96,35.6],[77.07,35.59],[77.2,35.52],[77.3,35.55],[77.38,35.47],[77.45,35.46],[77.56,35.49],[77.63,35.46],[77.72,35.46],[77.81,35.52],[77.91,35.46],[77.97,35.5],[78.1,35.5],[78.1,35.43],[78.01,35.36],[78.02,35.22],[78.1,35.17],[78.1,35.12],[78.14,35.08],[78.11,35.03],[78.2,34.97],[78.18,34.93],[78.24,34.87],[78.21,34.72],[78.27,34.7],[78.29,34.62],[78.39,34.61],[78.55,34.57],[78.56,34.51],[78.64,34.54],[78.71,34.53],[78.74,34.45],[78.88,34.4],[78.95,34.39],[79.04,34.33],[78.99,34.31],[78.93,34.15],[78.86,34.17],[78.83,34.12],[78.71,34.09],[78.65,34.05],[78.74,34],[78.73,33.92],[78.77,33.84],[78.77,33.74],[78.74,33.68],[78.73,33.57],[78.8,33.49],[78.84,33.42],[78.94,33.39],[78.96,33.34],[79.03,33.32],[79.07,33.22],[79.16,33.18],[79.14,33.11],[79.16,33.02],[79.31,32.93],[79.3,32.89],[79.41,32.79],[79.46,32.71],[79.4,32.6],[79.41,32.52],[79.31,32.56],[79.25,32.52],[79.12,32.45],[79.1,32.37],[78.99,32.37],[78.97,32.34],[78.87,32.41],[78.81,32.43],[78.76,32.57],[78.78,32.62],[78.72,32.67],[78.63,32.65],[78.64,32.61],[78.55,32.62],[78.5,32.58],[78.42,32.57],[78.39,32.54],[78.47,32.44],[78.48,32.33],[78.5,32.28],[78.63,32.13],[78.68,32.11],[78.74,32],[78.78,31.97],[78.74,31.9],[78.73,31.83],[78.7,31.81],[78.76,31.67],[78.85,31.61],[78.74,31.54],[78.72,31.51],[78.8,31.44],[78.75,31.38],[78.78,31.31],[78.83,31.29],[78.91,31.31],[78.94,31.37],[79.02,31.35],[79.02,31.43],[79.08,31.46],[79.14,31.43],[79.22,31.35],[79.25,31.29],[79.23,31.26],[79.3,31.22],[79.32,31.14],[79.41,31.11],[79.43,31.02],[79.51,31.03],[79.55,30.96],[79.6,30.94],[79.78,30.99],[79.86,30.98],[79.93,30.88],[79.99,30.88],[80.05,30.84],[80.11,30.78],[80.18,30.81],[80.25,30.72],[80.19,30.67],[80.21,30.59],[80.32,30.56],[80.35,30.52],[80.42,30.52],[80.5,30.49],[80.54,30.45],[80.61,30.47],[80.72,30.41],[80.83,30.31],[80.91,30.3],[80.93,30.27],[81.03,30.25],[81.03,30.2],[81.11,30.09],[81.09,30.05],[81.17,30.01],[81.27,30.04],[81.28,30.12],[81.4,30.21],[81.42,30.31],[81.4,30.32],[81.44,30.42],[81.54,30.37],[81.56,30.43],[81.62,30.45],[81.75,30.39],[81.94,30.35],[81.99,30.32],[82.11,30.35],[82.13,30.23],[82.2,30.14],[82.17,30.08],[82.28,30.06],[82.42,30.01],[82.5,29.95],[82.53,29.97],[82.6,29.89],[82.7,29.86],[82.74,29.81],[82.77,29.73],[82.82,29.7],[82.93,29.7],[82.96,29.66],[83.04,29.65],[83.07,29.61],[83.15,29.62],[83.22,29.6],[83.28,29.5],[83.35,29.5],[83.37,29.43],[83.41,29.42],[83.44,29.3],[83.51,29.26],[83.52,29.22],[83.63,29.16],[83.71,29.24],[83.77,29.24],[83.81,29.3],[83.96,29.33],[84.12,29.27],[84.17,29.2],[84.19,29.08],[84.25,29.04],[84.23,28.89],[84.33,28.86],[84.39,28.86],[84.44,28.82],[84.44,28.77],[84.49,28.74],[84.63,28.74],[84.7,28.64],[84.86,28.57],[84.95,28.58],[85.06,28.68],[85.12,28.69],[85.16,28.64],[85.19,28.57],[85.15,28.49],[85.12,28.49],[85.13,28.39],[85.11,28.35],[85.29,28.29],[85.38,28.28],[85.41,28.32],[85.46,28.34],[85.66,28.3],[85.68,28.38],[85.74,28.32],[85.75,28.24],[85.85,28.17],[85.9,28.11],[85.9,28.05],[85.98,27.99],[85.95,27.94],[86.06,27.9],[86.12,27.93],[86.08,28.02],[86.08,28.09],[86.16,28.14],[86.22,28.11],[86.2,28.08],[86.23,27.98],[86.29,27.98],[86.41,27.91],[86.51,27.96],[86.54,28.05],[86.6,28.1],[86.64,28.07],[86.69,28.11],[86.74,28.1],[86.75,28.04],[86.83,28.02],[86.87,28.02],[86.93,27.96],[87.04,27.95],[87.11,27.85],[87.23,27.82],[87.26,27.85],[87.32,27.83],[87.43,27.86],[87.45,27.82],[87.58,27.86],[87.61,27.82],[87.66,27.84],[87.73,27.81],[87.83,27.95],[87.87,27.91],[87.93,27.92],[87.99,27.89],[88.03,27.91],[88.1,27.87],[88.13,27.88],[88.14,27.97],[88.19,27.94],[88.47,28.02],[88.49,28.05],[88.63,28.12],[88.67,28.08],[88.75,28.08],[88.84,28.02],[88.84,27.95],[88.89,27.86],[88.86,27.82],[88.84,27.66],[88.77,27.56],[88.78,27.47],[88.81,27.41],[88.92,27.33],[88.91,27.27],[89,27.22],[89.07,27.24],[89.07,27.28],[89.15,27.32],[89.18,27.38],[89.16,27.42],[89.1,27.47],[89.1,27.52],[89.16,27.58],[89.13,27.61],[89.17,27.67],[89.23,27.78],[89.3,27.85],[89.39,27.89],[89.45,27.98],[89.46,28.03],[89.51,28.09],[89.6,28.16],[89.72,28.17],[89.82,28.24],[89.9,28.18],[89.98,28.19],[90.02,28.14],[90.12,28.14],[90.16,28.19],[90.21,28.15],[90.28,28.16],[90.32,28.14],[90.37,28.07],[90.51,28.07],[90.58,28.02],[90.69,28.08],[90.8,28.05],[90.81,28],[90.77,27.93],[90.81,27.92],[90.85,27.86],[90.9,27.86],[90.94,27.91],[91,27.88],[91.1,27.84],[91.13,27.88],[91.14,27.95],[91.19,27.99],[91.25,27.97],[91.31,28.06],[91.47,28.01],[91.48,27.94],[91.59,27.91],[91.57,27.82],[91.66,27.83],[91.73,27.78],[91.83,27.79],[91.87,27.72],[91.92,27.72],[91.98,27.78],[92.05,27.78],[92.24,27.89],[92.29,27.87],[92.32,27.8],[92.42,27.84],[92.48,27.84],[92.64,27.91],[92.7,27.96],[92.74,28.04],[92.66,28.07],[92.68,28.15],[92.74,28.15],[92.79,28.19],[92.83,28.17],[92.92,28.2],[92.94,28.26],[92.99,28.27],[93.15,28.37],[93.17,28.45],[93.25,28.55],[93.33,28.52],[93.39,28.53],[93.46,28.61],[93.5,28.63],[93.52,28.67],[93.62,28.69],[93.64,28.66],[93.71,28.66],[93.79,28.73],[93.9,28.75],[93.97,28.82],[94.08,28.88],[94.13,28.89],[94.18,28.94],[94.26,28.93],[94.27,28.97],[94.34,29],[94.31,29.08],[94.28,29.11],[94.3,29.15],[94.38,29.15],[94.45,29.18],[94.46,29.21],[94.56,29.23],[94.59,29.27],[94.69,29.32],[94.73,29.29],[94.75,29.23],[94.93,29.16],[95.08,29.15],[95.1,29.11],[95.27,29.1],[95.31,29.14],[95.52,29.14],[95.57,29.18],[95.61,29.24],[95.71,29.21],[95.81,29.35],[95.88,29.31],[95.94,29.36],[96.07,29.37],[96.14,29.34],[96.15,29.3],[96.27,29.24],[96.32,29.15],[96.31,29.13],[96.37,29.08],[96.36,29.04],[96.44,28.99],[96.45,28.94],[96.53,28.93],[96.52,28.87],[96.63,28.73],[96.65,28.62],[96.75,28.57],[96.76,28.52],[96.86,28.48],[96.89,28.39],[96.98,28.33],[97.02,28.32],[97.08,28.37],[97.13,28.36],[97.24,28.29],[97.24,28.27],[97.35,28.22],[97.4,28.24],[97.42,28.3],[97.5,28.31],[97.48,28.38],[97.53,28.45],[97.5,28.49],[97.57,28.55],[97.69,28.52],[97.74,28.47],[97.74,28.4],[97.8,28.33],[97.84,28.33],[97.91,28.37],[98.02,28.26],[98.01,28.21],[98.08,28.21],[98.14,28.15],[98.16,28.09],[98.13,27.99],[98.2,27.9],[98.18,27.84],[98.23,27.8],[98.23,27.69],[98.28,27.66],[98.32,27.52],[98.38,27.51],[98.43,27.55],[98.43,27.66],[98.48,27.64],[98.56,27.64],[98.59,27.59],[98.7,27.52],[98.68,27.49],[98.71,27.36],[98.74,27.33],[98.73,27.25],[98.69,27.2],[98.71,27.08],[98.77,27.05],[98.73,27.01],[98.76,26.89],[98.73,26.85],[98.76,26.8],[98.74,26.71],[98.78,26.62],[98.75,26.57],[98.75,26.43],[98.73,26.35],[98.68,26.31],[98.67,26.25],[98.74,26.19],[98.71,26.12],[98.63,26.15],[98.57,26.12],[98.62,25.97],[98.68,25.94],[98.71,25.88],[98.67,25.82],[98.63,25.8],[98.53,25.85],[98.47,25.78],[98.46,25.69],[98.42,25.67],[98.41,25.61],[98.3,25.55],[98.26,25.6],[98.2,25.62],[98.16,25.53],[98.14,25.39],[98.1,25.4],[98.07,25.31],[98.01,25.28],[97.94,25.22],[97.9,25.22],[97.84,25.27],[97.78,25.13],[97.72,25.08],[97.73,24.92],[97.8,24.85],[97.77,24.83],[97.68,24.83],[97.57,24.72],[97.57,24.6],[97.56,24.5],[97.53,24.44],[97.67,24.45],[97.71,24.38],[97.67,24.35],[97.77,24.26],[97.73,24.23],[97.75,24.16],[97.73,24.12],[97.64,24.05],[97.63,24.01],[97.57,23.99],[97.53,23.93],[97.63,23.88],[97.71,23.87],[97.77,23.94],[97.84,23.96],[97.9,24.02],[97.99,24.04],[98.04,24.07],[98.22,24.12],[98.36,24.1],[98.42,24.12],[98.54,24.13],[98.62,24.09],[98.72,24.13],[98.89,24.14],[98.9,24.11],[98.75,23.98],[98.71,23.98],[98.68,23.92],[98.7,23.84],[98.7,23.79],[98.79,23.78],[98.82,23.74],[98.85,23.63],[98.89,23.62],[98.8,23.54],[98.83,23.48],[98.88,23.49],[98.92,23.42],[98.93,23.27],[98.89,23.21],[99,23.16],[99.12,23.09],[99.19,23.11],[99.25,23.08],[99.35,23.14],[99.38,23.1],[99.52,23.08],[99.52,22.99],[99.56,22.91],[99.44,22.92],[99.45,22.85],[99.39,22.82],[99.39,22.76],[99.33,22.75],[99.39,22.58],[99.38,22.5],[99.3,22.41],[99.23,22.3],[99.24,22.25],[99.16,22.17],[99.17,22.15],[99.27,22.1],[99.41,22.1],[99.47,22.14],[99.53,22.11],[99.65,22.1],[99.67,22.08],[99.76,22.07],[99.87,22.03],[99.88,22.07],[99.96,22.05],[100,21.97],[99.94,21.82],[99.99,21.71],[100.07,21.69],[100.12,21.71],[100.17,21.67],[100.11,21.6],[100.13,21.51],[100.21,21.51],[100.25,21.47],[100.35,21.53],[100.43,21.54],[100.48,21.46],[100.57,21.45],[100.72,21.51],[100.89,21.69],[101.01,21.71],[101.09,21.78],[101.12,21.69],[101.15,21.67],[101.17,21.6],[101.15,21.56],[101.21,21.56],[101.19,21.47],[101.2,21.44],[101.14,21.41],[101.19,21.33],[101.25,21.29],[101.22,21.23],[101.28,21.18],[101.39,21.23],[101.48,21.25],[101.61,21.24],[101.59,21.19],[101.67,21.2],[101.72,21.14],[101.76,21.14],[101.79,21.2],[101.83,21.23],[101.8,21.29],[101.76,21.29],[101.73,21.35],[101.76,21.5],[101.75,21.58],[101.82,21.59],[101.77,21.66],[101.75,21.73],[101.77,21.82],[101.74,21.87],[101.62,21.98],[101.63,22.01],[101.57,22.13],[101.6,22.14],[101.55,22.23],[101.57,22.28],[101.62,22.28],[101.67,22.37],[101.67,22.48],[101.76,22.51],[101.82,22.46],[101.83,22.42],[101.9,22.38],[101.92,22.44],[102,22.43],[102.05,22.46],[102.13,22.43],[102.27,22.43],[102.26,22.47],[102.3,22.53],[102.4,22.63],[102.38,22.68],[102.44,22.7],[102.46,22.77],[102.51,22.78],[102.61,22.73],[102.65,22.69],[102.69,22.7],[102.79,22.63],[102.86,22.61],[102.93,22.48],[102.99,22.48],[103.03,22.44],[103.14,22.54],[103.19,22.64],[103.28,22.68],[103.29,22.74],[103.32,22.78],[103.37,22.8],[103.44,22.75],[103.43,22.71],[103.49,22.62],[103.53,22.6],[103.58,22.66],[103.56,22.7],[103.62,22.77],[103.67,22.77],[103.77,22.69],[103.83,22.62],[103.96,22.51],[104.01,22.52],[104.03,22.69],[104.05,22.73],[104.12,22.81],[104.26,22.84],[104.27,22.74],[104.38,22.69],[104.48,22.76],[104.58,22.85],[104.67,22.82],[104.74,22.83],[104.77,22.9],[104.84,22.92],[104.87,22.96],[104.83,23],[104.8,23.12],[104.88,23.13],[104.96,23.2],[105.03,23.22],[105.08,23.27],[105.11,23.25],[105.18,23.29],[105.23,23.26],[105.31,23.38],[105.41,23.29],[105.44,23.3],[105.49,23.23],[105.57,23.16],[105.57,23.08],[105.72,23.06],[105.73,23.04],[105.83,23],[105.87,22.93],[106,22.95],[106,22.99],[106.2,22.99],[106.24,22.95],[106.29,22.87],[106.5,22.91],[106.51,22.95],[106.59,22.93],[106.65,22.87],[106.69,22.89],[106.82,22.77],[106.76,22.74],[106.75,22.69],[106.69,22.58],[106.61,22.6],[106.56,22.47],[106.59,22.38],[106.57,22.34],[106.66,22.33],[106.69,22.28],[106.7,22.21],[106.68,22.17],[106.71,22.1],[106.71,22.03],[106.78,22],[106.81,21.97],[106.92,21.97],[106.96,21.92],[107.02,21.95],[107.06,21.9],[107,21.83],[107.09,21.81],[107.2,21.72],[107.25,21.71],[107.3,21.74],[107.36,21.66],[107.36,21.61],[107.48,21.66],[107.49,21.6],[107.54,21.59],[107.69,21.61],[107.82,21.66],[107.87,21.65],[107.9,21.6],[107.95,21.54],[108.03,21.55],[108.1,21.47],[108.1,21.45],[108.13,21.28],[108.21,21.21],[108.3,21.13],[108.97,20.84],[109,20.81],[109.04,20],[109.01,19.97],[108.5,19.49],[108.44,19.4],[108.4,19.24],[108.39,19.18],[108.41,18.81],[108.47,18.49],[108.49,18.42],[108.57,18.34],[108.83,18.16],[109.04,18.06],[109.09,18.05],[109.53,17.96],[109.62,17.96],[109.81,18.01],[110.26,18.27],[110.61,18.49],[110.68,18.56],[111.4,19.78],[111.45,19.87],[111.8,20.34],[112.05,20.69],[112.49,21.29],[112.85,21.37],[113.64,21.54],[114.01,21.61],[114.06,21.63],[114.5,21.82],[115.22,22.13],[115.8,22.4],[116.58,22.75],[117.31,23.02],[117.38,23.06],[117.82,23.37],[117.86,23.41],[118.39,24.01],[119.09,24.47],[119.61,24.81],[119.64,24.84],[120.1,25.29],[120.13,25.33],[120.53,25.96],[120.61,26.08],[120.71,26.29],[121,26.8],[121.32,27.36],[121.59,27.68],[122.09,28.27],[122.48,28.79],[122.87,29.54],[123.15,30.08],[123.38,30.66],[123.39,30.77],[123.35,30.84],[123.31,30.89],[123,31.12],[122.45,31.54],[122.16,32.31],[121.87,33.08],[121.83,33.13],[121.54,33.48],[121.37,33.68],[120.86,34.26],[120.43,34.76],[120.22,34.99],[120.73,35.45],[121.05,35.75],[121.63,36.11],[122.08,36.38],[122.43,36.6],[122.67,36.73],[122.76,36.82],[122.81,36.91],[122.95,37.35],[122.96,37.41],[122.93,37.48],[122.84,37.6],[122.77,37.63],[122.66,37.65],[122.58,37.64],[122.48,37.65],[122.39,37.64],[122.29,37.72],[122.15,37.77],[122.03,37.77],[121.93,37.74],[121.82,37.66],[121.68,37.75],[121.53,37.78],[121.42,37.83],[121.34,37.83],[121.28,37.88],[121.16,37.92],[121.2,38.02],[121.19,38.09],[121.08,38.2],[121.15,38.27],[121.18,38.35],[121.16,38.46],[121.19,38.52],[121.32,38.55],[121.38,38.59],[121.41,38.48],[121.45,38.44],[121.55,38.38],[121.62,38.37],[121.73,38.38],[121.84,38.45],[121.89,38.53],[121.92,38.62],[121.98,38.53],[122.06,38.49],[122.15,38.47],[122.28,38.5],[122.39,38.58],[122.42,38.66],[122.39,38.78],[122.28,38.85],[122.21,38.87],[122.27,38.95],[122.36,38.95],[122.46,38.97],[122.51,38.85],[122.59,38.77],[122.65,38.74],[122.76,38.73],[122.83,38.74],[122.92,38.79],[122.99,38.87],[123.08,38.84],[123.15,38.83],[123.29,38.85],[123.38,38.88],[123.47,38.99],[123.48,39.05],[123.45,39.12],[123.39,39.21],[123.3,39.27],[123.3,39.31],[123.34,39.38],[123.37,39.51],[123.43,39.53],[123.6,39.56],[123.71,39.55],[123.85,39.56],[123.95,39.6],[124.06,39.61],[124.13,39.62],[124.17,39.83],[124.21,39.86],[124.23,39.92],[124.37,40.02],[124.35,40.08],[124.49,40.18],[124.51,40.22],[124.64,40.3],[124.71,40.31],[124.74,40.37],[124.82,40.4],[124.89,40.48],[124.92,40.45],[125.03,40.49],[125.01,40.52],[125.19,40.61],[125.26,40.61],[125.45,40.67],[125.52,40.72],[125.57,40.78],[125.63,40.8],[125.7,40.86],[125.81,40.86],[125.87,40.91],[125.92,40.88],[126.02,40.9],[126.07,41],[126.23,41.14],[126.27,41.16],[126.32,41.23],[126.43,41.35],[126.49,41.37],[126.5,41.43],[126.59,41.56],[126.57,41.6],[126.72,41.7],[126.77,41.72],[126.93,41.81],[127.05,41.74],[127.03,41.67],[127.1,41.64],[127.17,41.54],[127.34,41.46],[127.41,41.46],[127.49,41.48],[127.56,41.43],[127.85,41.42],[127.95,41.45],[127.98,41.42],[128.12,41.38],[128.2,41.41],[128.31,41.59],[128.24,41.68],[128.15,41.74],[128.1,41.84],[128.1,41.94],[128.03,42],[128.08,42.02],[128.46,42.02],[128.58,42],[128.63,42.04],[128.68,42.01],[128.75,42.05],[128.91,42.01],[129.04,42.14],[129.11,42.14],[129.2,42.21],[129.22,42.26],[129.3,42.42],[129.39,42.45],[129.5,42.41],[129.54,42.36],[129.61,42.44],[129.7,42.43],[129.74,42.47],[129.74,42.56],[129.78,42.68],[129.76,42.7],[129.84,42.87],[129.85,42.96],[129.9,43.01],[129.95,42.98],[130.06,42.97],[130.11,42.99],[130.14,42.9],[130.23,42.9],[130.26,42.88],[130.22,42.79],[130.23,42.73],[130.36,42.62],[130.43,42.55],[130.51,42.62],[130.52,42.54],[130.58,42.43],[130.64,42.42],[130.56,42.5],[130.63,42.6],[130.59,42.67],[130.52,42.7],[130.46,42.69],[130.41,42.73],[130.46,42.77],[130.66,42.85],[130.78,42.84],[130.83,42.88],[130.88,42.85],[131.01,42.91],[131.11,42.91],[131.14,42.94],[131.1,43.02],[131.11,43.07],[131.21,43.15],[131.2,43.23],[131.25,43.27],[131.27,43.38],[131.31,43.39],[131.26,43.49],[131.19,43.53],[131.23,43.67],[131.21,43.82],[131.25,43.9],[131.24,43.95],[131.26,44.03],[131.3,44.04],[131.1,44.71],[130.98,44.86],[131.09,44.89],[131.15,44.94],[131.2,44.92],[131.27,44.92],[131.35,44.99],[131.43,44.97],[131.62,45.07],[131.69,45.13],[131.64,45.16],[131.67,45.21],[131.78,45.24],[131.83,45.31],[131.91,45.34],[131.92,45.29],[132,45.25],[132.86,45.06],[132.94,45.03],[133.04,45.06],[133.13,45.13],[133.1,45.26],[133.11,45.35],[133.14,45.43],[133.21,45.51],[133.39,45.58],[133.44,45.65],[133.44,45.72],[133.48,45.78],[133.46,45.84],[133.5,45.89],[133.58,45.87],[133.61,45.94],[133.67,45.94],[133.68,46],[133.74,46.05],[133.68,46.14],[133.79,46.19],[133.8,46.22],[133.9,46.25],[133.87,46.36],[133.94,46.38],[133.93,46.42],[133.85,46.48],[133.91,46.6],[134.01,46.64],[134.04,46.78],[134.01,46.82],[134.07,46.93],[134.06,46.97],[134.15,47.1],[134.21,47.1],[134.22,47.18],[134.15,47.25],[134.17,47.32],[134.26,47.37],[134.31,47.43],[134.49,47.44],[134.57,47.49],[134.57,47.52],[134.68,47.6],[134.78,47.74],[134.66,47.82],[134.67,47.88],[134.61,47.9],[134.54,47.98],[134.54,48.02],[134.67,48.15],[134.68,48.26],[134.77,48.36],[134.69,48.41],[134.47,48.42],[134.41,48.39],[134.19,48.38],[134.14,48.34],[134.06,48.35],[133.95,48.3],[133.72,48.24],[133.71,48.19],[133.58,48.19],[133.56,48.13],[133.46,48.11],[133.39,48.12],[133.3,48.1],[133.14,48.13],[133.06,48.12],[133,48.04],[132.87,48],[132.82,47.94],[132.72,47.96],[132.65,47.93],[132.68,47.89],[132.6,47.82],[132.6,47.74],[132.54,47.71],[132.31,47.76],[132.25,47.71],[132.06,47.7],[131.98,47.67],[131.86,47.67],[131.68,47.7],[131.62,47.66],[131.57,47.67],[131.55,47.73],[131.42,47.74],[131.37,47.73],[131.25,47.73],[131.18,47.7],[131.09,47.68],[130.96,47.72],[130.95,47.81],[130.86,47.94],[130.69,48.04],[130.65,48.11],[130.75,48.19],[130.76,48.25],[130.84,48.3],[130.77,48.36],[130.73,48.44],[130.76,48.5],[130.61,48.5],[130.61,48.57],[130.52,48.63],[130.61,48.78],[130.68,48.85],[130.63,48.88],[130.51,48.85],[130.42,48.9],[130.22,48.87],[130.19,48.9],[130.05,48.97],[129.93,49.07],[129.86,49.11],[129.84,49.18],[129.75,49.2],[129.74,49.26],[129.69,49.3],[129.6,49.28],[129.55,49.31],[129.54,49.4],[129.43,49.44],[129.37,49.42],[129.38,49.38],[129.31,49.36],[129.26,49.39],[129.17,49.39],[129.07,49.35],[128.98,49.46],[128.86,49.49],[128.76,49.48],[128.8,49.55],[128.66,49.57],[128.55,49.6],[128.38,49.59],[128.33,49.54],[128.28,49.56],[128.2,49.54],[128.03,49.56],[127.95,49.6],[127.91,49.57],[127.82,49.58],[127.69,49.67],[127.65,49.78],[127.53,49.82],[127.54,49.92],[127.5,49.97],[127.5,50.06],[127.6,50.18],[127.6,50.24],[127.38,50.29],[127.33,50.34],[127.36,50.4],[127.35,50.44],[127.29,50.46],[127.31,50.52],[127.37,50.57],[127.29,50.66],[127.29,50.75],[127.23,50.77],[127.14,50.91],[127.05,50.96],[126.92,51.06],[126.89,51.2],[126.97,51.3],[126.9,51.41],[126.78,51.44],[126.83,51.53],[126.71,51.57],[126.72,51.73],[126.62,51.77],[126.54,51.89],[126.47,51.94],[126.44,52.03],[126.51,52.05],[126.56,52.12],[126.49,52.16],[126.3,52.21],[126.35,52.26],[126.31,52.33],[126.35,52.38],[126.26,52.47],[126.18,52.48],[126.2,52.53],[126.07,52.6],[125.97,52.61],[125.98,52.67],[126.05,52.68],[126.01,52.79],[125.94,52.78],[125.83,52.9],[125.66,52.87],[125.67,52.92],[125.73,52.94],[125.73,52.99],[125.64,53.03],[125.61,53.08],[125.5,53.09],[125.3,53.15],[125.16,53.2],[124.98,53.2],[124.82,53.14],[124.71,53.15],[124.64,53.21],[124.5,53.2],[124.37,53.25],[124.32,53.33],[124.23,53.38],[124.11,53.35],[124.05,53.4],[123.88,53.48],[123.69,53.5],[123.63,53.55],[123.48,53.53],[123.3,53.56],[123.22,53.55],[123.14,53.5],[123.06,53.51],[122.83,53.46],[122.6,53.46],[122.43,53.44],[122.35,53.5],[122.24,53.46],[122.17,53.47],[122.08,53.42],[121.95,53.43],[121.69,53.39],[121.57,53.35],[121.41,53.32],[121.33,53.32],[121.28,53.29],[121.13,53.28],[120.94,53.3],[120.82,53.27],[120.82,53.24],[120.68,53.17],[120.64,53.1],[120.56,53.08],[120.36,52.94],[120.28,52.86],[120.03,52.78],[120.06,52.71],[120.03,52.64],[120.08,52.58],[120.18,52.58],[120.28,52.62],[120.48,52.63],[120.62,52.57],[120.69,52.52],[120.68,52.43],[120.62,52.36],[120.62,52.32],[120.75,52.26],[120.74,52.2],[120.78,52.16],[120.76,52.1],[120.68,52.04],[120.71,52.01],[120.63,51.92],[120.39,51.83],[120.36,51.79],[120.14,51.67],[120.09,51.68],[120.03,51.58],[120.04,51.55],[119.98,51.5],[120,51.46],[119.93,51.35],[119.75,51.21],[119.78,51.17],[119.72,51.05],[119.58,50.98],[119.48,50.88],[119.5,50.77],[119.44,50.69],[119.37,50.68],[119.35,50.63],[119.27,50.6],[119.24,50.45],[119.15,50.36],[119.25,50.34],[119.35,50.36],[119.31,50.22],[119.33,50.17],[119.27,50.1],[119.08,49.98],[118.94,49.99],[118.73,49.94],[118.65,49.95],[118.55,49.92],[118.37,49.79],[118.24,49.74],[118.2,49.69],[118.11,49.66],[118.07,49.61],[117.97,49.62],[117.89,49.59],[117.88,49.52],[117.79,49.52],[117.63,49.56],[117.47,49.63],[117.27,49.63],[117.06,49.69],[116.71,49.85],[116.62,49.93],[116.34,50],[116.23,50.04],[116.07,50.01],[115.98,49.97],[115.74,49.89],[115.51,49.91],[115.36,49.94],[115.22,49.99],[115.07,50.09],[115.01,50.16],[114.83,50.22],[114.62,50.25],[114.47,50.23],[114.34,50.28],[114.18,50.24],[113.88,50.1],[113.74,50.07],[113.65,50],[113.49,49.97],[113.47,49.94],[113.22,49.84],[113.04,49.61],[112.91,49.57],[112.81,49.52],[112.69,49.5],[112.49,49.52],[112.28,49.48],[112.19,49.45],[111.91,49.38],[111.67,49.38],[111.51,49.32],[111.37,49.36],[111.28,49.31],[111.08,49.26],[110.82,49.18],[110.68,49.17],[110.52,49.19],[110.39,49.25],[110.33,49.2],[110.23,49.16],[109.9,49.21],[109.68,49.23],[109.56,49.22],[109.49,49.24],[109.41,49.3],[109.33,49.33],[109.17,49.35],[109.06,49.32],[108.96,49.34],[108.72,49.33],[108.65,49.35],[108.52,49.32],[108.43,49.37],[108.43,49.41],[108.36,49.43],[108.3,49.53],[108.16,49.56],[107.97,49.65],[107.93,49.71],[107.97,49.74],[107.92,49.88],[107.97,49.94],[107.79,49.93],[107.79,50.06],[107.73,50.11],[107.84,50.21],[107.93,50.23],[107.97,50.32],[108.02,50.35],[108.11,50.31],[108.17,50.39],[108.22,50.42],[108.34,50.39],[108.53,50.47],[108.66,50.46],[108.68,50.54],[108.51,50.55],[108.48,50.59],[108.34,50.62],[108.24,50.67],[108.18,50.65],[108.07,50.74],[108.06,50.77],[108.26,50.82],[108.26,50.9],[108.33,51],[108.34,51.06],[108.45,51.05],[108.56,51.12],[108.56,51.18],[108.47,51.21],[108.4,51.28],[108.46,51.3],[108.5,51.41],[108.62,51.41],[108.63,51.49],[108.68,51.5],[108.79,51.44],[108.97,51.44],[109.05,51.51],[109.12,51.43],[109.24,51.37],[109.43,51.43],[109.62,51.45],[109.83,51.55],[110.06,51.62],[110.11,51.6],[110.28,51.6],[110.39,51.57],[110.43,51.52],[110.52,51.5],[110.71,51.52],[110.78,51.58],[110.85,51.59],[110.84,51.65],[110.93,51.72],[111,51.72],[111.02,51.79],[111.15,51.83],[111.29,51.84],[111.35,51.88],[111.46,51.87],[111.52,51.91],[111.71,51.98],[111.77,52.07],[111.89,52.12],[111.93,52.2],[112.01,52.21],[112.07,52.28],[112.18,52.3],[112.19,52.25],[112.31,52.25],[112.41,52.22],[112.51,52.25],[112.55,52.35],[112.68,52.35],[112.74,52.33],[112.88,52.35],[113.09,52.4],[113.15,52.45],[113.49,52.47],[113.59,52.45],[113.64,52.53],[113.85,52.6],[113.96,52.63],[114.08,52.68],[114.22,52.81],[114.25,52.93],[114.32,52.98],[114.33,53.06],[114.17,53.09],[114.21,53.18],[114.11,53.18],[113.98,53.24],[113.92,53.28],[113.95,53.35],[113.83,53.42],[113.84,53.48],[113.88,53.52],[113.82,53.63],[113.98,53.65],[113.98,53.72],[114.11,53.73],[114.16,53.76],[114.29,53.75],[114.37,53.82],[114.5,53.81],[114.58,53.89],[114.66,53.92],[114.87,53.95],[115.02,54.03],[115.01,54.07],[115.14,54.12],[115.16,54.19],[115.25,54.21],[115.35,54.27],[115.49,54.31],[115.5,54.37],[115.61,54.41],[115.78,54.44],[115.84,54.46],[116.04,54.49],[116.12,54.48],[116.18,54.51],[116.4,54.5],[116.43,54.48],[116.64,54.51],[116.73,54.54],[116.78,54.61],[116.74,54.65],[116.81,54.67],[116.85,54.77],[116.92,54.83],[116.87,54.88],[116.84,55.03],[116.76,55.12],[116.69,55.12],[116.48,55.23],[116.45,55.33],[116.35,55.38],[116.24,55.35],[116.1,55.34],[116.07,55.38],[115.98,55.36],[115.9,55.41],[115.96,55.45],[115.88,55.49],[115.92,55.57],[115.88,55.6],[115.91,55.66],[115.83,55.68],[115.86,55.73],[115.84,55.85],[115.91,55.93],[115.78,55.99],[115.79,56.08],[115.77,56.18],[115.69,56.27],[115.68,56.41],[115.8,56.44],[115.7,56.49],[115.69,56.57],[115.52,56.57],[115.41,56.61],[115.45,56.67],[115.56,56.69],[115.61,56.77],[115.59,56.88],[115.73,56.96],[115.83,56.95],[116.12,56.82],[116.23,56.83],[116.32,56.87],[116.52,56.77],[116.74,56.74],[116.97,56.8],[117.01,56.83],[117.16,56.84],[117.18,56.89],[117.25,56.92],[117.35,56.89],[117.4,56.85],[117.58,56.92],[117.55,56.95],[117.64,56.98],[117.68,57.09],[117.58,57.17],[117.7,57.2],[117.75,57.24],[117.78,57.32],[117.62,57.32],[117.54,57.27],[117.45,57.26],[117.45,57.35],[117.34,57.36],[117.32,57.48],[117.25,57.54],[117.33,57.63],[117.14,57.67],[117.18,57.77],[117.1,57.8],[117.12,57.86],[117.35,57.86],[117.39,57.94],[117.38,58.02],[117.4,58.12],[117.45,58.18],[117.58,58.15],[117.59,58.18],[117.53,58.29],[117.47,58.33],[117.62,58.37],[117.67,58.41],[118,58.42],[118.12,58.4],[118.25,58.4],[118.47,58.23],[118.58,58.23],[118.68,58.18],[118.81,58.23],[119.12,58.25],[119.14,58.29],[119.06,58.36],[119.13,58.49],[119.12,58.52],[118.99,58.56],[118.86,58.58],[118.78,58.61],[118.86,58.73],[118.87,58.83],[118.75,58.91],[118.77,58.95],[118.87,58.96],[118.82,59.05],[118.71,59.05],[118.67,59.19],[118.82,59.33],[118.75,59.35],[118.77,59.42],[118.36,59.53],[118.35,59.62],[118.24,59.64],[118.03,59.63],[118.03,59.58],[117.94,59.54],[117.97,59.5],[117.83,59.45],[117.78,59.56],[117.65,59.54],[117.5,59.49],[117.44,59.53],[117.25,59.51],[117.19,59.58],[117.11,59.61],[117.21,59.68],[117.23,59.75],[117.22,59.87],[117.1,59.87],[117.01,59.91],[117.08,59.97],[117.15,59.97],[117.35,60.02],[117.21,60.05],[117.1,60.03],[116.99,60.06],[117.01,60.1],[116.94,60.15],[116.94,60.2],[116.77,60.25],[116.76,60.28],[116.61,60.3],[116.62,60.35],[116.54,60.39],[116.32,60.37],[116.27,60.41],[116.01,60.47],[115.94,60.45],[115.87,60.52],[115.76,60.52],[115.7,60.55],[115.37,60.49],[115.3,60.51],[115.1,60.41],[115.15,60.37],[114.99,60.21],[114.9,60.19],[114.77,60.2],[114.65,60.18],[114.5,60.07],[114.53,59.98],[114.3,59.89],[114.23,59.84],[114.22,59.78],[114.1,59.77],[113.97,59.69],[113.76,59.62],[113.71,59.63],[113.59,59.59],[113.61,59.52],[113.46,59.43],[113.43,59.38],[113.53,59.34],[113.46,59.31],[113.43,59.25],[113.33,59.21],[113.28,59.16],[113.2,59.19],[113.11,59.15],[112.93,59.16],[112.81,59.13],[112.75,59.05],[112.53,59.08],[112.51,59.04],[112.6,58.99],[112.52,58.89],[112.44,58.92],[112.45,59.14],[112.51,59.24],[112.64,59.28],[112.65,59.31],[112.54,59.35],[112.36,59.31],[112.28,59.37],[112.34,59.43],[112.25,59.53],[112.09,59.43],[112.08,59.39],[111.9,59.3],[111.79,59.3],[111.65,59.22],[111.56,59.24],[111.45,59.29],[111.3,59.28],[111.22,59.2],[111.04,59.22],[110.72,59.28],[110.64,59.22],[110.55,59.18],[110.6,59.14],[110.47,59.05],[110.4,59.06],[110.24,59],[110.02,59],[109.98,59.02],[109.81,59],[109.73,59.09],[109.62,59.08],[109.63,59.17],[109.51,59.2],[109.45,59.31],[109.29,59.32],[109.24,59.38],[109.34,59.42],[109.25,59.47],[109.4,59.58],[109.54,59.67],[109.48,59.69],[109.47,59.77],[109.56,59.84],[109.66,59.88],[109.67,59.99],[109.76,60.03],[109.69,60.08],[109.69,60.16],[109.74,60.25],[109.82,60.27],[109.8,60.34],[109.95,60.42],[109.91,60.46],[110.02,60.53],[110.07,60.59],[110.14,60.6],[110.1,60.69],[110.29,60.7],[110.3,60.78],[110.26,60.84],[110.37,60.94],[110.46,60.98],[110.54,61.09],[110.52,61.18],[110.38,61.2],[110.22,61.17],[110.14,61.22],[110.11,61.28],[110,61.31],[109.76,61.33],[109.84,61.43],[109.81,61.48],[109.86,61.57],[109.79,61.63],[109.69,61.66],[109.6,61.75],[109.64,61.93],[109.72,62],[109.82,62.02],[109.89,62.13],[110,62.19],[109.92,62.26],[109.99,62.32],[109.89,62.37],[109.91,62.44],[109.67,62.44],[109.43,62.47],[109.3,62.52],[109.25,62.6],[109.39,62.61],[109.38,62.66],[109.48,62.69],[109.46,62.75],[109.52,62.8],[109.68,62.84],[109.49,62.96],[109.51,63.05],[109.46,63.11],[109.45,63.23],[109.41,63.37],[109.32,63.39],[109.2,63.48],[109.19,63.53],[109.08,63.58],[108.93,63.58],[108.7,63.62],[108.5,63.64],[108.17,63.6],[108.13,63.66],[108.23,63.67],[108.3,63.72],[108.29,63.84],[108.36,63.86],[108.5,63.82],[108.62,63.85],[108.73,63.84],[108.8,63.89],[108.71,63.94],[108.76,64.01],[108.61,64.07],[108.52,64.15],[108.5,64.31],[108.36,64.26],[108.26,64.28],[108.09,64.25],[108.25,64.25],[108.35,64.08],[108.39,64.05],[108.21,64],[107.9,64],[107.74,64.02],[107.63,63.98],[107.57,63.9],[107.38,63.94],[107.31,63.98],[107.17,63.97],[107.07,63.93],[106.81,63.99],[106.7,64.04],[106.62,63.98],[106.73,63.94],[106.79,63.88],[106.7,63.82],[106.6,63.72],[106.69,63.67],[106.66,63.63],[106.47,63.54],[106.58,63.5],[106.59,63.45],[106.73,63.41],[106.66,63.33],[106.52,63.32],[106.45,63.36],[106.36,63.3],[106.34,63.25],[106.43,63.21],[106.35,63.11],[106.18,63.09],[106.13,63.04],[106.19,62.92],[106.32,62.87],[106.44,62.86],[106.51,62.79],[106.47,62.7],[106.77,62.64],[106.67,62.56],[106.74,62.51],[106.63,62.46],[106.54,62.4],[106.43,62.4],[106.37,62.28],[106.46,62.23],[106.39,62.04],[106.3,62.03],[106.18,61.97],[106.11,61.96],[105.9,61.84],[105.98,61.69],[105.9,61.69],[105.81,61.63],[105.71,61.66],[105.59,61.6],[105.36,61.54],[105.28,61.43],[105.16,61.42],[104.91,61.4],[104.92,61.33],[104.99,61.27],[105.02,61.2],[104.85,61.19],[104.69,61.09],[104.63,61.08],[104.62,60.99],[104.58,60.94],[104.61,60.89],[104.47,60.85],[104.51,60.78],[104.61,60.72],[104.5,60.63],[104.56,60.55],[104.65,60.51],[104.68,60.42],[104.98,60.29],[105.08,60.3],[105.22,60.28],[105.31,60.29],[105.45,60.25],[105.46,60.17],[105.42,60.15],[105.49,59.99],[105.41,59.95],[105.43,59.86],[105.16,59.87],[104.98,59.84],[104.99,59.76],[104.89,59.77],[104.76,59.68],[104.84,59.61],[104.85,59.56],[104.99,59.46],[105.19,59.48],[105.24,59.44],[105.21,59.27],[105.3,59.25],[105.36,59.12],[105.3,59.08],[105.12,59.05],[105.1,59.02],[104.91,58.95],[104.77,58.84],[104.75,58.81],[104.88,58.75],[104.8,58.67],[104.71,58.67],[104.61,58.62],[104.53,58.64],[104.46,58.61],[104.25,58.72],[104.2,58.78],[103.95,58.79],[103.98,58.87],[103.89,58.92],[103.78,58.91],[103.59,58.94],[103.56,59],[103.39,59.03],[103.22,59.24],[103.02,59.32],[102.94,59.3],[102.83,59.21],[102.5,59.19],[102.4,59.08],[102.45,59.02],[102.45,58.94],[102.55,58.9],[102.57,58.74],[102.43,58.67],[102.36,58.66],[102.28,58.56],[102.1,58.49],[101.81,58.46],[101.68,58.4],[101.64,58.33],[101.5,58.23],[101.37,58.23],[101.2,58.13],[101.11,58.1],[101.17,58.04],[101.1,57.96],[100.97,57.86],[100.86,57.85],[100.91,57.78],[100.82,57.63],[100.95,57.57],[100.96,57.47],[100.87,57.46],[100.74,57.41],[100.68,57.46],[100.52,57.49],[100.4,57.55],[100.43,57.58],[100.32,57.68],[100.38,57.73],[100.29,57.79],[100.15,57.87],[100.08,57.95],[100.09,58.07],[99.96,58.08],[99.81,58.06],[99.68,58.08],[99.63,58.05],[99.63,57.99],[99.5,57.88],[99.46,57.81],[99.35,57.8],[99.2,57.76],[99.09,57.78],[98.91,57.71],[98.76,57.79],[98.64,57.77],[98.49,57.8],[98.25,57.81],[98.11,57.83],[97.95,57.83],[97.57,57.33],[97.34,57.03],[97.53,56.97],[97.67,56.96],[97.56,56.9],[97.48,56.88],[97.47,56.84],[97.53,56.79],[97.67,56.81],[97.79,56.8],[97.76,56.7],[97.78,56.59],[97.74,56.55],[97.88,56.53],[97.88,56.38],[97.56,56.38],[97.57,56.19],[97.47,56.2],[97.36,56.03],[97.3,56.07],[97.13,56.11],[97.06,56],[96.99,56],[96.99,55.85],[96.84,55.84],[96.79,55.79],[96.75,55.66],[96.85,55.6],[96.81,55.57],[96.85,55.43],[96.94,55.31],[96.72,55.27],[96.67,55.15],[96.67,55.07],[96.59,55.03],[96.69,54.95],[96.71,54.87],[96.66,54.79],[96.57,54.69],[96.58,54.63],[96.54,54.53],[96.49,54.52],[96.34,54.56],[96.21,54.54],[96.07,54.57],[95.97,54.5],[95.92,54.4],[95.75,54.42],[95.65,54.29],[95.68,54.24],[95.8,54.23],[95.9,54.16],[95.91,54.12],[96.1,54.06],[96.06,54.03],[96.19,53.91],[96.34,53.84],[96.4,53.76],[96.46,53.75],[96.49,53.69],[96.62,53.68],[96.67,53.64],[96.74,53.73],[96.9,53.73],[97.01,53.65],[97.3,53.58],[97.46,53.46],[97.6,53.43],[97.59,53.38],[97.87,53.35],[97.99,53.34],[97.96,53.3],[98,53.25],[98.19,53.25],[98.32,53.19],[98.31,53.09],[98.64,53.1],[98.67,53.15],[98.88,53.13],[98.93,53.15],[99.01,53.1],[99,53.03],[99.2,52.98],[99.26,52.95],[99.23,52.87],[99.12,52.87],[98.94,52.94],[98.85,52.83],[98.95,52.79],[98.94,52.67],[98.79,52.61],[98.83,52.54],[98.63,52.42],[98.68,52.37],[98.66,52.27],[98.74,52.29],[98.89,52.2],[98.99,52.16],[98.86,52.14],[98.81,52.03],[98.81,51.96],[98.76,51.87],[98.52,51.78],[98.45,51.74],[98.38,51.74],[98.33,51.69],[98.23,51.55],[98.26,51.51],[98.22,51.46],[98.13,51.47],[98.05,51.45],[97.95,51.33],[97.96,51.28],[97.9,51.15],[97.87,51.05],[97.83,51.02],[97.86,50.96],[98,50.88],[97.98,50.78],[98.01,50.67],[98.15,50.58],[98.27,50.54],[98.33,50.47],[98.27,50.41],[98.31,50.32],[98.25,50.29],[98.23,50.24],[98.17,50.2],[98.18,50.16],[98.11,50.13],[98.07,50.04],[97.9,49.98],[97.83,49.92],[97.78,49.99],[97.55,49.92],[97.58,49.86],[97.42,49.78],[97.23,49.74],[97.01,49.83],[97,49.89],[96.74,49.91],[96.71,49.93],[96.6,49.88],[96.51,49.94],[96.42,49.88],[96.35,49.91],[96.26,49.98],[96.02,50],[95.97,49.97],[95.92,50.02],[95.84,50.04],[95.77,50.02],[95.8,49.96],[95.67,49.96],[95.57,49.94],[95.49,49.89],[95.5,49.85],[95.41,49.72],[95.43,49.63],[95.48,49.5],[95.73,49.36],[95.66,49.23],[95.57,49.16],[95.54,49.05],[95.53,48.89],[95.45,48.82],[95.33,48.82],[95.13,48.71],[95.04,48.69],[94.73,48.68],[94.71,48.72],[94.5,48.72],[94.33,48.74],[94.21,48.78],[94.1,48.79],[94,48.73],[93.76,48.67],[93.69,48.61],[93.67,48.53],[93.51,48.49],[93.43,48.42],[93.48,48.37],[93.48,48.3],[93.42,48.15],[93.35,48.08],[93.18,47.97],[93.27,47.86],[93.39,47.78],[93.62,47.67],[93.59,47.62],[93.51,47.57],[93.72,47.44],[93.79,47.35],[93.99,47.31],[94.06,47.25],[94.04,47.21],[94.16,46.99],[94.28,46.86],[94.31,46.78],[94.05,46.73],[93.93,46.72],[93.84,46.62],[93.74,46.6],[93.69,46.62],[93.5,46.6],[93.61,46.5],[93.59,46.46],[93.65,46.39],[93.46,46.12],[93.47,46.1],[93.4,46],[93.44,45.95],[93.38,45.91],[93.36,45.84],[93.24,45.81],[93.11,45.74],[93.12,45.67],[93.1,45.63],[93.14,45.56],[93.15,45.33],[93.17,45.13],[93.2,45],[93.17,45.01],[92.93,45.02],[92.88,45.05],[92.78,45.05],[92.64,45.02],[92.49,45],[92.31,45.03],[92.23,45.01],[92.06,45.08],[91.8,45.08],[91.69,45.06],[91.49,45.1],[91.43,45.16],[91.37,45.11],[91.24,45.13],[91.12,45.21],[91,45.21],[90.93,45.19],[90.89,45.25],[90.81,45.32],[90.77,45.43],[90.67,45.49],[90.68,45.61],[90.72,45.73],[90.85,45.89],[91.02,46.02],[91.01,46.12],[90.89,46.31],[90.97,46.36],[91.01,46.46],[91.07,46.56],[91.01,46.58],[91.05,46.72],[90.94,46.83],[90.96,46.88],[90.9,46.96],[90.78,46.99],[90.62,47.16],[90.59,47.17],[90.48,47.31],[90.52,47.38],[90.46,47.41],[90.47,47.49],[90.4,47.54],[90.3,47.69],[90.14,47.72],[90.07,47.79],[90.07,47.87],[89.96,47.89],[89.95,47.83],[89.76,47.83],[89.73,47.9],[89.65,47.91],[89.59,47.97],[89.58,48.03],[89.4,48.03],[89.29,48.01],[89.23,47.98],[89.16,48],[89.06,47.99],[89.01,48.05],[88.91,48.11],[88.82,48.1],[88.71,48.17],[88.64,48.18],[88.57,48.28],[88.6,48.34],[88.51,48.38],[88.44,48.39],[88.36,48.46],[88.24,48.5],[87.97,48.58],[88.07,48.68],[88,48.76],[87.94,48.76],[87.82,48.8],[87.75,48.91],[87.9,48.98],[87.83,49.05],[87.87,49.11],[87.82,49.17],[87.7,49.17],[87.57,49.13],[87.44,49.07],[87.29,49.12],[87.1,49.15],[86.89,49.13],[86.85,49.07],[86.75,49.01],[86.73,48.95],[86.76,48.89],[86.82,48.86],[86.76,48.8],[86.77,48.72],[86.64,48.63],[86.58,48.54],[86.41,48.48],[86.32,48.49],[86.23,48.43],[85.91,48.44],[85.79,48.42],[85.73,48.37],[85.66,48.24],[85.56,48.15],[85.54,48.01],[85.61,47.54],[85.61,47.51],[85.68,47.43],[85.68,47.22],[85.58,47.14],[85.53,47.05],[85.3,47.06],[85.22,47.05],[85.19,47.01],[85.1,46.96],[85.08,46.93],[84.98,46.92],[84.94,46.86],[84.85,46.95],[84.71,47.01],[84.58,47],[84.51,46.98],[84.44,47.01],[84.26,47],[84.06,46.97],[83.98,47],[83.92,46.97],[83.78,47.02],[83.7,47.02],[83.58,47.06],[83.46,47.13],[83.41,47.12],[83.35,47.17],[83.24,47.18],[83.15,47.23],[83.05,47.23],[82.99,47.06],[82.94,47.02],[82.93,46.97],[82.87,46.83],[82.78,46.67],[82.72,46.49],[82.51,46.15],[82.46,45.98],[82.34,45.94],[82.35,45.8],[82.29,45.71],[82.26,45.62],[82.28,45.54],[82.54,45.42],[82.59,45.34],[82.58,45.22],[82.47,45.18],[82.34,45.21],[82.27,45.24],[82.15,45.22],[82.09,45.24],[81.92,45.23],[81.77,45.39],[81.71,45.36],[81.63,45.36],[81.45,45.26],[81.38,45.26],[81.12,45.22],[81.02,45.16],[80.96,45.17],[80.9,45.13],[80.74,45.16],[80.7,45.13],[80.44,45.1],[80.38,45.04],[80.33,45.07],[80.21,45.02],[80.15,45.05],[80.06,45.04],[80.01,44.98],[79.88,44.91],[79.94,44.85],[80.03,44.8],[80.18,44.82],[80.19,44.75],[80.31,44.7],[80.41,44.61],[80.35,44.48],[80.38,44.38],[80.41,44.25],[80.4,44.11],[80.45,44.07],[80.45,43.99],[80.51,43.91],[80.52,43.82],[80.69,43.57],[80.75,43.47],[80.73,43.39],[80.68,43.33],[80.78,43.31],[80.77,43.27],[80.81,43.18],[80.78,43.14],[80.66,43.15],[80.59,43.14],[80.49,43.07],[80.38,43.05],[80.39,43],[80.6,42.89],[80.45,42.86],[80.41,42.84],[80.28,42.84],[80.22,42.71],[80.16,42.62],[80.22,42.53],[80.21,42.47],[80.24,42.34],[80.28,42.23],[80.18,42.21]]],[[[116.38,9.99],[116.33,9.98],[116.26,9.92],[116.22,9.84],[116.23,9.72],[116.28,9.63],[116.37,9.56],[116.46,9.51],[116.56,9.52],[116.61,9.55],[116.67,9.61],[116.69,9.7],[116.66,9.82],[116.55,9.94],[116.48,9.99],[116.38,9.99]]],[[[114.35,10.33],[114.42,10.35],[114.43,10.4],[114.4,10.44],[114.29,10.42],[114.29,10.35],[114.35,10.33]]],[[[116.65,20.94],[116.55,20.87],[116.49,20.75],[116.49,20.67],[116.51,20.61],[116.6,20.45],[116.7,20.4],[116.82,20.39],[116.97,20.43],[117.08,20.53],[117.12,20.61],[117.13,20.74],[117.1,20.84],[117,20.95],[116.93,20.97],[116.79,20.98],[116.65,20.94]]],[[[122.18,24.79],[122.22,24.97],[122.33,25.45],[122.33,25.51],[122.31,25.66],[122.28,25.73],[122.07,25.83],[121.95,25.8],[121.39,25.46],[120.92,25.2],[120.88,25.18],[119.39,23.93],[119.35,23.88],[119.13,23.51],[119.1,23.44],[119.1,23.31],[119.14,23.21],[119.26,23.05],[120.19,22.19],[120.66,21.63],[120.88,21.56],[121.67,21.74],[121.82,21.88],[121.83,21.97],[121.74,22.7],[121.73,23.45],[122.07,24.42],[122.12,24.55],[122.18,24.79]]],[[[100.82,3.02],[101.2,2.69],[101.78,2.26],[102.22,1.92],[102.58,1.69],[103.04,1.32],[103.06,1.32],[103.38,1.25],[103.44,1.22],[103.66,1.19],[103.74,1.13],[103.81,1.17],[104.03,1.27],[104.36,1.3],[104.43,1.34],[104.51,1.44],[104.57,1.44],[104.49,1.51],[104.65,1.62],[104.75,2.41],[104.74,2.52],[104.7,2.58],[104.33,3.02],[104.29,3.06],[103.86,3.36],[103.89,4.77],[103.88,4.87],[103.84,4.97],[103.32,5.75],[103.2,5.92],[103.1,6],[102.42,6.36],[102.32,6.4],[102.16,6.44],[102.08,6.23],[102.09,6.14],[102.06,6.09],[102,6.05],[101.94,5.98],[101.93,5.91],[101.94,5.87],[101.88,5.83],[101.79,5.75],[101.75,5.8],[101.69,5.76],[101.66,5.82],[101.66,5.87],[101.58,5.93],[101.48,5.87],[101.4,5.87],[101.34,5.81],[101.28,5.81],[101.25,5.76],[101.26,5.71],[101.22,5.66],[101.14,5.61],[101.08,5.72],[101.03,5.74],[100.98,5.81],[101.04,5.92],[101.09,5.91],[101.11,5.99],[101.1,6.05],[101.12,6.11],[101.06,6.14],[101.13,6.19],[101.09,6.26],[101.01,6.25],[100.98,6.28],[100.9,6.23],[100.84,6.3],[100.81,6.44],[100.74,6.49],[100.66,6.45],[100.5,6.52],[100.37,6.54],[100.32,6.6],[100.33,6.66],[100.29,6.69],[100.17,6.69],[100.17,6.61],[100.15,6.56],[100.16,6.48],[100.12,6.42],[100,6.43],[99.88,6.54],[99.65,6.48],[99.55,6.51],[99.51,6.48],[99.46,6.31],[99.32,6.27],[99.23,6.28],[98.79,5.82],[98.76,5.77],[98.74,5.67],[98.77,5.57],[99.93,3.86],[99.96,3.83],[100.39,3.42],[100.65,3.16],[100.82,3.02]]],[[[123.36,-14.22],[123.43,-14.28],[123.51,-14.32],[123.62,-14.31],[123.68,-14.28],[123.75,-14.19],[123.76,-14.12],[123.73,-14.01],[123.68,-13.95],[123.62,-13.91],[123.52,-13.9],[123.43,-13.93],[123.37,-13.98],[123.34,-14.04],[123.33,-14.12],[123.36,-14.22]]],[[[121.58,-14.31],[121.64,-14.36],[121.74,-14.4],[121.81,-14.41],[121.9,-14.4],[122.04,-14.33],[122.12,-14.26],[122.18,-14.15],[122.18,-14.06],[122.13,-13.88],[122.21,-13.82],[122.24,-13.77],[122.26,-13.64],[122.18,-13.51],[122.13,-13.46],[122.03,-13.43],[121.96,-13.43],[121.9,-13.45],[121.82,-13.52],[121.78,-13.58],[121.77,-13.69],[121.7,-13.73],[121.65,-13.81],[121.62,-13.9],[121.54,-14.01],[121.51,-14.1],[121.53,-14.23],[121.58,-14.31]]],[[[118.88,-17.86],[118.95,-17.86],[119.04,-17.84],[119.1,-17.79],[119.15,-17.74],[119.18,-17.65],[119.18,-17.52],[119.27,-17.58],[119.35,-17.6],[119.41,-17.59],[119.49,-17.55],[119.56,-17.46],[119.59,-17.41],[119.59,-17.31],[119.56,-17.18],[119.51,-17.12],[119.46,-17.07],[119.35,-17.04],[119.27,-17.06],[119.17,-17.12],[119.13,-17.2],[119.1,-17.28],[119.11,-17.35],[119.04,-17.31],[118.95,-17.29],[118.83,-17.33],[118.76,-17.4],[118.69,-17.53],[118.68,-17.58],[118.69,-17.68],[118.76,-17.79],[118.88,-17.86]]],[[[113.52,-28.87],[113.69,-29.07],[113.81,-29.16],[113.89,-29.19],[114,-29.19],[114.07,-29.17],[114.16,-29.09],[114.22,-28.97],[114.26,-28.85],[114.27,-28.78],[114.23,-28.69],[114.09,-28.53],[114.02,-28.37],[113.96,-28.3],[113.89,-28.26],[113.7,-28.1],[113.62,-28.07],[113.49,-28.08],[113.42,-28.13],[113.37,-28.19],[113.35,-28.29],[113.36,-28.38],[113.44,-28.54],[113.49,-28.8],[113.52,-28.87]]],[[[129.05,-14.44],[128.94,-14.44],[128.83,-14.38],[128.71,-14.39],[128.63,-14.44],[128.57,-14.46],[128.48,-14.39],[128.37,-14.36],[128.29,-14.38],[128.21,-14.33],[128.15,-14.32],[128.05,-14.33],[128,-14.25],[127.94,-14.19],[127.88,-14.1],[127.7,-13.94],[127.66,-13.91],[127.61,-13.83],[127.54,-13.76],[127.48,-13.74],[127.41,-13.65],[127.28,-13.6],[127.16,-13.63],[127.04,-13.52],[126.96,-13.48],[126.88,-13.48],[126.76,-13.53],[126.4,-13.55],[126.32,-13.54],[126.28,-13.45],[126.24,-13.41],[126.11,-13.37],[126.09,-13.32],[126.03,-13.26],[125.92,-13.22],[125.81,-13.26],[125.75,-13.32],[125.72,-13.38],[125.61,-13.45],[125.58,-13.49],[125.56,-13.57],[125.56,-13.63],[125.59,-13.7],[125.47,-13.79],[125.43,-13.86],[125.36,-13.85],[125.25,-13.88],[125.14,-13.96],[125.08,-14.03],[125.07,-14.08],[124.98,-14.16],[124.85,-14.22],[124.77,-14.24],[124.69,-14.31],[124.65,-14.38],[124.63,-14.46],[124.65,-14.56],[124.55,-14.72],[124.44,-14.8],[124.25,-14.86],[124.17,-14.91],[124.14,-14.96],[124.05,-15.01],[124.01,-15.09],[123.92,-15.17],[123.89,-15.23],[123.89,-15.34],[123.81,-15.42],[123.81,-15.26],[123.76,-15.18],[123.69,-15.13],[123.55,-15.1],[123.49,-15.1],[123.41,-15.12],[123.36,-15.15],[123.31,-15.23],[123.22,-15.23],[123.07,-15.21],[123,-15.23],[122.92,-15.31],[122.89,-15.37],[122.88,-15.48],[122.9,-15.57],[122.94,-15.65],[123.02,-15.74],[123.19,-15.84],[123.06,-15.91],[123,-15.97],[122.97,-16.07],[122.91,-16.13],[122.75,-16.26],[122.68,-16.39],[122.58,-16.48],[122.53,-16.56],[122.45,-16.6],[122.4,-16.66],[122.36,-16.73],[122.3,-16.68],[122.18,-16.64],[122.03,-16.65],[121.92,-16.71],[121.87,-16.8],[121.87,-16.88],[121.91,-16.97],[122.02,-17.06],[122.01,-17.13],[121.96,-17.23],[121.93,-17.33],[121.93,-17.49],[121.94,-17.61],[121.98,-17.72],[121.97,-17.78],[121.99,-17.87],[121.97,-17.91],[121.94,-18.16],[121.86,-18.24],[121.77,-18.25],[121.68,-18.28],[121.54,-18.43],[121.5,-18.52],[121.43,-18.57],[121.38,-18.66],[121.38,-18.73],[121.4,-18.8],[121.36,-18.85],[121.3,-19],[121.12,-19.23],[120.93,-19.39],[120.83,-19.45],[120.6,-19.55],[120.42,-19.61],[120.27,-19.64],[120.21,-19.69],[120.04,-19.69],[119.92,-19.71],[119.8,-19.75],[119.71,-19.76],[119.59,-19.82],[119.4,-19.78],[119.34,-19.74],[119.27,-19.72],[119.3,-19.67],[119.32,-19.59],[119.31,-19.52],[119.27,-19.45],[119.18,-19.39],[119.06,-19.38],[118.94,-19.43],[118.89,-19.5],[118.87,-19.58],[118.89,-19.67],[118.77,-19.71],[118.71,-19.77],[118.67,-19.85],[118.61,-19.92],[118.58,-20],[118.59,-20.07],[118.31,-20.11],[118.25,-20.14],[118.18,-20.13],[118.1,-20.14],[118.01,-20.2],[117.85,-20.27],[117.78,-20.32],[117.69,-20.39],[117.52,-20.48],[117.4,-20.5],[117.28,-20.32],[117.18,-20.25],[117.03,-20.22],[116.94,-20.18],[116.83,-20.15],[116.74,-20.17],[116.49,-20.27],[115.69,-20.21],[115.57,-20.15],[115.53,-20.12],[115.44,-20.07],[115.36,-20.07],[115.26,-20.11],[115.19,-20.19],[115.16,-20.25],[115.16,-20.31],[115.19,-20.38],[115.24,-20.45],[115.23,-20.58],[115.15,-20.66],[115.11,-20.77],[115.09,-20.88],[115.07,-20.93],[114.87,-21.12],[114.64,-21.35],[114.46,-21.4],[114.32,-21.43],[114.24,-21.47],[114.15,-21.56],[114.1,-21.57],[113.84,-21.7],[113.76,-21.78],[113.72,-21.86],[113.68,-22.01],[113.62,-22.19],[113.57,-22.26],[113.46,-22.45],[113.41,-22.6],[113.41,-22.69],[113.45,-22.85],[113.55,-22.96],[113.51,-23.08],[113.56,-23.34],[113.55,-23.4],[113.44,-23.49],[113.38,-23.62],[113.32,-23.71],[113.26,-23.83],[113.25,-23.92],[113.21,-24],[113.2,-24.12],[113.17,-24.2],[113.18,-24.32],[113.18,-24.42],[112.99,-24.62],[112.95,-24.68],[112.91,-24.83],[112.9,-24.95],[112.87,-25.06],[112.87,-25.14],[112.85,-25.24],[112.79,-25.36],[112.72,-25.47],[112.7,-25.6],[112.71,-25.68],[112.75,-25.76],[112.76,-25.85],[112.87,-26.05],[112.94,-26.12],[112.95,-26.22],[113,-26.3],[113.07,-26.37],[113.09,-26.48],[113.16,-26.57],[113.37,-26.76],[113.59,-27.03],[113.76,-27.32],[113.89,-27.56],[113.93,-27.68],[113.89,-27.77],[113.88,-27.86],[113.96,-28.19],[114.04,-28.3],[114.15,-28.38],[114.25,-28.52],[114.32,-28.58],[114.38,-28.68],[114.35,-28.76],[114.35,-28.85],[114.42,-28.97],[114.65,-29.19],[114.68,-29.25],[114.61,-29.33],[114.6,-29.41],[114.64,-29.52],[114.72,-29.59],[114.72,-29.62],[114.66,-29.68],[114.63,-29.75],[114.63,-29.83],[114.71,-29.94],[114.69,-30.03],[114.72,-30.19],[114.74,-30.24],[114.74,-30.32],[114.77,-30.48],[114.8,-30.58],[114.91,-30.8],[114.96,-30.85],[115.01,-30.95],[115.06,-31],[115.13,-31.15],[115.14,-31.29],[115.17,-31.34],[115.26,-31.41],[115.3,-31.52],[115.37,-31.58],[115.47,-31.79],[115.31,-31.85],[115.26,-31.9],[115.22,-31.98],[115.22,-32.1],[115.26,-32.15],[115.33,-32.2],[115.43,-32.23],[115.4,-32.34],[115.43,-32.49],[115.38,-32.62],[115.37,-32.68],[115.4,-32.85],[115.42,-32.94],[115.45,-33.11],[115.44,-33.19],[115.38,-33.34],[115.29,-33.43],[115.11,-33.34],[114.98,-33.33],[114.85,-33.37],[114.79,-33.44],[114.76,-33.52],[114.77,-33.6],[114.74,-33.65],[114.74,-33.75],[114.72,-33.81],[114.73,-33.91],[114.73,-33.99],[114.75,-34.04],[114.76,-34.17],[114.76,-34.29],[114.81,-34.39],[114.9,-34.48],[115.07,-34.6],[115.2,-34.63],[115.28,-34.62],[115.37,-34.57],[115.49,-34.62],[115.62,-34.73],[115.73,-34.82],[115.79,-34.96],[115.85,-35.01],[115.98,-35.07],[116.04,-35.15],[116.13,-35.2],[116.23,-35.22],[116.33,-35.19],[116.41,-35.23],[116.51,-35.24],[116.7,-35.28],[116.82,-35.26],[116.93,-35.26],[117.04,-35.24],[117.12,-35.27],[117.33,-35.24],[117.4,-35.28],[117.57,-35.33],[117.69,-35.33],[117.83,-35.39],[117.95,-35.38],[118.12,-35.31],[118.19,-35.26],[118.39,-35.15],[118.52,-35.14],[118.62,-35.11],[118.7,-35.03],[118.73,-34.9],[118.79,-34.87],[118.89,-34.8],[119.02,-34.68],[119.2,-34.73],[119.33,-34.72],[119.52,-34.65],[119.64,-34.58],[119.73,-34.56],[119.82,-34.5],[119.86,-34.42],[119.84,-34.3],[119.81,-34.26],[119.96,-34.18],[120.05,-34.16],[120.21,-34.15],[120.28,-34.24],[120.41,-34.3],[120.51,-34.29],[120.6,-34.26],[120.68,-34.2],[120.74,-34.25],[120.84,-34.28],[120.99,-34.25],[121.07,-34.19],[121.12,-34.07],[121.25,-34.07],[121.42,-34.17],[121.42,-34.23],[121.5,-34.33],[121.62,-34.38],[121.66,-34.43],[121.74,-34.49],[121.79,-34.58],[121.86,-34.64],[121.97,-34.67],[122.09,-34.66],[122.21,-34.57],[122.31,-34.56],[122.41,-34.49],[122.45,-34.4],[122.55,-34.39],[122.86,-34.33],[123.13,-34.37],[123.24,-34.35],[123.29,-34.36],[123.33,-34.49],[123.41,-34.55],[123.51,-34.58],[123.59,-34.57],[123.71,-34.52],[123.78,-34.45],[123.8,-34.35],[123.85,-34.31],[123.98,-34.29],[124.1,-34.21],[124.14,-34.13],[124.14,-34.07],[124.26,-34.04],[124.33,-33.99],[124.4,-33.89],[124.42,-33.83],[124.4,-33.7],[124.35,-33.59],[124.22,-33.53],[124.24,-33.44],[124.3,-33.32],[124.32,-33.25],[124.39,-33.17],[124.45,-33.15],[124.8,-33.09],[125.01,-33.01],[125.09,-32.95],[125.22,-32.89],[125.4,-32.8],[125.5,-32.78],[125.5,-32.56],[125.5,-31.3],[129,-31.3],[129,-30.58],[129,-30],[129,-29.33],[129,-28.56],[129,-28.11],[129,-27.44],[129,-26.76],[129,-26],[129,-25.46],[129,-24.87],[129,-24.51],[129,-23.93],[129,-23.21],[129,-22.44],[129,-21.87],[129,-21.18],[129,-20.46],[129,-19.74],[129,-19.25],[129,-18.53],[129,-18.17],[129,-17.58],[129,-16.95],[129,-16.55],[129,-15.83],[129,-15.42],[129,-14.87],[129.05,-14.44]]],[[[115,-86],[120,-86],[135,-86],[150,-86],[160,-86],[160,-70],[150,-70],[135,-70],[120,-70],[120,-65],[97,-64],[97,-70],[115,-70],[115,-86]]],[[[114.25,7.54],[114.34,7.62],[114.36,7.72],[114.34,7.8],[114.26,7.89],[114.26,7.94],[114.35,8.03],[114.4,7.96],[114.46,7.93],[114.6,7.89],[114.71,7.89],[114.86,7.93],[114.96,8],[115,8.1],[115,8.17],[114.97,8.23],[114.92,8.28],[114.8,8.36],[114.71,8.38],[114.64,8.37],[114.46,8.3],[114.4,8.28],[114.32,8.19],[114.25,8.27],[114.15,8.3],[114.07,8.29],[113.99,8.23],[113.95,8.16],[113.83,8.15],[113.74,8.07],[113.72,7.95],[113.75,7.85],[113.74,7.81],[113.67,7.78],[113.6,7.68],[113.59,7.62],[113.61,7.53],[113.65,7.48],[113.62,7.38],[113.66,7.26],[113.74,7.2],[113.8,7.18],[113.9,7.19],[113.96,7.23],[114.02,7.35],[114.02,7.43],[114.08,7.47],[114.11,7.52],[114.19,7.52],[114.25,7.54]]]]},"properties":{"tzid":"Asia/Manila"}},
{"type":"Feature","geometry":{"type":"MultiPolygon","coordinates":[[[[114.55,10.1],[114.57,10.2],[114.6,10.21],[114.69,10.58],[114.53,10.55],[114.45,10.55],[114.43,10.29],[114.35,10.33],[114.29,10.35],[114.33,10.05],[114.16,9.99],[114.13,9.93],[114.08,9.87],[114.06,9.8],[114.06,9.71],[114.09,9.65],[114.32,9.78],[114.45,9.6],[114.53,9.65],[114.56,9.7],[114.64,9.72],[114.73,9.79],[114.76,9.86],[114.75,9.98],[114.7,10.05],[114.66,10.08],[114.55,10.1]],[[114.55,10.1],[114.51,9.71],[114.44,9.72],[114.39,10.05],[114.55,10.1]]],[[[100.82,3.02],[100.37,3.36],[99.93,3.7],[99.62,3.94],[99.59,3.96],[98.87,4.34],[98.42,4.58],[98.07,5.02],[98.05,5.04],[97.68,5.37],[97.6,5.42],[97.5,5.45],[96.86,5.47],[95.97,5.69],[95.46,6.05],[95.25,6.23],[95.19,6.26],[95.11,6.27],[95.01,6.24],[94.93,6.16],[94.79,5.88],[94.77,5.8],[94.79,5.71],[95.02,5.2],[95.16,4.84],[95.18,2.98],[95.21,2.89],[95.26,2.81],[95.78,2.38],[96.72,1.46],[96.87,1.31],[96.88,1.19],[96.91,1.11],[97.19,0.64],[97.66,-0.17],[97.69,-0.21],[98.24,-1.03],[98.43,-1.33],[98.71,-1.78],[98.74,-1.82],[98.94,-2.01],[99.84,-2.96],[100.18,-3.42],[100.62,-3.88],[100.88,-4.15],[101.93,-5.48],[102.11,-5.65],[102.22,-5.72],[102.39,-5.71],[103.51,-5.51],[103.83,-5.46],[104.29,-6.02],[104.65,-6.46],[105.08,-6.97],[105.15,-7.02],[105.44,-7.2],[106.05,-7.46],[106.36,-7.58],[107.8,-7.94],[108.27,-8.02],[108.44,-8.02],[108.83,-7.99],[109.4,-7.98],[109.9,-8.13],[110.37,-8.29],[110.64,-8.39],[110.88,-8.44],[111.47,-8.57],[111.7,-8.61],[113.26,-8.71],[114.49,-8.98],[114.93,-9.03],[114.78,-8.64],[114.55,-8.52],[114.42,-8.32],[114.41,-8.17],[114.43,-8.08],[114.49,-8.03],[114.64,-7.75],[114.94,-7.46],[115.7,-7.51],[116.34,-7.56],[116.48,-5.41],[114.57,-4.96],[113.99,-5.19],[114.35,-3.46],[114.36,-3.39],[114.35,-3.35],[114.37,-3.29],[114.44,-3.24],[114.42,-3.18],[114.55,-3.07],[114.51,-3],[114.62,-2.88],[114.6,-2.82],[114.67,-2.8],[114.67,-2.75],[114.76,-2.72],[114.79,-2.68],[114.79,-2.6],[114.89,-2.5],[114.91,-2.46],[115.01,-2.39],[115.04,-2.34],[115.1,-2.31],[115.25,-2.21],[115.3,-2.22],[115.33,-2.09],[115.36,-2.04],[115.4,-2.05],[115.44,-1.94],[115.39,-1.89],[115.32,-1.89],[115.31,-1.8],[115.35,-1.67],[115.37,-1.65],[115.36,-1.59],[115.39,-1.52],[115.47,-1.43],[115.52,-1.43],[115.63,-1.35],[115.72,-1.34],[115.76,-1.29],[115.78,-1.23],[115.85,-1.17],[115.84,-1.1],[115.77,-1.14],[115.71,-1.07],[115.68,-1.01],[115.63,-0.99],[115.55,-0.86],[115.48,-0.88],[115.38,-0.88],[115.29,-0.8],[115.3,-0.74],[115.35,-0.72],[115.33,-0.68],[115.38,-0.64],[115.38,-0.57],[115.34,-0.54],[115.27,-0.45],[115.23,-0.36],[115.26,-0.24],[115.3,-0.21],[115.26,-0.16],[115.31,-0.12],[115.28,-0.05],[115.17,-0.09],[115.15,-0.14],[115.07,-0.15],[115.01,-0.27],[114.98,-0.28],[114.92,-0.23],[114.92,-0.1],[114.89,-0.03],[114.82,-0.04],[114.8,0.01],[114.71,0.07],[114.77,0.12],[114.76,0.15],[114.83,0.19],[114.86,0.27],[114.9,0.32],[115.02,0.33],[115.04,0.3],[115.12,0.37],[115.14,0.43],[115.01,0.6],[114.99,0.73],[114.94,0.77],[114.87,0.74],[114.83,0.75],[114.72,0.7],[114.66,0.7],[114.6,0.63],[114.54,0.62],[114.52,0.56],[114.49,0.57],[114.36,0.53],[114.2,0.54],[114.16,0.68],[114.12,0.7],[113.92,0.64],[113.84,0.66],[113.84,0.7],[113.89,0.73],[113.87,0.78],[113.93,0.84],[113.88,0.88],[113.87,0.92],[113.91,0.97],[113.89,1.02],[113.94,1.06],[113.99,1.14],[114.13,1.16],[114.16,1.31],[114.16,1.37],[114.2,1.42],[114.14,1.47],[113.97,1.45],[113.81,1.37],[113.8,1.3],[113.7,1.27],[113.66,1.22],[113.6,1.26],[113.54,1.32],[113.43,1.29],[113.36,1.36],[113.24,1.39],[113.18,1.38],[113.1,1.44],[113.02,1.41],[112.99,1.45],[113.03,1.49],[113.06,1.55],[112.99,1.58],[112.93,1.57],[112.88,1.59],[112.81,1.54],[112.77,1.56],[112.68,1.55],[112.66,1.57],[112.5,1.58],[112.44,1.54],[112.21,1.45],[112.23,1.38],[112.18,1.31],[112.14,1.14],[111.94,1.12],[111.89,1.08],[111.86,1],[111.82,0.99],[111.77,1.02],[111.72,1.01],[111.67,1.04],[111.6,1.01],[111.55,0.96],[111.49,1.04],[111.39,1.02],[111.23,1.09],[111.14,1.05],[111,1.03],[110.91,1.03],[110.89,0.98],[110.76,0.92],[110.7,0.88],[110.6,0.86],[110.49,0.88],[110.41,0.95],[110.4,1],[110.3,1],[110.28,1.05],[110.21,1.12],[110.21,1.15],[110.17,1.2],[110.1,1.2],[110.06,1.26],[109.98,1.3],[109.96,1.4],[109.93,1.43],[109.84,1.42],[109.78,1.51],[109.66,1.62],[109.67,1.73],[109.69,1.78],[109.62,1.8],[109.59,1.79],[109.55,1.86],[109.54,1.93],[109.56,1.97],[109.62,1.98],[109.65,2.08],[109.83,2.16],[109.8,2.22],[109.33,2.77],[109.09,3.13],[108.6,4.1],[108.2,4.89],[108.16,4.94],[108.09,4.98],[108.03,5],[107.94,4.98],[107.88,4.95],[107.76,4.85],[107.55,4.63],[107.3,4.22],[106.19,3.63],[105.88,3.52],[105.84,3.5],[105.47,3.26],[105.41,3.19],[105.21,2.84],[105.18,2.75],[105.2,2.65],[105.37,2.31],[104.78,1.34],[104.67,1.42],[104.57,1.44],[104.51,1.44],[104.43,1.34],[104.36,1.3],[104.03,1.27],[103.81,1.17],[103.74,1.13],[103.66,1.19],[103.44,1.22],[103.38,1.25],[103.06,1.32],[103.04,1.32],[102.58,1.69],[102.22,1.92],[101.78,2.26],[101.2,2.69],[100.82,3.02]]],[[[102.16,6.44],[102.16,6.46],[102.26,6.65],[102.19,7.43],[101.33,8.16],[100.89,8.53],[100.48,9.31],[100.3,9.66],[100.28,9.79],[100.26,9.85],[100.15,10.07],[99.99,10.27],[99.63,10.59],[99.72,10.67],[99.74,10.77],[99.72,10.93],[99.77,11.05],[99.77,11.23],[99.82,11.33],[99.82,11.4],[99.91,11.45],[99.97,11.53],[99.98,11.61],[100.04,11.71],[100.04,11.89],[100.12,11.96],[100.22,12.14],[100.24,12.26],[100.21,12.33],[100.22,12.38],[100.77,12.39],[100.82,12.34],[100.92,12.29],[101.02,12.28],[101.08,12.31],[101.17,12.42],[101.25,12.46],[101.26,12.4],[101.32,12.34],[101.38,12.3],[101.48,12.3],[101.6,12.22],[101.66,12.2],[101.74,12.22],[101.83,12.28],[101.86,12.22],[101.9,12.17],[101.99,12.13],[102.04,12.13],[102.03,12.02],[102.1,11.86],[102.22,11.67],[102.4,11.44],[102.56,11.35],[102.76,11.4],[102.59,11.16],[102.59,11.09],[102.63,10.65],[102.67,10.22],[102.68,9.92],[102.73,9.8],[103.02,9.46],[103.29,9.12],[103.34,9.08],[103.48,8.99],[104.77,8.21],[104.83,8.18],[104.9,8.18],[105.67,8.29],[106.06,8.35],[106.65,8.43],[106.8,8.49],[108.43,9.38],[109.18,9.79],[109.26,9.87],[109.28,9.94],[109.4,10.76],[109.54,11.71],[109.67,12.6],[109.67,12.66],[109.66,12.92],[109.58,13.62],[109.55,13.93],[109.46,14.61],[109.36,15.41],[109.3,15.52],[109.02,15.8],[108.66,16.17],[108.48,16.33],[107.69,17.11],[107.5,17.3],[107.3,17.53],[106.83,18.04],[106.66,18.24],[106.19,18.86],[106.16,19.3],[106.35,19.49],[106.95,20.08],[107.33,20.45],[107.54,20.53],[107.59,20.56],[107.95,20.83],[108.18,21.06],[108.21,21.21],[108.13,21.28],[108.1,21.45],[108.1,21.47],[108.03,21.55],[107.95,21.54],[107.9,21.6],[107.87,21.65],[107.82,21.66],[107.69,21.61],[107.54,21.59],[107.49,21.6],[107.48,21.66],[107.36,21.61],[107.36,21.66],[107.3,21.74],[107.25,21.71],[107.2,21.72],[107.09,21.81],[107,21.83],[107.06,21.9],[107.02,21.95],[106.96,21.92],[106.92,21.97],[106.81,21.97],[106.78,22],[106.71,22.03],[106.71,22.1],[106.68,22.17],[106.7,22.21],[106.69,22.28],[106.66,22.33],[106.57,22.34],[106.59,22.38],[106.56,22.47],[106.61,22.6],[106.69,22.58],[106.75,22.69],[106.76,22.74],[106.82,22.77],[106.69,22.89],[106.65,22.87],[106.59,22.93],[106.51,22.95],[106.5,22.91],[106.29,22.87],[106.24,22.95],[106.2,22.99],[106,22.99],[106,22.95],[105.87,22.93],[105.83,23],[105.73,23.04],[105.72,23.06],[105.57,23.08],[105.57,23.16],[105.49,23.23],[105.44,23.3],[105.41,23.29],[105.31,23.38],[105.23,23.26],[105.18,23.29],[105.11,23.25],[105.08,23.27],[105.03,23.22],[104.96,23.2],[104.88,23.13],[104.8,23.12],[104.83,23],[104.87,22.96],[104.84,22.92],[104.77,22.9],[104.74,22.83],[104.67,22.82],[104.58,22.85],[104.48,22.76],[104.38,22.69],[104.27,22.74],[104.26,22.84],[104.12,22.81],[104.05,22.73],[104.03,22.69],[104.01,22.52],[103.96,22.51],[103.83,22.62],[103.77,22.69],[103.67,22.77],[103.62,22.77],[103.56,22.7],[103.58,22.66],[103.53,22.6],[103.49,22.62],[103.43,22.71],[103.44,22.75],[103.37,22.8],[103.32,22.78],[103.29,22.74],[103.28,22.68],[103.19,22.64],[103.14,22.54],[103.03,22.44],[102.99,22.48],[102.93,22.48],[102.86,22.61],[102.79,22.63],[102.69,22.7],[102.65,22.69],[102.61,22.73],[102.51,22.78],[102.46,22.77],[102.44,22.7],[102.38,22.68],[102.4,22.63],[102.3,22.53],[102.26,22.47],[102.27,22.43],[102.13,22.43],[102.05,22.46],[102,22.43],[101.92,22.44],[101.9,22.38],[101.83,22.42],[101.82,22.46],[101.76,22.51],[101.67,22.48],[101.67,22.37],[101.62,22.28],[101.57,22.28],[101.55,22.23],[101.6,22.14],[101.57,22.13],[101.63,22.01],[101.62,21.98],[101.74,21.87],[101.77,21.82],[101.75,21.73],[101.77,21.66],[101.82,21.59],[101.75,21.58],[101.76,21.5],[101.73,21.35],[101.76,21.29],[101.8,21.29],[101.83,21.23],[101.79,21.2],[101.76,21.14],[101.72,21.14],[101.67,21.2],[101.59,21.19],[101.61,21.24],[101.48,21.25],[101.39,21.23],[101.28,21.18],[101.22,21.23],[101.25,21.29],[101.19,21.33],[101.14,21.41],[101.2,21.44],[101.19,21.47],[101.21,21.56],[101.15,21.56],[101.16,21.53],[101.06,21.46],[101,21.39],[100.88,21.35],[100.81,21.29],[100.73,21.32],[100.7,21.17],[100.6,21.03],[100.55,21.03],[100.51,20.89],[100.61,20.84],[100.49,20.82],[100.42,20.83],[100.36,20.82],[100.22,20.71],[100.18,20.64],[100.12,20.43],[100.08,20.37],[99.97,20.46],[99.87,20.44],[99.81,20.34],[99.73,20.35],[99.68,20.32],[99.52,20.36],[99.51,20.33],[99.52,20.23],[99.56,20.21],[99.54,20.15],[99.5,20.12],[99.4,20.09],[99.34,20.11],[99.16,20.13],[99.07,20.09],[99.03,19.97],[99.03,19.86],[99.01,19.79],[98.92,19.76],[98.83,19.8],[98.78,19.75],[98.67,19.75],[98.61,19.71],[98.52,19.71],[98.47,19.7],[98.32,19.7],[98.25,19.68],[98.24,19.71],[98.14,19.79],[98.08,19.81],[98.04,19.8],[98.03,19.64],[97.98,19.6],[97.86,19.58],[97.88,19.51],[97.79,19.4],[97.82,19.33],[97.84,19.23],[97.84,19.09],[97.77,19.07],[97.74,19.04],[97.74,18.98],[97.69,18.95],[97.74,18.89],[97.74,18.83],[97.77,18.69],[97.77,18.58],[97.65,18.58],[97.6,18.54],[97.44,18.5],[97.39,18.51],[97.44,18.34],[97.5,18.27],[97.55,18.33],[97.62,18.32],[97.64,18.29],[97.61,18.22],[97.68,18.16],[97.68,18.12],[97.72,18.02],[97.74,17.96],[97.69,17.92],[97.67,17.88],[97.72,17.82],[97.79,17.68],[97.91,17.58],[97.92,17.54],[97.99,17.51],[98.11,17.39],[98.11,17.32],[98.25,17.21],[98.29,17.16],[98.28,17.12],[98.35,17.05],[98.44,17.04],[98.49,16.97],[98.53,16.87],[98.54,16.83],[98.49,16.79],[98.46,16.73],[98.51,16.7],[98.52,16.65],[98.56,16.63],[98.58,16.56],[98.66,16.45],[98.64,16.43],[98.68,16.28],[98.74,16.34],[98.88,16.42],[98.93,16.33],[98.9,16.25],[98.85,16.21],[98.85,16.14],[98.81,16.1],[98.7,16.14],[98.63,16.04],[98.56,16.03],[98.61,15.97],[98.58,15.92],[98.61,15.87],[98.58,15.8],[98.55,15.69],[98.55,15.6],[98.59,15.47],[98.58,15.38],[98.47,15.37],[98.39,15.34],[98.39,15.26],[98.31,15.31],[98.21,15.18],[98.18,15.1],[98.23,15.04],[98.23,14.97],[98.26,14.86],[98.25,14.83],[98.32,14.71],[98.44,14.61],[98.55,14.43],[98.6,14.33],[98.63,14.32],[98.76,14.21],[98.83,14.17],[98.88,14.12],[98.97,14.08],[99.02,13.95],[99.08,13.89],[99.12,13.77],[99.17,13.73],[99.17,13.56],[99.21,13.38],[99.19,13.29],[99.21,13.21],[99.14,13.21],[99.13,13.1],[99.1,13.07],[99.18,12.99],[99.17,12.94],[99.19,12.85],[99.22,12.83],[99.23,12.74],[99.29,12.72],[99.29,12.68],[99.41,12.62],[99.44,12.57],[99.4,12.46],[99.44,12.4],[99.43,12.34],[99.47,12.23],[99.52,12.15],[99.57,12.15],[99.53,12.07],[99.54,12.01],[99.59,11.99],[99.58,11.91],[99.63,11.83],[99.66,11.83],[99.64,11.73],[99.58,11.68],[99.57,11.63],[99.52,11.64],[99.47,11.61],[99.47,11.53],[99.44,11.48],[99.39,11.46],[99.4,11.39],[99.31,11.32],[99.32,11.28],[99.26,11.21],[99.23,11.11],[99.16,11.03],[99.1,11.01],[99.08,10.95],[99.02,10.97],[99,10.91],[99.01,10.86],[98.96,10.81],[98.86,10.78],[98.78,10.68],[98.77,10.62],[98.81,10.58],[98.82,10.5],[98.76,10.39],[98.71,10.23],[98.67,10.17],[98.58,9.99],[98.53,9.92],[98.49,9.95],[98.42,9.96],[98.34,9.88],[98.28,9.77],[98.24,9.66],[98.21,9.62],[98.12,9.55],[98.06,9.53],[97.98,9.53],[97.86,9.58],[97.72,9.61],[97.65,9.49],[97.64,9.37],[97.72,9.25],[97.69,9.23],[97.62,9.13],[97.61,9.07],[97.63,8.96],[97.59,8.87],[97.53,8.83],[97.46,8.75],[97.43,8.56],[97.45,8.47],[97.49,8.36],[97.58,8.28],[97.66,8.27],[97.77,8.3],[97.85,8.39],[97.89,8.44],[97.89,8.54],[97.86,8.63],[97.93,8.66],[98,8.74],[98.02,8.79],[98.02,8.89],[97.98,8.95],[98.02,9.03],[98.06,9.03],[98.03,8.89],[98.05,8.82],[98.02,8.62],[98.01,8.5],[98.05,8.38],[98.07,8.29],[98.07,8.19],[98.1,8.13],[98.06,8.04],[98.08,7.97],[98.07,7.86],[98.09,7.8],[98.1,7.68],[98.16,7.59],[98.12,7.5],[98.12,7.4],[98.14,7.35],[98.2,7.29],[98.29,7.26],[98.4,7.28],[98.49,7.37],[98.51,7.45],[98.57,7.55],[98.6,7.55],[98.69,7.47],[98.69,7.38],[98.73,7.28],[98.78,7.24],[98.86,7.22],[98.88,7.09],[98.97,7.02],[99.08,7],[99.19,7.04],[99.21,6.99],[99.3,6.88],[99.31,6.77],[99.27,6.78],[99.11,6.76],[99,6.66],[98.96,6.55],[98.97,6.45],[99.01,6.38],[99.11,6.3],[99.23,6.28],[99.32,6.27],[99.46,6.31],[99.51,6.48],[99.55,6.51],[99.65,6.48],[99.88,6.54],[100,6.43],[100.12,6.42],[100.16,6.48],[100.15,6.56],[100.17,6.61],[100.17,6.69],[100.29,6.69],[100.33,6.66],[100.32,6.6],[100.37,6.54],[100.5,6.52],[100.66,6.45],[100.74,6.49],[100.81,6.44],[100.84,6.3],[100.9,6.23],[100.98,6.28],[101.01,6.25],[101.09,6.26],[101.13,6.19],[101.06,6.14],[101.12,6.11],[101.1,6.05],[101.11,5.99],[101.09,5.91],[101.04,5.92],[100.98,5.81],[101.03,5.74],[101.08,5.72],[101.14,5.61],[101.22,5.66],[101.26,5.71],[101.25,5.76],[101.28,5.81],[101.34,5.81],[101.4,5.87],[101.48,5.87],[101.58,5.93],[101.66,5.87],[101.66,5.82],[101.69,5.76],[101.75,5.8],[101.79,5.75],[101.88,5.83],[101.94,5.87],[101.93,5.91],[101.94,5.98],[102,6.05],[102.06,6.09],[102.09,6.14],[102.08,6.23],[102.16,6.44]]],[[[107.57,20.27],[107.51,20.17],[107.51,20.1],[107.56,19.99],[107.63,19.94],[107.73,19.92],[107.84,19.94],[107.93,20.04],[107.95,20.15],[107.91,20.25],[107.83,20.31],[107.7,20.34],[107.63,20.32],[107.57,20.27]]],[[[114.49,11.3],[114.41,11.38],[114.29,11.49],[114.18,11.56],[114.11,11.46],[114.1,11.36],[114.13,11.28],[114.18,11.23],[114.4,11.22],[114.49,11.3]]],[[[112.7,9.02],[112.6,9.04],[112.53,9.03],[112.45,9.11],[112.39,9.13],[112.3,9.12],[112.21,9.07],[112.14,9.05],[112.03,8.96],[112,8.9],[111.99,8.83],[111.91,8.84],[111.81,8.81],[111.74,8.86],[111.63,8.86],[111.56,8.83],[111.48,8.74],[111.47,8.65],[111.49,8.58],[111.53,8.53],[111.6,8.48],[111.71,8.47],[111.78,8.5],[111.86,8.46],[111.92,8.44],[112.01,8.46],[112.07,8.51],[112.12,8.6],[112.12,8.66],[112.24,8.65],[112.39,8.71],[112.43,8.67],[112.51,8.63],[112.68,8.62],[112.79,8.67],[112.7,9.02]]],[[[113.1,8.23],[113.04,8.16],[113.03,8.06],[112.94,8.09],[112.87,8.09],[112.8,8.05],[112.74,7.97],[112.72,7.87],[112.78,7.75],[112.86,7.7],[112.93,7.69],[113.01,7.71],[113.1,7.8],[113.12,7.91],[113.21,7.88],[113.28,7.88],[113.37,7.94],[113.45,8.04],[113.48,8.11],[113.53,8.18],[113.56,8.26],[113.55,8.31],[113.52,8.38],[113.43,8.45],[113.34,8.47],[113.24,8.43],[113.18,8.38],[113.16,8.31],[113.1,8.23]]],[[[114.2,8.91],[114.1,8.99],[114.01,9.02],[113.9,9.03],[113.83,9.13],[113.79,9.16],[113.69,9.17],[113.6,9.15],[113.52,9.11],[113.47,9.04],[113.45,8.93],[113.51,8.82],[113.61,8.76],[113.73,8.77],[113.76,8.72],[113.82,8.66],[113.91,8.63],[113.98,8.59],[114.03,8.58],[114.11,8.53],[114.23,8.52],[114.32,8.56],[114.36,8.61],[114.39,8.73],[114.36,8.82],[114.29,8.88],[114.2,8.91]]],[[[114.45,8.86],[114.49,8.74],[114.59,8.67],[114.7,8.66],[114.77,8.69],[114.82,8.74],[114.85,8.81],[114.84,8.94],[114.78,9.01],[114.66,9.06],[114.59,9.05],[114.49,8.98],[114.45,8.86]]],[[[114.06,10.09],[114.02,10.22],[113.96,10.27],[113.83,10.3],[113.75,10.27],[113.7,10.22],[113.66,10.13],[113.64,10.03],[113.65,9.94],[113.73,9.85],[113.82,9.81],[113.94,9.84],[114.01,9.89],[114.04,9.96],[114.06,10.09]]],[[[75.69,54.12],[76.2,54.26],[76.19,54.3],[76.26,54.36],[76.48,54.32],[76.68,54.34],[76.73,54.42],[76.8,54.42],[76.93,54.46],[76.94,54.42],[76.86,54.36],[76.88,54.3],[76.83,54.22],[76.76,54.16],[76.64,54.12],[76.58,54.15],[76.44,54.17],[76.44,54.12],[76.5,54.07],[76.54,54],[76.89,53.82],[77.34,53.59],[77.91,53.29],[78.03,53.16],[78.4,52.78],[78.72,52.43],[79.19,51.92],[79.41,51.62],[79.72,51.22],[80.08,50.74],[80.08,50.83],[80.19,50.83],[80.19,50.9],[80.38,50.93],[80.48,50.97],[80.48,51.11],[80.44,51.12],[80.45,51.21],[80.63,51.21],[80.63,51.26],[80.68,51.32],[80.91,51.26],[80.92,51.22],[81.18,51.16],[81.15,51.1],[81.1,51.06],[81.06,50.95],[81.19,50.95],[81.29,50.97],[81.41,50.98],[81.44,50.86],[81.49,50.82],[81.45,50.76],[81.58,50.74],[81.8,50.77],[81.89,50.8],[82.01,50.79],[82.08,50.75],[82.22,50.74],[82.27,50.77],[82.35,50.78],[82.57,50.75],[82.7,50.81],[82.74,50.85],[82.73,50.93],[82.91,50.91],[83.01,50.93],[83.2,50.99],[83.41,51.01],[83.45,50.98],[83.59,50.95],[83.65,50.95],[83.71,50.89],[83.83,50.88],[83.98,50.78],[83.95,50.75],[84.08,50.63],[84.14,50.61],[84.18,50.55],[84.25,50.52],[84.2,50.47],[84.27,50.36],[84.25,50.29],[84.33,50.23],[84.41,50.21],[84.45,50.25],[84.53,50.21],[84.63,50.21],[84.86,50.09],[84.95,50.1],[85.02,50.06],[85.04,50.01],[84.98,49.98],[85,49.91],[85.06,49.89],[85.15,49.77],[85.2,49.74],[85.21,49.63],[85.26,49.59],[85.32,49.59],[85.39,49.63],[85.49,49.6],[85.58,49.61],[85.68,49.55],[85.76,49.58],[85.84,49.55],[85.88,49.57],[85.97,49.49],[86.04,49.52],[86.11,49.52],[86.2,49.47],[86.27,49.58],[86.37,49.59],[86.58,49.72],[86.61,49.77],[86.69,49.81],[86.77,49.76],[86.78,49.7],[86.71,49.69],[86.6,49.61],[86.62,49.57],[86.74,49.57],[86.83,49.55],[86.85,49.44],[86.93,49.42],[86.93,49.35],[87.01,49.3],[87.03,49.26],[87.2,49.25],[87.27,49.23],[87.3,49.17],[87.29,49.12],[87.44,49.07],[87.57,49.13],[87.7,49.17],[87.82,49.17],[87.87,49.11],[87.83,49.05],[87.9,48.98],[87.75,48.91],[87.82,48.8],[87.94,48.76],[88,48.76],[88.07,48.68],[87.97,48.58],[88.24,48.5],[88.36,48.46],[88.44,48.39],[88.51,48.38],[88.6,48.34],[88.57,48.28],[88.64,48.18],[88.71,48.17],[88.82,48.1],[88.91,48.11],[89.01,48.05],[89.06,47.99],[89.16,48],[89.23,47.98],[89.29,48.01],[89.4,48.03],[89.58,48.03],[89.59,47.97],[89.65,47.91],[89.73,47.9],[89.76,47.83],[89.95,47.83],[89.96,47.89],[90.07,47.87],[90.07,47.79],[90.14,47.72],[90.3,47.69],[90.4,47.54],[90.47,47.49],[90.46,47.41],[90.52,47.38],[90.48,47.31],[90.59,47.17],[90.62,47.16],[90.78,46.99],[90.9,46.96],[90.96,46.88],[90.94,46.83],[91.05,46.72],[91.01,46.58],[91.07,46.56],[91.01,46.46],[90.97,46.36],[90.89,46.31],[91.01,46.12],[91.02,46.02],[90.85,45.89],[90.72,45.73],[90.68,45.61],[90.67,45.49],[90.77,45.43],[90.81,45.32],[90.89,45.25],[90.93,45.19],[91,45.21],[91.12,45.21],[91.24,45.13],[91.37,45.11],[91.43,45.16],[91.49,45.1],[91.69,45.06],[91.8,45.08],[92.06,45.08],[92.23,45.01],[92.31,45.03],[92.49,45],[92.64,45.02],[92.78,45.05],[92.88,45.05],[92.93,45.02],[93.17,45.01],[93.2,45],[93.17,45.13],[93.15,45.33],[93.14,45.56],[93.1,45.63],[93.12,45.67],[93.11,45.74],[93.24,45.81],[93.36,45.84],[93.38,45.91],[93.44,45.95],[93.4,46],[93.47,46.1],[93.46,46.12],[93.65,46.39],[93.59,46.46],[93.61,46.5],[93.5,46.6],[93.69,46.62],[93.74,46.6],[93.84,46.62],[93.93,46.72],[94.05,46.73],[94.31,46.78],[94.28,46.86],[94.16,46.99],[94.04,47.21],[94.06,47.25],[93.99,47.31],[93.79,47.35],[93.72,47.44],[93.51,47.57],[93.59,47.62],[93.62,47.67],[93.39,47.78],[93.27,47.86],[93.18,47.97],[93.35,48.08],[93.42,48.15],[93.48,48.3],[93.48,48.37],[93.43,48.42],[93.51,48.49],[93.67,48.53],[93.69,48.61],[93.76,48.67],[94,48.73],[94.1,48.79],[94.21,48.78],[94.33,48.74],[94.5,48.72],[94.71,48.72],[94.73,48.68],[95.04,48.69],[95.13,48.71],[95.33,48.82],[95.45,48.82],[95.53,48.89],[95.54,49.05],[95.57,49.16],[95.66,49.23],[95.73,49.36],[95.48,49.5],[95.43,49.63],[95.41,49.72],[95.5,49.85],[95.49,49.89],[95.57,49.94],[95.67,49.96],[95.8,49.96],[95.77,50.02],[95.84,50.04],[95.92,50.02],[95.97,49.97],[96.02,50],[96.26,49.98],[96.35,49.91],[96.42,49.88],[96.51,49.94],[96.6,49.88],[96.71,49.93],[96.74,49.91],[97,49.89],[97.01,49.83],[97.23,49.74],[97.42,49.78],[97.58,49.86],[97.55,49.92],[97.78,49.99],[97.83,49.92],[97.9,49.98],[98.07,50.04],[98.11,50.13],[98.18,50.16],[98.17,50.2],[98.23,50.24],[98.25,50.29],[98.31,50.32],[98.27,50.41],[98.33,50.47],[98.27,50.54],[98.15,50.58],[98.01,50.67],[97.98,50.78],[98,50.88],[97.86,50.96],[97.83,51.02],[97.87,51.05],[97.9,51.15],[97.96,51.28],[97.95,51.33],[98.05,51.45],[98.13,51.47],[98.22,51.46],[98.26,51.51],[98.23,51.55],[98.33,51.69],[98.38,51.74],[98.45,51.74],[98.52,51.78],[98.76,51.87],[98.81,51.96],[98.81,52.03],[98.86,52.14],[98.99,52.16],[98.89,52.2],[98.74,52.29],[98.66,52.27],[98.68,52.37],[98.63,52.42],[98.83,52.54],[98.79,52.61],[98.94,52.67],[98.95,52.79],[98.85,52.83],[98.94,52.94],[99.12,52.87],[99.23,52.87],[99.26,52.95],[99.2,52.98],[99,53.03],[99.01,53.1],[98.93,53.15],[98.88,53.13],[98.67,53.15],[98.64,53.1],[98.31,53.09],[98.32,53.19],[98.19,53.25],[98,53.25],[97.96,53.3],[97.99,53.34],[97.87,53.35],[97.59,53.38],[97.6,53.43],[97.46,53.46],[97.3,53.58],[97.01,53.65],[96.9,53.73],[96.74,53.73],[96.67,53.64],[96.62,53.68],[96.49,53.69],[96.46,53.75],[96.4,53.76],[96.34,53.84],[96.19,53.91],[96.06,54.03],[96.1,54.06],[95.91,54.12],[95.9,54.16],[95.8,54.23],[95.68,54.24],[95.65,54.29],[95.75,54.42],[95.92,54.4],[95.97,54.5],[96.07,54.57],[96.21,54.54],[96.34,54.56],[96.49,54.52],[96.54,54.53],[96.58,54.63],[96.57,54.69],[96.66,54.79],[96.71,54.87],[96.69,54.95],[96.59,55.03],[96.67,55.07],[96.67,55.15],[96.72,55.27],[96.94,55.31],[96.85,55.43],[96.81,55.57],[96.85,55.6],[96.75,55.66],[96.79,55.79],[96.84,55.84],[96.99,55.85],[96.99,56],[97.06,56],[97.13,56.11],[97.3,56.07],[97.36,56.03],[97.47,56.2],[97.57,56.19],[97.56,56.38],[97.88,56.38],[97.88,56.53],[97.74,56.55],[97.78,56.59],[97.76,56.7],[97.79,56.8],[97.67,56.81],[97.53,56.79],[97.47,56.84],[97.48,56.88],[97.56,56.9],[97.67,56.96],[97.53,56.97],[97.34,57.03],[97.57,57.33],[97.95,57.83],[98.11,57.83],[98.25,57.81],[98.49,57.8],[98.64,57.77],[98.76,57.79],[98.91,57.71],[99.09,57.78],[99.2,57.76],[99.35,57.8],[99.46,57.81],[99.5,57.88],[99.63,57.99],[99.63,58.05],[99.68,58.08],[99.81,58.06],[99.96,58.08],[100.09,58.07],[100.08,57.95],[100.15,57.87],[100.29,57.79],[100.38,57.73],[100.32,57.68],[100.43,57.58],[100.4,57.55],[100.52,57.49],[100.68,57.46],[100.74,57.41],[100.87,57.46],[100.96,57.47],[100.95,57.57],[100.82,57.63],[100.91,57.78],[100.86,57.85],[100.97,57.86],[101.1,57.96],[101.17,58.04],[101.11,58.1],[101.2,58.13],[101.37,58.23],[101.5,58.23],[101.64,58.33],[101.68,58.4],[101.81,58.46],[102.1,58.49],[102.28,58.56],[102.36,58.66],[102.43,58.67],[102.57,58.74],[102.55,58.9],[102.45,58.94],[102.45,59.02],[102.4,59.08],[102.5,59.19],[102.83,59.21],[102.94,59.3],[103.02,59.32],[103.22,59.24],[103.39,59.03],[103.56,59],[103.59,58.94],[103.78,58.91],[103.89,58.92],[103.98,58.87],[103.95,58.79],[104.2,58.78],[104.25,58.72],[104.46,58.61],[104.53,58.64],[104.61,58.62],[104.71,58.67],[104.8,58.67],[104.88,58.75],[104.75,58.81],[104.77,58.84],[104.91,58.95],[105.1,59.02],[105.12,59.05],[105.3,59.08],[105.36,59.12],[105.3,59.25],[105.21,59.27],[105.24,59.44],[105.19,59.48],[104.99,59.46],[104.85,59.56],[104.84,59.61],[104.76,59.68],[104.89,59.77],[104.99,59.76],[104.98,59.84],[105.16,59.87],[105.43,59.86],[105.41,59.95],[105.49,59.99],[105.42,60.15],[105.46,60.17],[105.45,60.25],[105.31,60.29],[105.22,60.28],[105.08,60.3],[104.98,60.29],[104.68,60.42],[104.65,60.51],[104.56,60.55],[104.5,60.63],[104.61,60.72],[104.51,60.78],[104.47,60.85],[104.61,60.89],[104.58,60.94],[104.62,60.99],[104.63,61.08],[104.69,61.09],[104.85,61.19],[105.02,61.2],[104.99,61.27],[104.92,61.33],[104.91,61.4],[105.16,61.42],[105.28,61.43],[105.36,61.54],[105.59,61.6],[105.71,61.66],[105.81,61.63],[105.9,61.69],[105.98,61.69],[105.9,61.84],[106.11,61.96],[106.18,61.97],[106.3,62.03],[106.39,62.04],[106.46,62.23],[106.37,62.28],[106.43,62.4],[106.54,62.4],[106.63,62.46],[106.74,62.51],[106.67,62.56],[106.77,62.64],[106.47,62.7],[106.51,62.79],[106.44,62.86],[106.32,62.87],[106.19,62.92],[106.13,63.04],[106.18,63.09],[106.35,63.11],[106.43,63.21],[106.34,63.25],[106.36,63.3],[106.45,63.36],[106.52,63.32],[106.66,63.33],[106.73,63.41],[106.59,63.45],[106.58,63.5],[106.47,63.54],[106.66,63.63],[106.69,63.67],[106.6,63.72],[106.7,63.82],[106.79,63.88],[106.73,63.94],[106.62,63.98],[106.7,64.04],[106.81,63.99],[107.07,63.93],[107.17,63.97],[107.31,63.98],[107.38,63.94],[107.57,63.9],[107.63,63.98],[107.74,64.02],[107.9,64],[108.21,64],[108.39,64.05],[108.35,64.08],[108.25,64.25],[108.09,64.25],[108.06,64.19],[107.89,64.2],[107.64,64.31],[107.56,64.31],[107.37,64.26],[107.3,64.28],[107.26,64.35],[107.13,64.35],[106.89,64.44],[106.74,64.42],[106.65,64.53],[106.55,64.52],[106.56,64.46],[106.26,64.45],[106.18,64.42],[106.09,64.43],[106.13,64.49],[105.99,64.53],[105.92,64.5],[105.79,64.53],[105.71,64.6],[105.78,64.67],[105.87,64.68],[105.82,64.76],[105.92,64.9],[106.03,64.92],[106.07,64.98],[105.95,65.04],[106.16,65.09],[106.19,65.13],[106.31,65.17],[106.42,65.23],[106.44,65.32],[106.54,65.38],[106.78,65.39],[106.97,65.51],[106.7,65.54],[106.63,65.61],[106.4,65.7],[106.45,65.72],[106.46,65.93],[106.52,66],[106.37,66.09],[106.33,66.16],[106.2,66.15],[106.11,66.2],[106.14,66.25],[106.1,66.34],[106.14,66.4],[106.33,66.47],[106.32,66.52],[106.23,66.57],[106.24,66.69],[106.17,66.71],[106.08,66.78],[105.98,66.8],[106.09,66.86],[106.08,66.9],[105.7,66.93],[105.55,66.98],[105.51,67.02],[105.87,67.03],[105.96,67.05],[106.07,67.12],[106.07,67.17],[106.22,67.17],[106.34,67.2],[106.5,67.28],[106.68,67.25],[106.82,67.33],[106.87,67.67],[106.87,67.84],[106.92,68.25],[106.91,68.86],[106.14,69.41],[106.34,69.48],[106.37,69.53],[106.49,69.58],[106.63,69.53],[106.86,69.52],[107.17,69.59],[107.39,69.61],[107.61,69.66],[107.84,69.69],[107.95,69.67],[108.01,69.75],[108.25,69.85],[108.8,69.83],[108.9,69.84],[108.94,69.77],[109.2,69.75],[109.38,69.83],[109.4,69.96],[109.53,69.99],[109.42,70.05],[109.3,70.14],[109.3,70.21],[109.58,70.25],[109.64,70.37],[110.06,70.4],[110.32,70.43],[110.13,70.47],[110.09,70.54],[110.12,70.64],[110.51,70.72],[110.51,70.77],[110.72,70.8],[110.81,70.79],[111.03,70.84],[111.33,70.86],[111.48,70.93],[111.95,70.98],[112.03,71.05],[112.18,71.01],[112.36,71.07],[112.6,71.11],[112.52,71.18],[112.68,71.2],[112.72,71.25],[112.59,71.29],[112.47,71.28],[112.22,71.38],[112,71.4],[112,72.12],[111.9,72.13],[111.58,72.23],[111.67,72.26],[111.57,72.32],[111.32,72.32],[111.03,72.4],[111.3,72.5],[111.18,72.56],[111.03,72.56],[110.86,72.6],[110.7,72.71],[110.73,72.83],[110.64,72.86],[110.89,72.95],[110.66,72.99],[110.86,73.06],[110.75,73.1],[110.85,73.16],[110.47,73.15],[110.35,73.2],[110.62,73.26],[110.42,73.34],[110.14,73.38],[110.31,73.41],[110.48,73.4],[110.65,73.43],[110.69,73.49],[110.82,73.55],[111.06,73.57],[111.28,73.61],[111.19,73.66],[110.8,73.71],[110.79,73.74],[110.99,73.81],[111.23,73.82],[111.88,73.99],[111.87,74.11],[111.67,74.14],[111.14,74.19],[110.55,74.3],[110.53,74.34],[111.06,74.44],[112.37,74.65],[112.91,74.87],[113.57,74.89],[114.22,75.12],[114.46,75.28],[114.55,75.44],[114.49,75.55],[114.71,75.75],[114.74,75.84],[114.71,75.95],[114.37,76.14],[114.3,76.42],[114.03,76.54],[113.65,76.63],[113.42,76.66],[113.11,76.76],[112.87,76.8],[111.94,76.88],[111.62,76.94],[110.94,76.99],[109.7,76.96],[108.99,77.1],[108.62,77.38],[108.48,77.45],[108.44,77.94],[108.63,78.01],[108.73,78.08],[108.74,78.17],[108.46,78.29],[107.23,78.54],[106.44,78.65],[106.37,78.78],[106.14,78.91],[105.3,79.15],[104.67,79.31],[104.01,79.44],[103.5,79.55],[103.05,79.6],[101.29,79.81],[100.86,80],[100.25,80.17],[99.87,80.22],[99.06,80.27],[98.71,80.3],[99.34,80.61],[99.41,80.69],[99.3,80.79],[99.1,80.86],[97.89,81.1],[97.34,81.28],[97.06,81.35],[96.5,81.44],[95.82,81.47],[94.87,81.45],[94.32,81.4],[92.62,81.29],[92.22,81.36],[91.48,81.42],[90.92,81.43],[90.2,81.4],[89.35,81.33],[89.01,81.26],[88.88,81.2],[88.89,81.09],[89.21,80.97],[89.62,80.91],[90.56,80.84],[91.03,80.84],[91.54,80.85],[90.44,80.49],[90.31,80.42],[90.3,80.3],[89.88,80.12],[89.83,80.06],[90.04,79.79],[89.52,79.62],[89.5,79.5],[89.64,79.44],[89.99,79.38],[90.56,79.32],[91.42,79.01],[91.74,78.95],[92.37,78.88],[92.76,78.86],[94.66,78.84],[95.4,78.8],[96.57,78.71],[96.87,78.65],[96.97,78.31],[97.06,78.24],[97.24,78.18],[98.39,77.94],[96.83,77.56],[95.99,77.35],[95.54,77.26],[94.98,77.19],[94.61,77.1],[93.82,76.89],[93.25,76.71],[93.19,76.68],[91.67,76.26],[91.03,76.22],[89.87,76.04],[88.95,75.89],[88.72,75.9],[88.01,75.9],[87.66,75.88],[87.45,75.85],[87.22,75.75],[85.61,75.43],[85.45,75.38],[84.62,75.01],[83.57,74.76],[83.46,74.67],[83.49,74.56],[82.33,74.33],[82.05,74.29],[81.75,74.17],[80.2,73.76],[79.06,73.7],[77.73,73.64],[77.76,73.03],[78.09,72.67],[78.65,72.47],[78.48,72.35],[78.51,72.29],[78.65,72.25],[78.63,72.17],[78.75,72.17],[79.14,72.06],[79.37,72.04],[79.82,72.03],[79.97,71.98],[80.38,71.88],[80.09,71.82],[80.15,71.76],[80.14,71.67],[79.97,71.6],[79.82,71.59],[79.56,71.61],[79.37,71.61],[79.37,71.53],[79.31,71.45],[79.13,71.39],[79.22,71.31],[79.43,71.3],[80,71.12],[80.58,71.04],[80.64,70.83],[80.71,70.81],[80.65,70.69],[80.82,70.62],[80.62,70.45],[80.41,70.46],[80.02,70.33],[79.88,70.26],[79.76,70.28],[79.65,70.19],[79.51,70.11],[79.35,70.15],[79.32,70.09],[79.17,70.02],[79.11,69.93],[78.96,69.88],[79,69.81],[79.12,69.79],[79.17,69.74],[79.13,69.69],[79.42,69.66],[79.51,69.63],[79.65,69.47],[79.92,69.35],[80.24,69.37],[80.43,69.33],[80.76,69.31],[80.8,69.27],[81.01,69.21],[81.34,69.28],[81.43,69.25],[81.59,69.27],[81.68,69.32],[81.64,69.41],[81.82,69.43],[81.96,69.35],[81.81,69.25],[81.85,69.19],[82,69.19],[82.14,69.16],[82.4,69.17],[82.47,69.15],[82.46,69.08],[82.32,69.05],[82.49,68.97],[82.59,68.81],[82.8,68.76],[82.87,68.67],[82.82,68.64],[82.65,68.61],[82.62,68.55],[82.71,68.41],[82.63,68.28],[82.56,68.26],[82.55,68.17],[82.35,68.12],[82.4,67.97],[82.34,67.93],[82.06,67.94],[81.97,67.96],[81.77,67.95],[81.73,67.9],[81.86,67.8],[82.09,67.72],[82.03,67.64],[82.26,67.54],[82.4,67.52],[82.26,67.43],[82.28,67.31],[82.14,67.25],[82.13,67.22],[82.73,67],[83.14,66.83],[83.28,66.69],[83.25,66.62],[83.09,66.59],[83.08,66.46],[83.12,66.4],[83.24,66.38],[83.54,66.19],[83.51,66.15],[83.36,66.12],[83.27,66.05],[83.31,65.99],[83.55,65.9],[83.47,65.81],[83.56,65.76],[83.76,65.79],[83.97,65.79],[84.15,65.69],[84.28,65.68],[84.28,65.62],[84.18,65.6],[84.41,65.55],[84.51,65.48],[84.49,65.39],[84.57,65.32],[84.54,65.24],[84.38,65.2],[84.29,65.1],[84.33,65],[84.32,64.92],[84.44,64.91],[84.85,64.94],[84.98,64.94],[85.03,64.91],[84.96,64.84],[85.13,64.8],[85.31,64.79],[85.53,64.85],[85.74,64.82],[85.83,64.78],[85.82,64.68],[85.91,64.57],[85.8,64.5],[85.92,64.43],[85.93,64.37],[86.01,64.27],[85.98,64.18],[85.93,64.13],[85.97,64.05],[85.75,64],[85.63,63.95],[85.48,63.91],[85.48,63.87],[85.37,63.85],[85.37,63.77],[85.31,63.72],[85.3,63.65],[85.18,63.61],[85.08,63.53],[85.28,63.52],[85.42,63.44],[85.42,63.37],[85.69,63.37],[85.71,63.34],[85.57,63.28],[85.5,63.15],[85.62,63.03],[85.5,62.98],[85.52,62.9],[85.37,62.88],[85.21,62.8],[85.1,62.64],[84.9,62.56],[84.92,62.48],[84.7,62.39],[84.44,62.2],[84.49,62.1],[84.52,61.93],[84.68,61.81],[84.84,61.77],[84.92,61.79],[85.1,61.75],[85.28,61.67],[85.41,61.69],[85.49,61.62],[85.71,61.57],[85.84,61.59],[85.96,61.55],[85.97,61.46],[85.8,61.45],[85.64,61.37],[85.7,61.28],[84.74,61.01],[84.64,61],[84.26,60.86],[83.95,60.84],[83.48,61.04],[83.16,61.03],[82.38,60.71],[82.41,60.61],[82.17,60.52],[81.88,60.64],[81.58,60.64],[81.46,60.61],[81.1,60.64],[81.05,60.76],[80.98,60.77],[80.7,60.8],[80.64,60.77],[80.4,60.75],[80.2,60.68],[79.95,60.67],[79.68,60.68],[79.51,60.67],[79.4,60.64],[79.29,60.72],[79.29,60.8],[79.16,60.83],[78.99,60.81],[78.8,60.75],[78.7,60.83],[78.49,60.76],[78.19,60.8],[78.09,60.8],[77.97,60.74],[77.89,60.78],[77.7,60.82],[77.45,60.81],[77.2,60.86],[77.11,60.86],[77.07,60.8],[77.11,60.75],[76.96,60.63],[77.05,60.59],[77.05,60.51],[76.83,60.47],[76.78,60.41],[76.76,60.33],[76.87,60.27],[76.83,60.19],[76.71,60.12],[76.77,60.07],[76.74,59.71],[76.67,59.69],[76.66,59.57],[76.5,59.54],[76.18,59.53],[75.99,59.38],[75.9,59.4],[75.84,59.28],[75.64,59.21],[75.73,59.02],[75.64,58.91],[75.13,58.66],[75.2,58.62],[75.11,58.58],[75.38,58.45],[75.06,58.34],[75.24,58.2],[75.07,58.12],[75.3,58.03],[75.57,57.93],[75.58,57.88],[75.55,57.63],[75.7,57.62],[75.85,57.39],[75.97,57.39],[76.09,57.24],[76.2,56.95],[76.26,56.89],[76.26,56.84],[76.29,56.7],[76.14,56.66],[76.15,56.62],[76.04,56.61],[75.96,56.51],[75.85,56.5],[75.92,56.45],[76.05,56.46],[76.08,56.41],[76.08,56.33],[76.17,56.28],[76.3,56.16],[76.14,56.12],[76.01,56.16],[75.96,56.12],[75.73,56.11],[75.65,56.04],[75.53,56.01],[75.42,55.93],[75.32,55.9],[75.26,55.84],[75.35,55.8],[75.37,55.74],[75.23,55.73],[75.1,55.76],[75.12,55.69],[75.25,55.64],[75.14,55.58],[75.22,55.54],[75.29,55.56],[75.32,55.5],[75.16,55.45],[75.09,55.38],[75.18,55.35],[75.28,55.24],[75.25,55.15],[75.37,55.07],[75.38,54.99],[75.33,54.91],[75.49,54.88],[75.55,54.82],[75.64,54.81],[75.69,54.7],[75.82,54.67],[75.8,54.54],[75.69,54.55],[75.69,54.12]]],[[[82.44,77.27],[82.79,77.27],[83.13,77.29],[83.4,77.34],[83.56,77.41],[83.55,77.52],[83.29,77.62],[83.07,77.67],[82.78,77.71],[82.43,77.72],[81.97,77.72],[81.55,77.66],[81.31,77.53],[81.38,77.43],[81.55,77.36],[81.94,77.3],[82.44,77.27]]],[[[87.83,77.12],[87.86,77],[88.14,76.87],[88.41,76.82],[88.66,76.79],[89.06,76.77],[89.41,76.79],[89.91,76.77],[90.25,76.79],[90.55,76.86],[90.7,76.93],[91,77.01],[91.09,77.08],[91.53,77.16],[91.67,77.25],[91.64,77.37],[91.74,77.4],[92.2,77.4],[92.53,77.44],[92.92,77.53],[93.03,77.63],[92.97,77.7],[92.77,77.76],[92.51,77.81],[92.16,77.85],[91.72,77.85],[91.27,77.81],[91.03,77.75],[90.92,77.66],[90.97,77.57],[90.88,77.52],[90.58,77.52],[90.07,77.47],[89.69,77.5],[89.1,77.49],[88.66,77.42],[88.36,77.3],[87.99,77.22],[87.83,77.12]]],[[[77.59,80.76],[77.83,80.65],[78.45,80.57],[79.08,80.55],[79.83,80.55],[80.54,80.59],[81.15,80.69],[81.37,80.77],[81.43,80.84],[81.23,80.95],[80.92,81.01],[80.14,81.08],[79.35,81.1],[78.54,81.05],[78.19,81.01],[77.76,80.92],[77.61,80.84],[77.59,80.76]]],[[[75,79.68],[75.11,79.55],[75.62,79.41],[76.28,79.31],[76.75,79.28],[77.75,79.28],[78.16,79.32],[78.4,79.36],[78.6,79.42],[78.67,79.5],[78.48,79.62],[78.13,79.68],[77.21,79.8],[76.55,79.86],[75.9,79.87],[75.59,79.85],[75.19,79.78],[75,79.68]]],[[[92.69,78.22],[92.68,78.16],[92.83,78.06],[93.06,78],[93.39,77.96],[93.86,77.94],[94.24,77.97],[94.62,78.04],[94.76,78.1],[94.77,78.23],[94.67,78.31],[94.26,78.4],[93.89,78.42],[93.42,78.41],[93.09,78.37],[92.82,78.3],[92.69,78.22]]],[[[82.43,74.88],[82.76,74.94],[82.89,75],[82.97,75.19],[83.14,75.3],[83.13,75.37],[83.03,75.45],[83.07,75.52],[83.01,75.59],[82.71,75.68],[82.96,75.72],[83.3,75.72],[83.63,75.74],[83.95,75.81],[84.07,75.89],[84.09,75.96],[83.98,76.05],[83.79,76.1],[83.54,76.14],[82.58,76.19],[82,76.15],[81.73,76.16],[81.45,76.14],[81.21,76.1],[80.96,76.02],[80.85,75.96],[80.84,75.89],[81,75.8],[81.21,75.75],[81.67,75.67],[81.41,75.63],[81.15,75.56],[80.94,75.48],[80.83,75.4],[80.81,75.31],[80.85,75.22],[81,75.13],[81.53,74.94],[81.78,74.89],[82.17,74.87],[82.43,74.88]]],[[[80.1,74.74],[79.58,74.83],[79.21,74.84],[78.81,74.8],[78.53,74.69],[78.47,74.55],[78.57,74.47],[78.73,74.41],[79.03,74.35],[79.51,74.31],[79.74,74.32],[80,74.35],[80.19,74.41],[80.35,74.52],[80.37,74.6],[80.22,74.7],[80.1,74.74]]],[[[105.43,-10.28],[105.39,-10.33],[105.35,-10.41],[105.33,-10.49],[105.34,-10.59],[105.39,-10.66],[105.58,-10.76],[105.63,-10.77],[105.72,-10.76],[105.8,-10.72],[105.84,-10.67],[105.9,-10.54],[105.92,-10.47],[105.9,-10.36],[105.87,-10.3],[105.78,-10.23],[105.7,-10.21],[105.51,-10.24],[105.43,-10.28]]],[[[77.5,-86],[86,-86],[86,-65],[77.5,-68],[77.5,-86]]]]},"properties":{"tzid":"Asia/Jakarta"}},
{"type":"Feature","geometry":{"type":"MultiPolygon","coordinates":[[[[156.01,-17.58],[156.08,-17.46],[156.09,-17.34],[156.02,-17.23],[155.95,-17.17],[155.89,-17.15],[155.81,-17.15],[155.69,-17.2],[155.65,-17.26],[155.63,-17.38],[155.65,-17.5],[155.69,-17.56],[155.76,-17.62],[155.85,-17.64],[155.93,-17.63],[156.01,-17.58]]],[[[153.65,-22.12],[153.71,-22.1],[153.8,-22.05],[153.91,-21.93],[153.96,-21.86],[154,-21.75],[154,-21.67],[153.98,-21.6],[153.93,-21.52],[153.86,-21.47],[153.73,-21.46],[153.64,-21.49],[153.58,-21.56],[153.55,-21.65],[153.46,-21.65],[153.36,-21.71],[153.32,-21.76],[153.3,-21.84],[153.31,-21.91],[153.34,-21.99],[153.44,-22.09],[153.55,-22.12],[153.65,-22.12]]],[[[154.55,-21.15],[154.59,-21.1],[154.61,-21.02],[154.61,-20.87],[154.56,-20.8],[154.51,-20.75],[154.43,-20.72],[154.37,-20.72],[154.29,-20.75],[154.22,-20.82],[154.15,-20.94],[154.13,-21.04],[154.15,-21.1],[154.21,-21.18],[154.29,-21.22],[154.36,-21.23],[154.47,-21.21],[154.55,-21.15]]],[[[155.6,-21.45],[155.69,-21.48],[155.82,-21.46],[155.91,-21.42],[155.98,-21.36],[156.01,-21.29],[156.01,-21.2],[155.95,-21.04],[155.89,-20.95],[155.85,-20.92],[155.72,-20.9],[155.64,-20.92],[155.56,-20.98],[155.53,-21.05],[155.53,-21.16],[155.49,-21.28],[155.51,-21.36],[155.6,-21.45]]],[[[155.17,-22.41],[155.24,-22.42],[155.45,-22.4],[155.55,-22.37],[155.65,-22.3],[155.69,-22.23],[155.69,-22.13],[155.66,-22.06],[155.57,-21.99],[155.49,-21.97],[155.43,-21.96],[155.28,-22],[155.18,-21.98],[155.09,-21.99],[155.03,-22.02],[154.98,-22.07],[154.95,-22.12],[154.94,-22.2],[154.98,-22.29],[155.09,-22.38],[155.17,-22.41]]],[[[155.63,-23.45],[155.72,-23.4],[155.75,-23.35],[155.78,-23.28],[155.77,-23.18],[155.72,-23.1],[155.6,-23.04],[155.52,-23.04],[155.44,-23.07],[155.35,-23.15],[155.31,-23.25],[155.33,-23.33],[155.37,-23.39],[155.43,-23.43],[155.51,-23.46],[155.63,-23.45]]],[[[151.86,-20.87],[151.85,-20.92],[151.73,-20.86],[151.65,-20.86],[151.58,-20.89],[151.51,-20.95],[151.48,-21],[151.46,-21.09],[151.47,-21.16],[151.42,-21.3],[151.42,-21.38],[151.47,-21.47],[151.56,-21.56],[151.7,-21.62],[151.79,-21.63],[151.97,-21.59],[151.99,-21.68],[151.97,-21.75],[152,-21.89],[152.05,-21.97],[152.06,-22.09],[152.08,-22.14],[152.21,-22.26],[152.33,-22.35],[152.33,-22.42],[152.36,-22.48],[152.41,-22.54],[152.51,-22.59],[152.62,-22.6],[152.8,-22.55],[152.85,-22.52],[152.92,-22.45],[152.97,-22.31],[152.98,-22.19],[152.97,-22.07],[152.92,-22],[152.91,-21.89],[152.84,-21.74],[152.76,-21.62],[152.79,-21.52],[152.79,-21.43],[152.75,-21.35],[152.8,-21.29],[152.84,-21.23],[152.86,-21.12],[152.84,-20.98],[152.79,-20.9],[152.73,-20.86],[152.62,-20.82],[152.39,-20.78],[152.19,-20.72],[152.02,-20.74],[151.96,-20.77],[151.89,-20.82],[151.86,-20.87]]],[[[151.14,-21.63],[151.05,-21.72],[151.02,-21.79],[151.03,-21.85],[151.06,-21.93],[151.13,-21.99],[151.26,-22.02],[151.34,-22.01],[151.43,-21.95],[151.47,-21.88],[151.48,-21.78],[151.45,-21.72],[151.39,-21.64],[151.26,-21.61],[151.14,-21.63]]],[[[152.04,-19.4],[152.1,-19.46],[152.17,-19.49],[152.28,-19.5],[152.36,-19.48],[152.49,-19.41],[152.59,-19.28],[152.62,-19.15],[152.59,-18.98],[152.55,-18.89],[152.45,-18.79],[152.37,-18.74],[152.29,-18.73],[152.17,-18.74],[152.1,-18.78],[152.05,-18.84],[152.02,-18.93],[152.03,-18.98],[152,-19.02],[151.95,-19.17],[151.95,-19.23],[151.98,-19.33],[152.04,-19.4]]],[[[151.28,-17.35],[151.2,-17.25],[151.14,-17.22],[151.05,-17.21],[150.95,-17.25],[150.78,-17.23],[150.69,-17.26],[150.62,-17.34],[150.59,-17.45],[150.64,-17.56],[150.62,-17.62],[150.62,-17.72],[150.65,-17.78],[150.74,-17.85],[150.82,-17.87],[150.9,-17.85],[150.99,-17.8],[151.03,-17.72],[151.04,-17.65],[151.14,-17.65],[151.16,-17.74],[151.19,-17.78],[151.29,-17.85],[151.37,-17.86],[151.5,-17.83],[151.58,-17.79],[151.66,-17.77],[151.76,-17.73],[151.9,-17.62],[151.98,-17.59],[152.05,-17.59],[152.17,-17.53],[152.25,-17.44],[152.28,-17.37],[152.31,-17.32],[152.36,-17.21],[152.36,-17.13],[152.32,-17.02],[152.23,-16.94],[152.14,-16.91],[152.06,-16.91],[151.86,-16.91],[151.74,-16.94],[151.63,-17.02],[151.56,-17.1],[151.49,-17.15],[151.38,-17.21],[151.31,-17.28],[151.28,-17.35]]],[[[149.69,-15.53],[149.58,-15.52],[149.51,-15.55],[149.46,-15.59],[149.41,-15.7],[149.42,-15.78],[149.48,-15.88],[149.59,-15.93],[149.68,-15.92],[149.77,-15.87],[149.82,-15.8],[149.83,-15.7],[149.81,-15.64],[149.76,-15.57],[149.69,-15.53]]],[[[150.17,-16.73],[150.22,-16.77],[150.29,-16.81],[150.35,-16.81],[150.42,-16.8],[150.5,-16.74],[150.55,-16.66],[150.55,-16.57],[150.53,-16.51],[150.47,-16.4],[150.41,-16.34],[150.35,-16.32],[150.18,-16.31],[150.23,-16.22],[150.24,-16.13],[150.23,-16.06],[150.16,-15.97],[150.11,-15.93],[149.99,-15.91],[149.89,-15.93],[149.83,-15.97],[149.77,-16.06],[149.76,-16.13],[149.78,-16.2],[149.75,-16.28],[149.77,-16.39],[149.82,-16.46],[149.87,-16.49],[149.99,-16.51],[150.07,-16.48],[150.06,-16.55],[150.08,-16.63],[150.17,-16.73]]],[[[149.7,-16.91],[149.7,-17.01],[149.75,-17.11],[149.8,-17.15],[149.87,-17.17],[149.99,-17.16],[150.09,-17.13],[150.16,-17.08],[150.2,-17.03],[150.22,-16.95],[150.2,-16.84],[150.15,-16.77],[150.07,-16.73],[149.95,-16.73],[149.79,-16.8],[149.73,-16.85],[149.7,-16.91]]],[[[148.93,-17.05],[148.99,-17.16],[149.04,-17.2],[149.13,-17.22],[149.22,-17.22],[149.32,-17.16],[149.39,-17.05],[149.42,-16.99],[149.41,-16.85],[149.36,-16.79],[149.26,-16.73],[149.17,-16.72],[149.08,-16.75],[148.98,-16.83],[148.93,-16.9],[148.92,-16.99],[148.93,-17.05]]],[[[148.3,-16.47],[148.29,-16.38],[148.25,-16.3],[148.2,-16.25],[148.07,-16.21],[147.98,-16.21],[147.86,-16.18],[147.77,-16.2],[147.71,-16.24],[147.64,-16.33],[147.59,-16.52],[147.61,-16.6],[147.64,-16.66],[147.7,-16.72],[147.8,-16.75],[147.93,-16.73],[148,-16.73],[148.09,-16.71],[148.2,-16.64],[148.28,-16.54],[148.3,-16.47]]],[[[148.74,-17.86],[148.74,-17.82],[148.78,-17.75],[148.8,-17.69],[148.8,-17.61],[148.75,-17.46],[148.68,-17.38],[148.56,-17.34],[148.49,-17.34],[148.41,-17.39],[148.33,-17.37],[148.24,-17.39],[148.14,-17.48],[148.12,-17.57],[148.14,-17.66],[148.14,-17.72],[148.16,-17.8],[148.23,-17.93],[148.36,-18.05],[148.47,-18.08],[148.59,-18.07],[148.69,-18],[148.73,-17.94],[148.74,-17.86]]],[[[149.1,-19.76],[149.12,-19.82],[149.16,-19.88],[149.31,-19.98],[149.42,-20.03],[149.51,-20.09],[149.56,-20.1],[149.67,-20.08],[149.87,-19.93],[149.94,-19.81],[149.97,-19.67],[149.95,-19.55],[149.86,-19.45],[149.67,-19.33],[149.61,-19.31],[149.52,-19.33],[149.46,-19.35],[149.41,-19.35],[149.31,-19.39],[149.26,-19.43],[149.23,-19.51],[149.18,-19.55],[149.11,-19.67],[149.1,-19.76]]],[[[140.92,-9.3],[141,-9.39],[141.12,-9.43],[141.24,-9.43],[141.39,-9.35],[141.45,-9.38],[141.59,-9.41],[141.66,-9.41],[141.78,-9.39],[141.98,-9.4],[142.06,-9.46],[142.08,-9.3],[142.16,-9.34],[142.27,-9.35],[142.33,-9.32],[142.35,-9.27],[142.4,-9.27],[142.53,-9.35],[142.48,-9.39],[142.5,-9.48],[142.59,-9.46],[142.65,-9.48],[142.77,-9.49],[142.85,-9.47],[142.94,-9.4],[143.08,-9.3],[143.2,-9.34],[143.32,-9.33],[143.39,-9.3],[143.44,-9.23],[143.56,-9.18],[143.62,-9.11],[143.65,-8.98],[143.64,-8.9],[143.7,-8.89],[143.8,-8.81],[143.83,-8.74],[143.9,-8.72],[143.97,-8.66],[144.02,-8.54],[144.01,-8.44],[143.98,-8.38],[143.89,-8.29],[143.91,-8.24],[143.99,-8.2],[144.07,-8.13],[144.11,-8.07],[144.12,-8],[144.27,-8],[144.36,-7.97],[144.49,-8.01],[144.59,-7.99],[144.65,-7.96],[144.7,-7.89],[144.76,-7.95],[144.85,-7.98],[144.9,-8.02],[144.99,-8.04],[145.1,-8.04],[145.16,-8.06],[145.24,-8.06],[145.31,-8.12],[145.39,-8.15],[145.57,-8.14],[145.67,-8.16],[145.73,-8.21],[145.79,-8.23],[145.91,-8.25],[146.02,-8.38],[146.07,-8.41],[146.09,-8.5],[146.17,-8.65],[146.24,-8.73],[146.3,-8.78],[146.32,-8.84],[146.37,-9.01],[146.42,-9.11],[146.51,-9.19],[146.59,-9.23],[146.67,-9.24],[146.7,-9.34],[146.68,-9.39],[146.68,-9.47],[146.72,-9.54],[146.78,-9.6],[146.87,-9.63],[146.91,-9.67],[146.98,-9.71],[147.05,-9.72],[147.13,-9.71],[147.2,-9.74],[147.3,-9.86],[147.32,-9.94],[147.36,-10],[147.46,-10.11],[147.53,-10.16],[147.59,-10.25],[147.65,-10.29],[147.72,-10.31],[147.83,-10.3],[147.9,-10.35],[147.97,-10.36],[148.07,-10.42],[148.14,-10.43],[148.22,-10.41],[148.28,-10.37],[148.34,-10.4],[148.41,-10.41],[148.57,-10.39],[148.72,-10.44],[148.82,-10.51],[148.89,-10.52],[148.96,-10.51],[149.1,-10.44],[149.16,-10.47],[149.24,-10.57],[149.31,-10.6],[149.38,-10.61],[149.5,-10.59],[149.57,-10.61],[149.63,-10.6],[149.68,-10.66],[149.78,-10.75],[150.14,-10.91],[150.31,-10.96],[150.37,-10.97],[150.7,-11.11],[151.04,-11.28],[151.18,-11.34],[151.26,-11.36],[151.65,-11.36],[151.78,-11.37],[151.93,-11.38],[151.99,-11.4],[152.09,-11.46],[152.15,-11.46],[152.23,-11.5],[152.29,-11.51],[152.38,-11.49],[153.21,-11.7],[153.25,-11.73],[153.37,-11.77],[153.48,-11.84],[153.6,-11.85],[153.82,-11.82],[154.44,-11.65],[154.53,-11.61],[154.59,-11.52],[154.6,-11.45],[154.59,-11.38],[154.53,-11.29],[154.34,-11.14],[154.29,-11.11],[153.12,-10.64],[153.05,-10.56],[152.75,-9.72],[153.72,-9.5],[153.81,-9.47],[153.87,-9.41],[153.9,-9.29],[153.88,-9.2],[153.8,-9.11],[153.75,-9.07],[153.67,-9.06],[153.54,-9.07],[152.86,-8.82],[152.5,-8.75],[151.99,-8.61],[151.76,-8.51],[151.19,-8.21],[150.82,-8.12],[150.76,-8.13],[150.57,-8.13],[150.41,-8.14],[150.23,-8.14],[150.14,-8.1],[150.07,-8.1],[150,-8.13],[149.25,-8.74],[148.32,-7.95],[148.13,-6.87],[149.01,-6.38],[149.13,-6.37],[149.25,-6.29],[149.3,-6.33],[149.32,-6.42],[149.37,-6.47],[149.46,-6.52],[149.52,-6.52],[149.61,-6.49],[149.68,-6.49],[149.8,-6.52],[149.9,-6.52],[150.13,-6.51],[150.19,-6.48],[150.29,-6.5],[150.35,-6.5],[150.47,-6.47],[150.54,-6.46],[150.64,-6.4],[150.67,-6.35],[150.72,-6.33],[150.83,-6.32],[150.93,-6.26],[151.05,-6.23],[151.18,-6.16],[151.3,-6.12],[151.38,-6.05],[151.49,-5.97],[151.57,-5.88],[151.62,-5.85],[151.69,-5.77],[151.81,-5.79],[151.88,-5.78],[152.07,-5.69],[152.11,-5.65],[152.21,-5.61],[152.93,-5.07],[153.62,-5.2],[154,-5.27],[154,-5],[154,-3],[153.39,-3.15],[152.79,-2.62],[152.71,-2.58],[152.08,-2.41],[150.79,-1.48],[150.66,-1.44],[150.09,-1.47],[149.86,-1.3],[149.82,-1.25],[149.75,-1.19],[149.64,-1.13],[149.54,-1.11],[149.47,-1.13],[149,-1.34],[148,-1.78],[147.89,-1.8],[147.66,-1.86],[147.37,-1.76],[147.13,-1.74],[147.04,-1.74],[146.87,-1.71],[146.67,-1.71],[145.71,-0.73],[145.65,-0.69],[145.38,-0.57],[145.32,-0.56],[145.22,-0.57],[144.48,-0.89],[144.4,-0.88],[144.34,-0.88],[143.52,-1.12],[142.98,-1.27],[142.89,-1.33],[142.19,-2],[141.53,-2.56],[141.37,-2.48],[141.24,-2.43],[141.1,-2.41],[141.01,-2.4],[141,-2.59],[141,-3.02],[141,-3.93],[141,-4.53],[141,-5.29],[141,-6.32],[140.94,-6.37],[140.96,-6.49],[140.89,-6.61],[140.85,-6.72],[140.92,-6.87],[140.98,-6.9],[141.02,-6.89],[141.02,-7.66],[141.02,-8.45],[141.02,-9.14],[140.92,-9.3]]],[[[144.09,-9.4],[144.16,-9.41],[144.21,-9.46],[144.27,-9.45],[144.29,-9.38],[144.24,-9.33],[144.19,-9.34],[144.13,-9.31],[144.08,-9.33],[144.09,-9.4]]],[[[141.65,-9.54],[141.65,-9.49],[141.61,-9.45],[141.56,-9.45],[141.49,-9.51],[141.48,-9.55],[141.51,-9.62],[141.54,-9.67],[141.61,-9.65],[141.62,-9.57],[141.65,-9.54]]],[[[143.87,-9.09],[143.8,-9.14],[143.79,-9.19],[143.85,-9.22],[143.92,-9.19],[143.93,-9.11],[143.87,-9.09]]],[[[142.28,-9.62],[142.37,-9.62],[142.38,-9.54],[142.26,-9.49],[142.17,-9.49],[142.13,-9.52],[142.13,-9.57],[142.28,-9.62]]],[[[141.45,-9.87],[141.49,-9.81],[141.45,-9.77],[141.38,-9.79],[141.36,-9.83],[141.39,-9.87],[141.45,-9.87]]],[[[141,-29],[141.59,-29],[142.09,-29],[142.81,-29],[143.59,-29],[144.08,-29],[144.83,-29],[145.51,-29],[146.2,-29],[146.82,-29],[147.52,-29],[148.31,-29],[148.96,-29],[149.04,-28.94],[149.09,-28.83],[149.13,-28.83],[149.19,-28.78],[149.36,-28.68],[149.39,-28.68],[149.46,-28.59],[149.6,-28.58],[149.67,-28.63],[149.72,-28.61],[149.98,-28.61],[150.17,-28.55],[150.23,-28.57],[150.3,-28.54],[150.36,-28.59],[150.37,-28.62],[150.44,-28.66],[150.53,-28.67],[150.58,-28.66],[150.63,-28.68],[150.75,-28.63],[151.03,-28.76],[151.04,-28.84],[151.1,-28.84],[151.2,-28.88],[151.27,-28.94],[151.28,-29.1],[151.34,-29.18],[151.4,-29.18],[151.49,-29.09],[151.5,-29.02],[151.55,-28.95],[151.64,-28.92],[151.73,-28.87],[151.77,-28.94],[151.83,-28.96],[151.85,-28.91],[151.92,-28.93],[152.02,-28.89],[152.04,-28.73],[152.06,-28.68],[152.01,-28.67],[151.96,-28.52],[152.02,-28.53],[152.07,-28.47],[152.16,-28.43],[152.22,-28.45],[152.31,-28.36],[152.39,-28.37],[152.46,-28.26],[152.52,-28.25],[152.53,-28.31],[152.6,-28.28],[152.75,-28.36],[152.83,-28.32],[152.88,-28.31],[152.94,-28.33],[153.06,-28.34],[153.12,-28.32],[153.17,-28.27],[153.28,-28.23],[153.36,-28.25],[153.49,-28.16],[153.53,-28.18],[153.76,-28.07],[153.66,-27.99],[153.65,-27.89],[153.68,-27.71],[153.73,-27.55],[153.76,-27.49],[153.78,-27.41],[153.77,-27.35],[153.7,-27.04],[153.71,-26.98],[153.7,-26.9],[153.63,-26.82],[153.58,-26.79],[153.47,-26.78],[153.36,-26.7],[153.36,-26.63],[153.32,-26.5],[153.34,-26.41],[153.34,-26.34],[153.3,-26.26],[153.34,-26.13],[153.41,-25.98],[153.41,-25.92],[153.37,-25.82],[153.31,-25.76],[153.3,-25.69],[153.35,-25.54],[153.57,-25.08],[153.58,-25.03],[153.57,-24.92],[153.54,-24.87],[153.48,-24.8],[153.49,-24.69],[153.47,-24.6],[153.39,-24.5],[153.32,-24.46],[153.24,-24.46],[153.17,-24.47],[153.11,-24.51],[152.48,-24.55],[152.38,-24.53],[152.27,-24.44],[152.2,-24.33],[152.14,-24.16],[151.97,-23.88],[151.87,-23.8],[151.76,-23.76],[151.86,-23.73],[151.96,-23.79],[151.98,-23.83],[152.09,-23.9],[152.26,-24.08],[152.36,-24.11],[152.49,-24.1],[152.51,-24.2],[152.55,-24.25],[152.61,-24.3],[152.7,-24.32],[152.78,-24.31],[152.89,-24.25],[152.94,-24.13],[152.93,-24.05],[152.88,-23.97],[152.82,-23.93],[152.73,-23.91],[152.65,-23.92],[152.64,-23.83],[152.6,-23.77],[152.49,-23.67],[152.4,-23.58],[152.37,-23.52],[152.31,-23.45],[152.24,-23.31],[152.19,-23.26],[152.09,-23.06],[152.03,-23.01],[151.92,-22.98],[151.85,-22.98],[151.69,-23.06],[151.57,-23.13],[151.52,-23.18],[151.48,-23.29],[151.51,-23.41],[151.48,-23.45],[151.38,-23.32],[151.3,-23.1],[151.21,-22.7],[151.13,-22.53],[150.97,-22.37],[150.93,-22.29],[150.9,-22.09],[150.92,-21.92],[150.88,-21.83],[150.82,-21.78],[150.6,-21.63],[150.56,-21.58],[150.51,-21.39],[150.39,-21.26],[150.44,-21.2],[150.47,-21.1],[150.47,-21.04],[150.44,-20.96],[150.37,-20.89],[150.28,-20.86],[150.18,-20.75],[150.07,-20.7],[149.96,-20.71],[149.87,-20.76],[149.77,-20.62],[149.72,-20.58],[149.54,-20.54],[149.36,-20.46],[149.39,-20.3],[149.4,-20.22],[149.38,-20.17],[149.32,-20.1],[149.11,-19.91],[149.05,-19.88],[148.91,-19.84],[148.68,-19.82],[148.57,-19.79],[148.57,-19.67],[148.52,-19.59],[148.41,-19.53],[148.34,-19.52],[148.26,-19.54],[148.18,-19.61],[148.15,-19.67],[148.05,-19.66],[148,-19.59],[147.9,-19.52],[147.82,-19.51],[147.76,-19.47],[147.67,-19.34],[147.6,-19.21],[147.5,-19.12],[147.21,-19.03],[147.16,-19],[147.04,-18.97],[146.98,-18.84],[147.04,-18.85],[147.12,-18.84],[147.21,-18.79],[147.25,-18.75],[147.36,-18.68],[147.41,-18.6],[147.4,-18.48],[147.34,-18.33],[147.27,-18.25],[147.17,-18.21],[147.19,-18.12],[147.17,-18.05],[147,-17.86],[146.96,-17.79],[146.88,-17.7],[146.85,-17.65],[146.76,-17.59],[146.67,-17.48],[146.6,-17.43],[146.47,-17.42],[146.38,-17.46],[146.32,-17.5],[146.28,-17.4],[146.38,-17.38],[146.46,-17.32],[146.5,-17.26],[146.51,-17.17],[146.49,-17.07],[146.5,-17],[146.56,-16.89],[146.55,-16.77],[146.5,-16.7],[146.41,-16.62],[146.31,-16.58],[146.21,-16.42],[146.2,-16.36],[146.16,-16.29],[146.1,-16.24],[145.96,-16.2],[145.94,-16.06],[145.87,-15.96],[145.81,-15.85],[145.83,-15.75],[145.86,-15.67],[145.86,-15.57],[145.83,-15.51],[145.75,-15.44],[145.76,-15.36],[145.83,-15.26],[145.85,-15.17],[145.9,-15.1],[145.93,-15.01],[145.94,-14.83],[145.89,-14.63],[145.77,-14.43],[145.67,-14.32],[145.51,-14.21],[145.33,-14.12],[145.21,-14.08],[145.12,-14.04],[144.99,-14],[144.97,-13.93],[144.92,-13.87],[144.83,-13.81],[144.79,-13.77],[144.71,-13.73],[144.64,-13.72],[144.56,-13.72],[144.5,-13.74],[144.42,-13.61],[144.35,-13.55],[144.25,-13.36],[144.2,-13.3],[144.18,-13.18],[144.18,-13.07],[144.14,-12.95],[144.06,-12.88],[144.06,-12.82],[144.02,-12.67],[143.99,-12.62],[144,-12.54],[144.07,-12.42],[144.13,-12.33],[144.15,-12.19],[144.22,-11.99],[144.28,-11.9],[144.32,-11.74],[144.31,-11.68],[144.27,-11.61],[144.3,-11.5],[144.26,-11.35],[144.28,-11.26],[144.26,-11.12],[144.2,-11.05],[144.14,-11.01],[144.04,-11],[143.96,-11.01],[143.9,-11.06],[143.85,-11.12],[143.79,-11.12],[143.71,-11.14],[143.65,-11.19],[143.59,-11.33],[143.51,-11.38],[143.46,-11.28],[143.46,-11.21],[143.49,-11.09],[143.56,-11.1],[143.63,-11.09],[143.71,-11.04],[143.74,-10.99],[143.83,-10.9],[143.86,-10.83],[143.85,-10.74],[143.87,-10.63],[143.86,-10.57],[143.81,-10.49],[143.7,-10.44],[143.66,-10.38],[143.7,-10.29],[143.74,-10.27],[143.78,-10.3],[143.88,-10.32],[143.96,-10.35],[144.08,-10.34],[144.18,-10.27],[144.22,-10.19],[144.33,-10.08],[144.35,-10.03],[144.44,-9.93],[144.46,-9.85],[144.45,-9.79],[144.41,-9.69],[144.3,-9.58],[144.26,-9.55],[144.25,-9.5],[143.8,-9.37],[143.5,-9.4],[143.35,-9.51],[143.28,-9.46],[143.24,-9.5],[143.25,-9.55],[143.08,-9.55],[143,-9.67],[142.38,-9.7],[142,-9.77],[141.91,-9.85],[141.86,-10.02],[141.84,-10.31],[141.72,-10.52],[141.7,-10.6],[141.71,-10.66],[141.81,-10.88],[141.8,-10.97],[141.83,-11.1],[141.92,-11.19],[141.92,-11.31],[141.81,-11.62],[141.73,-11.65],[141.66,-11.75],[141.65,-11.82],[141.66,-11.89],[141.57,-12.09],[141.52,-12.16],[141.46,-12.34],[141.39,-12.51],[141.38,-12.61],[141.39,-12.92],[141.38,-13.04],[141.44,-13.24],[141.41,-13.34],[141.37,-13.41],[141.31,-13.59],[141.26,-13.85],[141.26,-13.93],[141.29,-14.03],[141.38,-14.15],[141.39,-14.23],[141.35,-14.32],[141.32,-14.46],[141.32,-14.51],[141.35,-14.62],[141.36,-14.75],[141.39,-14.92],[141.43,-15.01],[141.37,-15.15],[141.37,-15.23],[141.33,-15.34],[141.28,-15.44],[141.23,-15.63],[141.21,-15.79],[141.17,-15.87],[141.17,-15.93],[141.2,-16.06],[141.15,-16.14],[141.12,-16.23],[141.07,-16.33],[141.06,-16.43],[140.99,-16.61],[140.91,-16.67],[140.87,-16.78],[140.78,-16.87],[140.73,-16.97],[140.71,-17.05],[140.71,-17.12],[140.69,-17.24],[140.61,-17.28],[140.5,-17.15],[140.48,-17.17],[140.59,-17.29],[140.53,-17.37],[140.44,-17.4],[140.31,-17.47],[140.19,-17.46],[140.09,-17.48],[139.91,-17.37],[139.77,-17.32],[139.83,-17.25],[139.86,-17.11],[140.01,-16.83],[140.08,-16.74],[140.11,-16.65],[140.09,-16.56],[140,-16.39],[139.93,-16.31],[139.85,-16.25],[139.63,-16.2],[139.36,-16.06],[139.26,-16.03],[139.17,-16.05],[139.12,-16.07],[139.06,-16.15],[139.04,-16.23],[139.04,-16.44],[138.98,-16.5],[138.91,-16.54],[138.85,-16.63],[138.69,-16.57],[138.63,-16.56],[138.55,-16.57],[138.4,-16.52],[138.31,-16.48],[138.24,-16.48],[138.13,-16.37],[137.99,-16.52],[137.99,-16.81],[138,-17.43],[138,-17.84],[138,-18.37],[138,-19.09],[138,-19.74],[138,-20.23],[138,-20.64],[138,-21.31],[138,-21.87],[138,-22.62],[138,-23.1],[138,-23.54],[138,-24.38],[138,-24.92],[138,-25.46],[138,-26],[138.59,-26],[139.07,-26],[139.63,-26],[140.44,-26],[141,-26],[141,-26.67],[141,-27.1],[141,-27.67],[141,-28.15],[141,-28.65],[141,-29]]],[[[143.05,56.48],[143.02,56.38],[143.12,56.27],[143.32,56.2],[143.54,56.22],[143.68,56.28],[143.76,56.4],[143.7,56.52],[143.61,56.57],[143.51,56.6],[143.29,56.61],[143.1,56.54],[143.05,56.48]]],[[[140.18,65.88],[140.06,65.92],[140.14,66.02],[139.86,66.1],[139.86,66.15],[139.73,66.27],[139.82,66.3],[140.03,66.33],[140.1,66.4],[140.23,66.4],[140.46,66.35],[140.58,66.48],[140.44,66.5],[140.34,66.49],[140.35,66.63],[140.21,66.69],[140.15,66.69],[139.99,66.77],[139.94,66.82],[139.77,66.83],[139.55,66.9],[139.56,66.93],[139.46,67.02],[139.49,67.05],[139.28,67.11],[139.17,67.1],[138.81,67.15],[138.79,67.21],[138.7,67.26],[138.94,67.31],[138.92,67.37],[138.98,67.41],[138.79,67.44],[138.82,67.5],[138.75,67.55],[139.02,67.57],[139.18,67.55],[139.22,67.58],[139.54,67.66],[139.68,67.74],[139.91,67.82],[140,67.88],[140.33,67.85],[140.37,67.88],[140.78,67.84],[141,67.83],[141.08,68.01],[141.03,68.1],[141.16,68.2],[141.01,68.29],[140.93,68.4],[141.11,68.43],[141.15,68.49],[141.32,68.56],[141.43,68.58],[141.49,68.63],[141.46,68.7],[141.86,68.77],[141.69,68.89],[141.7,68.94],[141.62,69],[141.63,69.07],[141.57,69.09],[141.5,69.2],[141.8,69.28],[141.91,69.26],[142.48,69.28],[142.66,69.26],[142.7,69.32],[142.63,69.35],[142.66,69.43],[142.45,69.48],[142.37,69.58],[142.22,69.59],[142.05,69.68],[142.14,69.71],[142.17,69.77],[142.28,69.81],[142.14,69.88],[141.79,69.88],[141.62,69.86],[141.34,69.93],[141.3,69.99],[141.12,70.02],[141.02,69.99],[140.88,70.05],[140.8,70.16],[141.55,70.54],[141.72,70.65],[141.64,70.68],[141.63,70.74],[142.14,70.95],[142.31,70.99],[142.42,71.06],[142.6,71.11],[142.54,71.22],[142.47,71.24],[142.53,71.35],[142.63,71.58],[142.71,71.65],[143.06,71.71],[143.09,71.78],[143.19,71.85],[143.34,71.92],[143.34,71.97],[143.46,71.99],[143.37,72.04],[143.44,72.07],[143.67,72.08],[143.72,72.15],[143.86,72.17],[144.16,72.18],[144.31,72.28],[144.49,72.23],[144.77,72.4],[145.22,72.76],[144.38,72.84],[144.37,72.92],[143.13,72.96],[142.16,72.99],[140.85,73.11],[139.71,73.04],[139.92,72.9],[139.51,72.75],[139.21,72.67],[138.74,72.47],[138.6,72.39],[138.29,72.12],[138.05,72.06],[137.84,71.97],[137.26,71.81],[136.23,71.85],[135.7,71.84],[135.2,71.8],[134.86,71.75],[134.56,71.69],[134.23,71.58],[133.92,71.63],[133.71,71.72],[133.89,71.8],[133.97,71.89],[133.94,71.95],[133.7,72.07],[133.54,72.13],[133.23,72.16],[133.03,72.17],[132.57,72.14],[132.24,72.07],[131.97,71.95],[131.69,71.74],[131.58,71.61],[131.38,71.3],[131.23,71.27],[131.78,71.05],[131.95,71.07],[132.09,71.02],[132.2,70.89],[132.03,70.81],[132.04,70.72],[132.12,70.67],[132.13,70.57],[132.01,70.52],[132.07,70.37],[132.31,70.33],[132.49,70.35],[132.89,70.34],[133.08,70.33],[133.23,70.18],[133.22,70.14],[133.1,70.08],[133.1,70.03],[133.23,70.01],[132.99,69.95],[133.2,69.91],[133.18,69.83],[133.33,69.8],[133.52,69.73],[133.36,69.66],[133.21,69.68],[133.14,69.62],[132.97,69.58],[132.76,69.41],[132.72,69.3],[132.61,69.26],[132.54,69.2],[132.6,69.14],[132.31,69.02],[132.39,68.96],[132.6,68.92],[132.63,68.88],[132.83,68.73],[133.01,68.66],[133.05,68.59],[133.37,68.48],[133.38,68.38],[133.45,68.34],[133.37,68.3],[133.12,68.24],[133.09,68.19],[132.95,68.16],[132.83,68.06],[132.71,67.93],[132.55,67.85],[132.38,67.8],[132.31,67.71],[132.14,67.76],[131.81,67.67],[131.77,67.53],[131.42,67.6],[131.39,67.48],[131.26,67.44],[131.17,67.25],[131.08,67.14],[130.91,67.11],[130.68,67.14],[130.36,67.1],[130.23,67.01],[130.28,66.92],[129.99,66.85],[129.95,66.74],[129.94,66.6],[130.13,66.47],[130.06,66.39],[130.12,66.24],[130.44,66.21],[130.55,66.08],[130.68,66.05],[130.84,65.98],[131.15,65.94],[131.12,65.9],[131.28,65.79],[131.35,65.8],[131.39,65.71],[131.45,65.69],[131.72,65.7],[131.66,65.57],[131.48,65.46],[131.69,65.31],[131.87,65.27],[132,65.22],[132.14,65.05],[132.17,64.97],[132.29,64.92],[132.27,64.87],[132.35,64.81],[132.36,64.73],[132.29,64.67],[132.41,64.61],[132.55,64.63],[132.75,64.61],[132.87,64.62],[132.84,64.67],[133,64.75],[133,64.83],[132.92,64.92],[132.97,65.06],[132.96,65.13],[133.02,65.17],[133.19,65.24],[133.21,65.28],[133.49,65.28],[133.65,65.22],[133.94,65.23],[133.96,65.3],[134.08,65.31],[134.33,65.41],[134.46,65.43],[134.71,65.6],[134.69,65.65],[134.83,65.7],[134.86,65.77],[135,65.76],[135.37,65.81],[135.49,65.91],[135.68,65.89],[135.74,65.96],[135.86,66.01],[136.01,66.01],[136.1,66.09],[136.23,66.12],[136.45,66.2],[136.53,66.19],[136.71,66.21],[136.81,66.2],[137.05,66.11],[137.14,66.12],[137.29,66.09],[137.32,66.05],[137.63,66.02],[137.7,65.98],[138.02,65.97],[138.15,65.99],[138.25,65.94],[138.47,65.94],[138.56,65.96],[138.68,65.95],[138.93,65.98],[139.02,66.01],[139.3,66.02],[139.52,65.97],[139.83,65.85],[139.99,65.84],[140.18,65.88]]],[[[146.95,59.15],[146.94,59.39],[147.11,59.41],[147.1,59.47],[147.15,59.5],[147.13,59.7],[147.22,59.74],[147.12,59.89],[147.04,59.95],[146.94,59.95],[146.8,59.91],[146.7,59.97],[146.69,60.09],[146.5,60.12],[146.48,60.19],[146.37,60.25],[146.22,60.21],[145.98,60.2],[145.86,60.17],[145.79,60.21],[145.64,60.26],[145.57,60.34],[145.66,60.36],[145.64,60.41],[145.55,60.42],[145.53,60.49],[145.66,60.53],[145.71,60.59],[145.93,60.62],[145.92,60.66],[146.16,60.74],[146.2,60.7],[146.34,60.65],[146.44,60.67],[146.45,60.75],[146.52,60.85],[146.5,60.94],[146.71,60.95],[146.72,60.99],[146.69,61.09],[146.76,61.21],[146.7,61.3],[146.74,61.38],[146.71,61.42],[146.74,61.47],[146.59,61.55],[146.6,61.64],[146.52,61.66],[146.39,61.74],[146.35,61.84],[146.24,61.9],[145.99,61.99],[145.66,62.03],[145.65,61.99],[145.45,61.95],[145.29,62],[145.21,61.97],[145.15,62],[145.05,62],[144.99,62.05],[144.86,62.06],[144.76,62.04],[144.74,62.1],[144.99,62.16],[144.99,62.23],[145.1,62.23],[145.21,62.3],[145.15,62.4],[145.23,62.5],[145.38,62.5],[145.43,62.53],[145.44,62.63],[145.35,62.75],[145.41,62.87],[145.37,62.98],[145.25,63.15],[145.26,63.24],[145.38,63.3],[145.49,63.51],[145.61,63.64],[145.67,63.67],[145.65,63.79],[145.58,63.82],[146.01,63.92],[146.17,63.93],[146.23,64.01],[146.33,64.07],[146.38,64.18],[146.29,64.21],[146.15,64.2],[146.08,64.27],[145.88,64.35],[145.86,64.41],[145.74,64.44],[145.67,64.41],[145.28,64.45],[145.15,64.54],[145.06,64.53],[144.93,64.57],[144.77,64.57],[144.73,64.6],[144.54,64.67],[144.7,64.75],[144.54,64.86],[144.35,64.89],[144.27,65.02],[144.03,65.03],[143.95,65.05],[143.79,65.03],[143.55,65.11],[143.14,65.18],[142.99,65.17],[142.99,65.25],[142.81,65.33],[142.5,65.32],[142.1,65.39],[141.88,65.41],[141.85,65.47],[141.71,65.44],[141.6,65.45],[141.26,65.5],[141.09,65.54],[140.9,65.54],[140.72,65.56],[140.67,65.53],[140.51,65.56],[140.34,65.56],[140.24,65.49],[140.14,65.47],[140,65.5],[139.92,65.48],[139.92,65.41],[139.86,65.36],[139.77,65.35],[139.57,65.24],[139.57,65.17],[139.45,65.12],[139.44,65.06],[139.37,65.04],[139.44,64.95],[139.53,64.94],[139.59,64.89],[139.92,64.76],[139.92,64.74],[140.13,64.64],[140.41,64.57],[140.43,64.5],[140.08,64.39],[140.12,64.36],[140.36,64.32],[140.5,64.21],[140.79,64.16],[140.82,64.1],[140.79,64],[140.7,63.92],[140.68,63.85],[140.56,63.8],[140.57,63.71],[140.67,63.69],[140.64,63.5],[140.51,63.52],[140.25,63.5],[140.03,63.41],[139.88,63.33],[139.72,63.29],[139.7,63.22],[139.63,63.18],[139.67,63.13],[139.58,62.98],[139.69,62.92],[139.62,62.83],[139.56,62.81],[139.83,62.69],[139.92,62.68],[140.14,62.71],[140.27,62.64],[140.32,62.57],[140.51,62.53],[140.5,62.47],[140.56,62.41],[140.41,62.41],[140.34,62.38],[140.29,62.23],[140.33,62.15],[140.26,62.09],[140.28,62.04],[140.18,62.02],[140.12,61.97],[140.03,61.99],[139.95,61.94],[139.98,61.86],[139.94,61.8],[139.73,61.66],[139.67,61.64],[139.65,61.56],[139.55,61.47],[139.39,61.49],[139.28,61.43],[139.09,61.44],[139.04,61.35],[138.93,61.32],[138.73,61.34],[138.65,61.3],[138.65,61.23],[138.56,61.15],[138.51,61.15],[138.32,61.06],[138.35,60.98],[138.27,60.96],[138.21,60.87],[138.31,60.78],[138.4,60.72],[138.4,60.62],[138.32,60.49],[138.34,60.4],[138.32,60.32],[138.21,60.28],[138.19,60.22],[138.24,60.17],[138.21,60.1],[138.26,60.07],[138.23,59.98],[138.27,59.95],[138.19,59.91],[138.18,59.83],[138.22,59.81],[138.22,59.65],[138.05,59.65],[138.03,59.7],[138.08,59.75],[137.97,59.77],[137.9,59.74],[137.82,59.76],[137.63,59.75],[137.49,59.68],[137.45,59.61],[137.5,59.56],[137.36,59.54],[137.3,59.5],[136.82,59.39],[136.77,59.34],[136.67,59.35],[136.32,59.42],[136.09,59.42],[135.95,59.46],[135.83,59.53],[135.61,59.49],[135.44,59.4],[135.36,59.31],[135.26,59.23],[135.3,59.2],[135.19,59.11],[135.1,59.12],[134.99,59.16],[134.84,59.14],[134.73,59.16],[134.72,59.2],[134.56,59.2],[134.48,59.14],[134.37,59.2],[134.18,59.22],[134.08,59.26],[133.86,59.26],[133.75,59.23],[133.57,59.25],[133.57,59.29],[133.46,59.3],[133.27,59.23],[133.17,59.24],[132.99,59.16],[132.93,59.1],[132.84,59.07],[132.77,59.01],[132.84,58.99],[132.78,58.89],[132.67,58.91],[132.56,58.87],[132.53,58.82],[132.55,58.66],[132.39,58.56],[132.28,58.53],[132.14,58.51],[132.19,58.47],[132.18,58.41],[132.23,58.33],[132.19,58.26],[132.11,58.28],[132.01,58.2],[132,58.15],[132.1,58.12],[132.14,58.08],[132.07,58.05],[131.97,58.08],[131.83,58.17],[131.72,58.2],[131.56,58.21],[131.5,58.17],[131.52,58.12],[131.64,58.08],[131.62,58.01],[131.71,57.95],[131.8,57.93],[131.81,57.87],[131.88,57.82],[132.05,57.73],[132.07,57.68],[131.94,57.62],[131.85,57.62],[131.72,57.57],[131.78,57.54],[131.61,57.43],[131.61,57.31],[131.51,57.27],[131.26,57.3],[131.2,57.26],[131.2,57.2],[131.33,57.19],[131.43,57.14],[131.61,56.96],[131.71,56.9],[131.83,56.74],[131.7,56.69],[131.69,56.53],[131.73,56.47],[131.62,56.48],[131.64,56.52],[131.49,56.57],[131.41,56.51],[131.22,56.52],[131.17,56.44],[131.1,56.38],[131.14,56.3],[131.11,56.24],[130.99,56.17],[130.98,56.09],[130.9,56],[130.94,55.96],[130.86,55.92],[130.96,55.8],[130.95,55.71],[131.06,55.66],[131.15,55.65],[131.22,55.69],[131.34,55.65],[131.48,55.7],[131.56,55.66],[131.64,55.71],[131.77,55.69],[131.8,55.65],[131.94,55.67],[131.95,55.71],[132.08,55.7],[132.15,55.68],[132.26,55.74],[132.44,55.74],[132.56,55.71],[132.66,55.63],[132.64,55.56],[132.76,55.46],[132.97,55.42],[132.77,55.35],[132.68,55.36],[132.69,55.3],[132.61,55.24],[132.37,55.25],[132.34,55.22],[132.44,55.12],[132.44,55.09],[132.29,55.06],[132.13,55.07],[132.02,55.03],[132.06,54.97],[132.01,54.93],[131.81,54.86],[131.67,54.78],[131.62,54.79],[131.49,54.75],[131.39,54.74],[131.29,54.66],[131.17,54.64],[131.23,54.56],[131.17,54.47],[131.13,54.37],[131.04,54.29],[130.94,54.34],[130.76,54.3],[130.67,54.26],[130.66,54.22],[130.51,54.12],[130.5,54],[130.39,53.92],[130.44,53.89],[130.52,53.91],[130.59,53.88],[130.67,53.9],[130.72,53.86],[130.85,53.85],[130.9,53.78],[131.01,53.82],[131.23,53.79],[131.35,53.78],[131.44,53.74],[131.42,53.68],[131.47,53.63],[131.45,53.51],[131.51,53.43],[131.53,53.33],[131.51,53.27],[131.44,53.22],[131.72,53.23],[131.8,53.26],[131.85,53.23],[131.83,53.16],[131.9,53.14],[132.04,53.16],[132.07,53.23],[132.25,53.23],[132.27,53.26],[132.51,53.22],[132.64,53.24],[132.73,53.23],[132.9,53.25],[132.88,53.29],[133.14,53.31],[133.16,53.41],[133.26,53.46],[133.47,53.5],[133.6,53.55],[133.72,53.47],[133.8,53.49],[133.92,53.45],[134.1,53.46],[134.2,53.48],[134.26,53.54],[134.41,53.58],[134.46,53.61],[134.57,53.62],[134.62,53.57],[134.72,53.53],[134.73,53.49],[134.89,53.43],[134.87,53.39],[134.8,53.4],[134.8,53.33],[134.87,53.32],[134.91,53.23],[134.81,53.15],[134.86,53.1],[134.77,53.07],[134.69,52.98],[134.59,52.9],[134.61,52.8],[134.66,52.78],[134.65,52.72],[134.73,52.72],[134.74,52.63],[134.67,52.63],[134.6,52.5],[134.62,52.44],[134.54,52.42],[134.49,52.46],[134.35,52.47],[134.29,52.46],[134.17,52.51],[134.08,52.5],[134,52.54],[133.87,52.51],[133.82,52.57],[133.71,52.56],[133.59,52.62],[133.26,52.68],[133.23,52.62],[133.3,52.51],[133.24,52.47],[133.32,52.4],[133.34,52.33],[133.43,52.26],[133.32,52.2],[133.17,52.17],[133.06,52.18],[132.94,52.15],[132.82,52.17],[132.75,52.12],[132.65,52.11],[132.54,52.05],[132.53,51.98],[132.42,51.98],[132.42,51.91],[132.26,51.8],[132.22,51.84],[132.12,51.78],[132.07,51.8],[131.96,51.75],[131.86,51.76],[131.78,51.7],[131.6,51.67],[131.43,51.69],[131.39,51.59],[131.47,51.49],[131.49,51.35],[131.41,51.35],[131.36,51.39],[131.25,51.36],[131.16,51.25],[131.04,51.24],[131.03,51.17],[130.97,51.14],[130.93,51.03],[130.8,51.02],[130.76,50.96],[130.83,50.92],[130.85,50.88],[130.67,50.74],[130.7,50.7],[130.64,50.66],[130.72,50.61],[130.76,50.66],[130.91,50.67],[130.98,50.64],[131.03,50.58],[130.93,50.5],[130.89,50.49],[130.93,50.39],[131.05,50.43],[131.31,50.32],[131.39,50.27],[131.44,50.2],[131.39,50.16],[131.38,50.1],[131.43,50.05],[131.39,49.98],[131.52,49.9],[131.48,49.78],[131.37,49.72],[131.38,49.66],[131.45,49.67],[131.52,49.57],[131.5,49.41],[131.43,49.27],[131.29,49.26],[131.18,49.23],[131.13,49.24],[131.07,49.17],[131.02,49.04],[131.02,48.97],[130.86,48.99],[130.74,48.96],[130.63,48.88],[130.68,48.85],[130.61,48.78],[130.52,48.63],[130.61,48.57],[130.61,48.5],[130.76,48.5],[130.73,48.44],[130.77,48.36],[130.84,48.3],[130.76,48.25],[130.75,48.19],[130.65,48.11],[130.69,48.04],[130.86,47.94],[130.95,47.81],[130.96,47.72],[131.09,47.68],[131.18,47.7],[131.25,47.73],[131.37,47.73],[131.42,47.74],[131.55,47.73],[131.57,47.67],[131.62,47.66],[131.68,47.7],[131.86,47.67],[131.98,47.67],[132.06,47.7],[132.25,47.71],[132.31,47.76],[132.54,47.71],[132.6,47.74],[132.6,47.82],[132.68,47.89],[132.65,47.93],[132.72,47.96],[132.82,47.94],[132.87,48],[133,48.04],[133.06,48.12],[133.14,48.13],[133.3,48.1],[133.39,48.12],[133.46,48.11],[133.56,48.13],[133.58,48.19],[133.71,48.19],[133.72,48.24],[133.95,48.3],[134.06,48.35],[134.14,48.34],[134.19,48.38],[134.41,48.39],[134.47,48.42],[134.69,48.41],[134.77,48.36],[134.68,48.26],[134.67,48.15],[134.54,48.02],[134.54,47.98],[134.61,47.9],[134.67,47.88],[134.66,47.82],[134.78,47.74],[134.68,47.6],[134.57,47.52],[134.57,47.49],[134.49,47.44],[134.31,47.43],[134.26,47.37],[134.17,47.32],[134.15,47.25],[134.22,47.18],[134.21,47.1],[134.15,47.1],[134.06,46.97],[134.07,46.93],[134.01,46.82],[134.04,46.78],[134.01,46.64],[133.91,46.6],[133.85,46.48],[133.93,46.42],[133.94,46.38],[133.87,46.36],[133.9,46.25],[133.8,46.22],[133.79,46.19],[133.68,46.14],[133.74,46.05],[133.68,46],[133.67,45.94],[133.61,45.94],[133.58,45.87],[133.5,45.89],[133.46,45.84],[133.48,45.78],[133.44,45.72],[133.44,45.65],[133.39,45.58],[133.21,45.51],[133.14,45.43],[133.11,45.35],[133.1,45.26],[133.13,45.13],[133.04,45.06],[132.94,45.03],[132.86,45.06],[132,45.25],[131.92,45.29],[131.91,45.34],[131.83,45.31],[131.78,45.24],[131.67,45.21],[131.64,45.16],[131.69,45.13],[131.62,45.07],[131.43,44.97],[131.35,44.99],[131.27,44.92],[131.2,44.92],[131.15,44.94],[131.09,44.89],[130.98,44.86],[131.1,44.71],[131.3,44.04],[131.26,44.03],[131.24,43.95],[131.25,43.9],[131.21,43.82],[131.23,43.67],[131.19,43.53],[131.26,43.49],[131.31,43.39],[131.27,43.38],[131.25,43.27],[131.2,43.23],[131.21,43.15],[131.11,43.07],[131.1,43.02],[131.14,42.94],[131.11,42.91],[131.01,42.91],[130.88,42.85],[130.83,42.88],[130.78,42.84],[130.66,42.85],[130.46,42.77],[130.41,42.73],[130.46,42.69],[130.52,42.7],[130.59,42.67],[130.63,42.6],[130.56,42.5],[130.64,42.42],[130.67,42.38],[130.65,42.32],[130.89,42.15],[130.92,42.12],[131.57,42.23],[131.98,42.3],[132.64,42.4],[133.06,42.47],[133.23,42.49],[133.5,42.58],[133.76,42.61],[134.03,42.68],[134.14,42.74],[134.25,42.82],[134.46,42.93],[134.81,43.1],[134.92,43.14],[135.03,43.22],[135.15,43.29],[135.29,43.33],[135.38,43.4],[135.45,43.51],[135.62,43.62],[135.75,43.76],[135.87,43.94],[135.92,44.05],[136.07,44.21],[136.14,44.26],[136.31,44.33],[136.43,44.44],[136.54,44.58],[136.65,44.63],[136.74,44.76],[136.9,44.91],[136.99,44.97],[137.12,45.11],[137.19,45.16],[137.31,45.21],[137.38,45.26],[137.52,45.4],[137.59,45.48],[137.69,45.53],[137.84,45.63],[137.94,45.72],[138.04,45.85],[138.16,45.96],[138.35,46.13],[138.39,46.19],[138.4,46.3],[138.6,46.44],[138.65,46.57],[138.65,46.66],[138.74,46.76],[138.83,46.95],[138.91,47],[139,47.08],[139.19,47.17],[139.24,47.22],[139.33,47.34],[139.35,47.41],[139.41,47.51],[139.47,47.59],[139.52,47.68],[139.58,47.75],[139.75,47.83],[139.89,47.95],[139.96,48.03],[140.05,48.09],[140.27,48.21],[140.44,48.35],[140.47,48.44],[140.51,48.72],[140.62,48.82],[140.68,48.91],[140.69,49],[140.74,49.35],[140.79,49.41],[140.84,49.51],[140.84,49.8],[140.8,49.88],[140.95,49.98],[141,50.07],[140.96,50.2],[140.83,50.28],[140.85,50.34],[140.78,50.54],[140.81,50.62],[140.78,50.7],[140.83,50.79],[140.91,50.84],[140.96,50.91],[141,51.06],[140.98,51.13],[141.03,51.2],[141.11,51.25],[141.19,51.34],[141.21,51.44],[141.42,51.62],[141.59,52.13],[141.59,52.21],[141.52,52.43],[141.64,53.16],[141.71,53.24],[141.59,53.34],[141.49,53.56],[141.25,53.64],[140.94,53.73],[140.84,53.77],[140.76,53.85],[140.66,53.9],[140.66,54.01],[140.62,54.06],[140.45,54.19],[140.29,54.26],[140.21,54.28],[140.15,54.32],[140.13,54.43],[140.03,54.51],[139.46,54.79],[138.57,55.27],[137.84,55.92],[138.02,56.03],[138.12,56.12],[138.26,56.22],[138.46,56.27],[138.55,56.33],[138.61,56.44],[138.62,56.54],[138.84,56.65],[138.93,56.73],[138.95,56.81],[139.11,56.86],[139.19,56.91],[139.38,57.08],[139.59,57.12],[139.85,57.25],[139.94,57.25],[140.14,57.32],[140.22,57.41],[140.21,57.5],[140.25,57.55],[140.46,57.57],[140.55,57.59],[140.79,57.73],[140.85,57.79],[140.87,57.88],[141.06,58.16],[141.19,58.24],[141.54,58.35],[141.79,58.45],[141.99,58.56],[142.18,58.72],[142.28,58.84],[142.39,58.91],[142.64,59.02],[142.88,59.07],[143.56,59.12],[143.89,59.2],[144.05,59.2],[144.38,59.17],[145.02,59.17],[145.14,59.18],[145.39,59.19],[145.65,59.03],[145.84,58.96],[146.09,58.94],[146.47,59],[146.59,59.05],[146.95,59.15]]],[[[155.82,-10.52],[155.76,-10.54],[155.63,-10.63],[155.51,-10.68],[155.45,-10.73],[155.42,-10.79],[155.41,-10.92],[155.45,-11],[155.51,-11.05],[155.59,-11.07],[155.68,-11.07],[155.82,-11.02],[155.93,-10.96],[156.01,-10.88],[156.07,-10.77],[156.07,-10.68],[156.04,-10.61],[155.95,-10.54],[155.88,-10.52],[155.82,-10.52]]],[[[144.63,13.67],[144.54,13.64],[144.44,13.55],[144.41,13.48],[144.44,13.27],[144.44,13.21],[144.47,13.12],[144.58,13.04],[144.67,13.03],[144.76,13.05],[144.84,13.08],[144.93,13.17],[144.97,13.25],[144.98,13.31],[145.09,13.41],[145.13,13.47],[145.16,13.59],[145.16,13.65],[145.11,13.73],[145.06,13.77],[144.94,13.84],[144.86,13.86],[144.8,13.85],[144.7,13.79],[144.63,13.67]]],[[[147.44,8.09],[147.46,8.03],[147.5,7.96],[147.58,7.91],[147.64,7.9],[147.72,7.91],[147.8,7.97],[147.84,8.03],[147.85,8.13],[147.81,8.23],[147.74,8.29],[147.66,8.31],[147.55,8.28],[147.47,8.21],[147.44,8.09]]],[[[146.49,8.06],[146.53,7.95],[146.58,7.9],[146.66,7.86],[146.76,7.87],[146.84,7.9],[146.89,7.94],[146.94,8.02],[146.95,8.12],[146.9,8.23],[146.84,8.27],[146.77,8.29],[146.69,8.29],[146.61,8.26],[146.54,8.2],[146.51,8.16],[146.49,8.06]]],[[[146.82,7.36],[146.86,7.25],[146.93,7.2],[146.98,7.18],[147.11,7.19],[147.19,7.25],[147.24,7.35],[147.24,7.43],[147.18,7.53],[147.12,7.57],[147.02,7.59],[146.97,7.58],[146.88,7.53],[146.85,7.48],[146.82,7.36]]],[[[145.18,9.23],[145.19,9.16],[145.26,9.06],[145.38,9.02],[145.47,9.04],[145.53,9.08],[145.58,9.18],[145.58,9.3],[145.52,9.38],[145.41,9.43],[145.32,9.43],[145.27,9.4],[145.21,9.35],[145.18,9.23]]],[[[144.29,8.58],[144.32,8.48],[144.37,8.42],[144.48,8.38],[144.6,8.39],[144.68,8.45],[144.73,8.54],[144.73,8.61],[144.7,8.69],[144.61,8.78],[144.54,8.81],[144.45,8.8],[144.37,8.76],[144.32,8.7],[144.29,8.58]]],[[[144.25,7.17],[144.32,7.08],[144.39,7.05],[144.51,7.04],[144.61,7.1],[144.65,7.16],[144.66,7.26],[144.62,7.37],[144.56,7.43],[144.5,7.46],[144.42,7.46],[144.3,7.41],[144.24,7.32],[144.23,7.25],[144.25,7.17]]],[[[143.62,7.34],[143.63,7.28],[143.67,7.21],[143.72,7.16],[143.77,7.13],[143.86,7.12],[143.97,7.15],[144.05,7.2],[144.11,7.31],[144.11,7.4],[144.09,7.47],[144.04,7.54],[144,7.57],[143.9,7.58],[143.8,7.57],[143.72,7.54],[143.67,7.5],[143.63,7.42],[143.62,7.34]]],[[[142.8,6.61],[142.87,6.52],[142.98,6.48],[143.09,6.48],[143.18,6.5],[143.26,6.58],[143.28,6.65],[143.27,6.76],[143.24,6.82],[143.15,6.88],[143.03,6.91],[142.94,6.89],[142.87,6.85],[142.83,6.81],[142.79,6.69],[142.8,6.61]]],[[[140.15,8.04],[140.19,8],[140.31,7.93],[140.41,7.91],[140.53,7.95],[140.59,8],[140.62,8.07],[140.61,8.17],[140.59,8.23],[140.51,8.31],[140.41,8.35],[140.34,8.36],[140.26,8.35],[140.2,8.31],[140.13,8.22],[140.12,8.13],[140.15,8.04]]],[[[140.41,9.58],[140.5,9.55],[140.58,9.56],[140.65,9.6],[140.71,9.67],[140.73,9.73],[140.72,9.82],[140.69,9.89],[140.61,9.96],[140.54,9.97],[140.45,9.96],[140.39,9.92],[140.32,9.83],[140.31,9.75],[140.33,9.65],[140.41,9.58]]],[[[139.37,9.99],[139.37,9.89],[139.4,9.8],[139.5,9.64],[139.61,9.58],[139.7,9.58],[139.81,9.63],[139.87,9.71],[139.97,9.74],[140.06,9.8],[140.11,9.89],[140.12,9.93],[140.1,10.03],[140.07,10.08],[140.01,10.12],[139.96,10.15],[139.9,10.21],[139.79,10.28],[139.7,10.29],[139.51,10.24],[139.45,10.21],[139.38,10.12],[139.36,10.05],[139.37,9.99]]],[[[137.15,8.37],[137.22,8.26],[137.3,8.21],[137.34,8.15],[137.43,8.1],[137.55,8.1],[137.64,8.15],[137.68,8.2],[137.72,8.3],[137.7,8.41],[137.76,8.47],[137.79,8.54],[137.79,8.63],[137.73,8.73],[137.62,8.8],[137.54,8.8],[137.44,8.77],[137.33,8.7],[137.23,8.65],[137.18,8.59],[137.14,8.47],[137.15,8.37]]],[[[146.3,7.26],[146.39,7.25],[146.47,7.27],[146.56,7.35],[146.58,7.42],[146.58,7.49],[146.53,7.59],[146.46,7.68],[146.34,7.73],[146.23,7.71],[146.18,7.72],[146.09,7.7],[146.08,7.77],[146.03,7.84],[145.96,7.89],[145.89,7.91],[145.83,7.9],[145.72,7.85],[145.66,7.77],[145.65,7.67],[145.69,7.56],[145.73,7.52],[145.81,7.48],[145.93,7.48],[145.94,7.4],[145.98,7.31],[146.04,7.24],[146.09,7.21],[146.18,7.2],[146.23,7.21],[146.3,7.26]]],[[[137.85,9.52],[137.83,9.42],[137.86,9.32],[137.9,9.27],[137.97,9.23],[138.09,9.23],[138.15,9.25],[138.34,9.38],[138.39,9.44],[138.41,9.55],[138.4,9.63],[138.35,9.75],[138.31,9.8],[138.25,9.84],[138.15,9.86],[138.08,9.84],[138.01,9.8],[137.97,9.75],[137.87,9.58],[137.85,9.52]]],[[[151.13,8.54],[151.14,8.48],[151.2,8.39],[151.24,8.36],[151.36,8.33],[151.45,8.36],[151.5,8.4],[151.53,8.35],[151.62,8.26],[151.69,8.23],[151.77,8.23],[151.89,8.28],[152.01,8.37],[152.07,8.36],[152.16,8.37],[152.23,8.41],[152.3,8.41],[152.38,8.45],[152.5,8.56],[152.54,8.65],[152.55,8.71],[152.52,8.81],[152.46,8.91],[152.35,8.97],[152.24,8.99],[152.1,8.95],[152.01,8.88],[151.98,8.81],[151.93,8.78],[151.86,8.8],[151.75,8.82],[151.67,8.8],[151.6,8.77],[151.51,8.67],[151.44,8.74],[151.36,8.76],[151.25,8.74],[151.2,8.7],[151.14,8.63],[151.13,8.54]]],[[[149.09,6.67],[149.12,6.57],[149.18,6.51],[149.26,6.48],[149.31,6.47],[149.4,6.5],[149.47,6.57],[149.5,6.64],[149.51,6.73],[149.45,6.84],[149.38,6.89],[149.31,6.9],[149.24,6.89],[149.16,6.84],[149.1,6.73],[149.09,6.67]]],[[[148.97,7.32],[149.03,7.22],[149.08,7.18],[149.17,7.15],[149.24,7.15],[149.3,7.17],[149.38,7.25],[149.4,7.33],[149.5,7.35],[149.6,7.42],[149.63,7.49],[149.64,7.63],[149.63,7.71],[149.56,7.8],[149.46,7.84],[149.41,7.85],[149.29,7.79],[149.23,7.71],[149.19,7.57],[149.08,7.55],[149.01,7.5],[148.97,7.43],[148.97,7.32]]],[[[149.48,8.58],[149.5,8.48],[149.54,8.43],[149.62,8.38],[149.69,8.37],[149.8,8.4],[149.88,8.49],[149.91,8.6],[149.9,8.65],[149.86,8.74],[149.79,8.79],[149.69,8.81],[149.62,8.79],[149.53,8.72],[149.49,8.66],[149.48,8.58]]],[[[149.86,8.91],[149.9,8.82],[149.96,8.77],[150.01,8.75],[150.09,8.74],[150.12,8.69],[150.17,8.64],[150.16,8.56],[150.19,8.49],[150.25,8.42],[150.38,8.37],[150.46,8.37],[150.54,8.4],[150.58,8.44],[150.62,8.51],[150.63,8.58],[150.6,8.67],[150.54,8.74],[150.53,8.84],[150.48,8.9],[150.39,8.98],[150.34,9],[150.32,9.06],[150.25,9.15],[150.15,9.19],[150.06,9.18],[149.94,9.11],[149.89,9.04],[149.86,8.96],[149.86,8.91]]],[[[151.25,7.25],[151.29,7.18],[151.33,7.14],[151.43,7.1],[151.48,7.09],[151.54,7.04],[151.66,7.02],[151.73,6.92],[151.82,6.84],[151.91,6.79],[152.02,6.79],[152.09,6.82],[152.13,6.86],[152.19,6.94],[152.21,7.01],[152.19,7.13],[152.23,7.2],[152.23,7.28],[152.2,7.46],[152.17,7.59],[152.13,7.69],[152.04,7.79],[151.95,7.85],[151.8,7.88],[151.72,7.88],[151.62,7.85],[151.54,7.79],[151.48,7.67],[151.42,7.6],[151.33,7.56],[151.26,7.49],[151.24,7.41],[151.23,7.34],[151.25,7.25]]],[[[152.37,6.98],[152.4,6.88],[152.48,6.81],[152.52,6.72],[152.61,6.65],[152.69,6.63],[152.78,6.65],[152.84,6.69],[152.93,6.82],[152.95,6.92],[152.92,7],[152.83,7.08],[152.74,7.11],[152.64,7.19],[152.59,7.2],[152.49,7.19],[152.41,7.12],[152.37,7.03],[152.37,6.98]]],[[[152.91,5.9],[152.97,5.78],[153.05,5.72],[153.15,5.69],[153.22,5.7],[153.31,5.76],[153.35,5.84],[153.35,5.98],[153.3,6.06],[153.24,6.11],[153.17,6.13],[153.08,6.13],[153.01,6.1],[152.94,6.03],[152.91,5.94],[152.91,5.9]]],[[[153.25,5.44],[153.28,5.36],[153.35,5.25],[153.44,5.19],[153.48,5.15],[153.59,5.09],[153.65,5.08],[153.77,5.11],[153.87,5.18],[153.93,5.27],[153.94,5.34],[154,5.42],[154.02,5.49],[154.02,5.56],[153.99,5.62],[153.95,5.67],[153.85,5.74],[153.72,5.76],[153.65,5.81],[153.58,5.83],[153.49,5.81],[153.41,5.76],[153.37,5.72],[153.34,5.64],[153.26,5.53],[153.25,5.44]]],[[[120,-65],[120,-70],[135,-70],[150,-70],[160,-70],[160,-65],[150,-65],[135,-65],[120,-65]]],[[[145.69,15.45],[145.59,15.41],[145.52,15.34],[145.49,15.24],[145.42,15.16],[145.39,15.09],[145.38,14.98],[145.33,14.89],[145.34,14.77],[145.38,14.7],[145.48,14.64],[145.58,14.64],[145.64,14.66],[145.72,14.71],[145.83,14.82],[145.87,14.93],[145.91,14.96],[145.99,15.08],[146.03,15.22],[146.04,15.28],[146.02,15.36],[145.95,15.44],[145.83,15.49],[145.76,15.49],[145.69,15.45]]],[[[145.48,14.12],[145.5,14.19],[145.46,14.31],[145.37,14.38],[145.23,14.4],[145.16,14.39],[145.04,14.33],[144.94,14.22],[144.92,14.1],[144.96,14],[145.02,13.94],[145.09,13.92],[145.17,13.91],[145.29,13.93],[145.41,14],[145.48,14.12]]],[[[145.68,18.52],[145.79,18.56],[145.85,18.6],[145.89,18.66],[145.91,18.74],[145.89,18.86],[145.83,18.95],[145.77,18.99],[145.65,19.01],[145.6,19.01],[145.51,18.96],[145.47,18.92],[145.43,18.84],[145.43,18.72],[145.49,18.61],[145.56,18.55],[145.68,18.52]]],[[[144.7,20.64],[144.67,20.53],[144.71,20.43],[144.77,20.37],[144.86,20.34],[144.99,20.35],[145.08,20.43],[145.11,20.51],[145.11,20.57],[145.09,20.64],[145.06,20.69],[144.95,20.75],[144.88,20.75],[144.81,20.74],[144.73,20.69],[144.7,20.64]]],[[[145.94,16.19],[145.88,16.13],[145.84,16.02],[145.86,15.94],[145.92,15.85],[146.04,15.8],[146.13,15.82],[146.22,15.88],[146.27,16],[146.26,16.1],[146.22,16.16],[146.11,16.22],[146.05,16.23],[145.94,16.19]]],[[[146.06,17.35],[146,17.45],[146.05,17.54],[146.06,17.63],[146.03,17.7],[145.93,17.8],[145.85,17.82],[145.78,17.82],[145.7,17.79],[145.64,17.71],[145.61,17.66],[145.62,17.53],[145.67,17.44],[145.63,17.37],[145.63,17.25],[145.68,17.17],[145.75,17.12],[145.82,17.1],[145.92,17.11],[145.98,17.14],[146.03,17.19],[146.06,17.27],[146.06,17.35]]],[[[145,20.03],[145.01,19.95],[145.07,19.86],[145.13,19.83],[145.21,19.81],[145.18,19.73],[145.19,19.62],[145.23,19.55],[145.29,19.5],[145.42,19.48],[145.51,19.5],[145.58,19.56],[145.61,19.61],[145.63,19.69],[145.62,19.75],[145.57,19.84],[145.48,19.89],[145.42,19.91],[145.44,19.95],[145.45,20.04],[145.41,20.14],[145.32,20.21],[145.24,20.24],[145.14,20.22],[145.09,20.19],[145.03,20.13],[145,20.03]]],[[[145.67,16.13],[145.75,16.14],[145.83,16.17],[145.91,16.27],[145.93,16.33],[145.92,16.42],[145.87,16.51],[145.96,16.58],[145.99,16.63],[146,16.71],[145.97,16.82],[145.93,16.86],[145.85,16.91],[145.72,16.91],[145.65,16.88],[145.6,16.83],[145.57,16.77],[145.56,16.69],[145.58,16.61],[145.55,16.55],[145.48,16.5],[145.44,16.44],[145.42,16.34],[145.44,16.27],[145.5,16.19],[145.56,16.15],[145.67,16.13]]],[[[145.55,18.2],[145.52,18.15],[145.5,18.05],[145.51,17.99],[145.57,17.89],[145.64,17.85],[145.73,17.84],[145.84,17.88],[145.95,17.97],[146.01,18.08],[146.02,18.15],[145.98,18.27],[145.89,18.35],[145.79,18.37],[145.69,18.36],[145.59,18.28],[145.55,18.2]]]]},"properties":{"tzid":"Australia/Brisbane"}},
{"type":"Feature","geometry":{"type":"MultiPolygon","coordinates":[[[[141,-29],[141,-29.37],[141,-29.85],[141,-30.52],[141,-30.92],[141,-31.59],[141.21,-31.59],[141.21,-31.56],[141.3,-31.56],[141.3,-31.59],[141.42,-31.59],[141.49,-31.56],[141.56,-31.58],[141.7,-31.6],[141.69,-31.64],[141.78,-31.63],[141.78,-31.59],[141.97,-31.59],[141.97,-31.74],[142,-31.78],[141.97,-31.83],[141.97,-31.98],[141.86,-31.97],[141.89,-32.06],[141.94,-32.06],[141.93,-32.13],[141.94,-32.21],[141.85,-32.27],[141.31,-32.27],[141.24,-32.24],[141.25,-32.2],[141.11,-32.19],[141.11,-32.23],[141,-32.22],[141,-32.6],[141,-33.13],[141,-33.66],[141,-34.02],[140.96,-34.1],[140.96,-34.64],[140.97,-35.11],[140.97,-35.66],[140.96,-35.8],[140.97,-36.31],[140.97,-37.03],[140.97,-37.61],[140.96,-38.27],[141.11,-38.36],[141.12,-38.42],[141.16,-38.5],[141.22,-38.55],[141.31,-38.58],[141.51,-38.63],[141.57,-38.63],[141.77,-38.6],[141.82,-38.57],[141.95,-38.62],[142.07,-38.62],[142.14,-38.59],[142.25,-38.6],[142.35,-38.58],[142.44,-38.6],[142.61,-38.71],[142.8,-38.8],[142.96,-38.83],[143.09,-38.93],[143.23,-38.97],[143.29,-38.97],[143.36,-39.02],[143.5,-39.06],[143.63,-39.05],[143.7,-39.02],[143.89,-38.89],[144.01,-38.85],[144.08,-38.79],[144.21,-38.65],[144.42,-38.55],[144.5,-38.49],[144.54,-38.49],[144.64,-38.56],[144.74,-38.67],[144.82,-38.7],[144.96,-38.7],[145.06,-38.73],[145.21,-38.73],[145.35,-38.77],[145.46,-38.85],[145.57,-38.88],[145.64,-38.88],[145.69,-39],[145.76,-39.07],[145.85,-39.1],[145.97,-39.11],[146.01,-39.21],[146.05,-39.25],[146.25,-39.41],[146.3,-39.49],[146.39,-39.54],[146.42,-39.6],[146.48,-39.67],[146.54,-39.7],[146.64,-39.72],[146.72,-39.71],[146.82,-39.68],[146.89,-39.61],[146.96,-39.68],[147.02,-39.71],[146.98,-39.83],[146.99,-39.88],[147.04,-39.95],[147.14,-40.01],[147.2,-40.02],[147.35,-40],[147.42,-39.96],[147.47,-40.01],[147.46,-40.15],[147.54,-40.37],[147.6,-40.44],[147.77,-40.58],[147.61,-40.58],[147.51,-40.6],[147.42,-40.67],[147.35,-40.64],[147.22,-40.63],[147.15,-40.65],[147.03,-40.74],[146.92,-40.75],[146.85,-40.77],[146.76,-40.84],[146.62,-40.87],[146.52,-40.92],[146.33,-40.95],[146.27,-40.95],[145.96,-40.85],[145.9,-40.79],[145.76,-40.74],[145.65,-40.66],[145.53,-40.64],[145.48,-40.59],[145.21,-40.33],[145.12,-40.24],[145.02,-40.2],[144.89,-40.19],[144.79,-40.2],[144.66,-40.17],[144.56,-40.19],[144.43,-40.25],[144.39,-40.14],[144.35,-40.1],[144.39,-40.03],[144.4,-39.92],[144.43,-39.83],[144.41,-39.73],[144.37,-39.69],[144.35,-39.6],[144.32,-39.56],[144.15,-39.41],[144.05,-39.37],[143.98,-39.36],[143.78,-39.37],[143.67,-39.43],[143.61,-39.5],[143.56,-39.65],[143.59,-39.82],[143.57,-39.94],[143.6,-40.02],[143.6,-40.1],[143.67,-40.24],[143.8,-40.34],[143.93,-40.37],[144.02,-40.44],[144.08,-40.46],[144.09,-40.53],[144.14,-40.6],[144.28,-40.67],[144.37,-40.67],[144.41,-40.71],[144.42,-40.78],[144.36,-40.87],[144.34,-41.02],[144.4,-41.15],[144.41,-41.24],[144.48,-41.39],[144.49,-41.48],[144.52,-41.53],[144.63,-41.65],[144.68,-41.81],[144.96,-42.06],[144.91,-42.13],[144.9,-42.21],[144.9,-42.33],[144.96,-42.47],[144.96,-42.55],[145,-42.68],[145.04,-42.74],[145.1,-42.79],[145.16,-42.95],[145.29,-43.13],[145.42,-43.19],[145.5,-43.26],[145.56,-43.39],[145.75,-43.58],[145.8,-43.69],[145.9,-43.75],[146.14,-43.85],[146.25,-43.92],[146.39,-43.94],[146.46,-43.93],[146.6,-43.85],[146.7,-43.85],[146.73,-43.96],[146.83,-44.03],[146.93,-44.06],[147.08,-44.05],[147.19,-44.01],[147.27,-43.94],[147.3,-43.87],[147.27,-43.75],[147.42,-43.71],[148.14,-43.42],[148.19,-43.4],[148.26,-43.31],[148.33,-43.15],[148.43,-42.71],[148.6,-42.41],[148.62,-42.35],[148.62,-42.08],[148.57,-42],[148.59,-41.91],[148.56,-41.8],[148.59,-41.64],[148.58,-41.55],[148.55,-41.48],[148.6,-41.41],[148.63,-41.3],[148.63,-41.25],[148.56,-41.13],[148.61,-41.06],[148.62,-40.97],[148.58,-40.86],[148.48,-40.72],[148.59,-40.63],[148.67,-40.59],[148.75,-40.5],[148.75,-40.37],[148.66,-40.25],[148.63,-40.13],[148.58,-40.07],[148.62,-39.98],[148.62,-39.91],[148.57,-39.83],[148.47,-39.76],[148.4,-39.74],[148.29,-39.73],[148.26,-39.71],[148.27,-39.62],[148.2,-39.51],[148.12,-39.46],[148.04,-39.44],[147.92,-39.44],[147.83,-39.47],[147.73,-39.43],[147.64,-39.4],[147.61,-39.34],[147.51,-39.27],[147.4,-39.24],[147.28,-39.23],[147.28,-39.15],[147.23,-39.07],[147.14,-39.01],[147.06,-38.99],[146.96,-39],[146.94,-38.87],[146.99,-38.84],[147.25,-38.62],[147.65,-38.3],[147.75,-38.23],[147.91,-38.13],[148.03,-38.09],[148.26,-38.02],[148.46,-38],[148.78,-38.02],[148.96,-37.98],[149.15,-37.98],[149.22,-38],[149.34,-38],[149.42,-37.98],[149.59,-37.96],[149.72,-37.9],[149.86,-37.83],[149.91,-37.77],[150.03,-37.75],[150.11,-37.7],[150.21,-37.58],[150.23,-37.51],[150.22,-37.41],[150.3,-37.3],[150.3,-37.21],[150.25,-37.09],[150.2,-37.01],[150.19,-36.91],[150.24,-36.73],[150.31,-36.6],[150.33,-36.44],[150.42,-36.39],[150.45,-36.35],[150.48,-36.27],[150.46,-36.17],[150.39,-36.09],[150.41,-35.98],[150.47,-35.9],[150.48,-35.84],[150.57,-35.7],[150.63,-35.64],[150.66,-35.56],[150.67,-35.51],[150.74,-35.4],[150.9,-35.33],[150.96,-35.28],[151.05,-35.17],[151.09,-35.04],[151.08,-34.96],[151.04,-34.88],[151.1,-34.72],[151.15,-34.63],[151.19,-34.47],[151.17,-34.4],[151.19,-34.35],[151.3,-34.28],[151.42,-34.15],[151.49,-34.04],[151.55,-33.84],[151.56,-33.71],[151.66,-33.58],[151.72,-33.45],[151.79,-33.37],[151.85,-33.26],[151.88,-33.19],[151.95,-33.08],[152.02,-33.01],[152.17,-32.99],[152.36,-32.9],[152.45,-32.8],[152.52,-32.75],[152.57,-32.67],[152.69,-32.64],[152.78,-32.53],[152.78,-32.4],[152.81,-32.19],[152.78,-32.12],[152.82,-32.05],[152.92,-31.99],[152.97,-31.93],[152.99,-31.86],[153.08,-31.69],[153.08,-31.63],[153.14,-31.58],[153.17,-31.52],[153.17,-31.43],[153.21,-31.35],[153.21,-31.23],[153.27,-31.17],[153.33,-30.93],[153.3,-30.81],[153.23,-30.73],[153.27,-30.55],[153.37,-30.39],[153.45,-30.33],[153.49,-30.27],[153.5,-30.18],[153.48,-30.12],[153.57,-30.06],[153.62,-29.96],[153.62,-29.92],[153.58,-29.81],[153.54,-29.76],[153.56,-29.7],[153.6,-29.51],[153.6,-29.33],[153.65,-29.29],[153.69,-29.2],[153.68,-29.09],[153.79,-28.98],[153.83,-28.91],[153.83,-28.79],[153.87,-28.65],[153.84,-28.53],[153.79,-28.47],[153.81,-28.37],[153.81,-28.25],[153.8,-28.13],[153.76,-28.07],[153.53,-28.18],[153.49,-28.16],[153.36,-28.25],[153.28,-28.23],[153.17,-28.27],[153.12,-28.32],[153.06,-28.34],[152.94,-28.33],[152.88,-28.31],[152.83,-28.32],[152.75,-28.36],[152.6,-28.28],[152.53,-28.31],[152.52,-28.25],[152.46,-28.26],[152.39,-28.37],[152.31,-28.36],[152.22,-28.45],[152.16,-28.43],[152.07,-28.47],[152.02,-28.53],[151.96,-28.52],[152.01,-28.67],[152.06,-28.68],[152.04,-28.73],[152.02,-28.89],[151.92,-28.93],[151.85,-28.91],[151.83,-28.96],[151.77,-28.94],[151.73,-28.87],[151.64,-28.92],[151.55,-28.95],[151.5,-29.02],[151.49,-29.09],[151.4,-29.18],[151.34,-29.18],[151.28,-29.1],[151.27,-28.94],[151.2,-28.88],[151.1,-28.84],[151.04,-28.84],[151.03,-28.76],[150.75,-28.63],[150.63,-28.68],[150.58,-28.66],[150.53,-28.67],[150.44,-28.66],[150.37,-28.62],[150.36,-28.59],[150.3,-28.54],[150.23,-28.57],[150.17,-28.55],[149.98,-28.61],[149.72,-28.61],[149.67,-28.63],[149.6,-28.58],[149.46,-28.59],[149.39,-28.68],[149.36,-28.68],[149.19,-28.78],[149.13,-28.83],[149.09,-28.83],[149.04,-28.94],[148.96,-29],[148.31,-29],[147.52,-29],[146.82,-29],[146.2,-29],[145.51,-29],[144.83,-29],[144.08,-29],[143.59,-29],[142.81,-29],[142.09,-29],[141.59,-29],[141,-29]]],[[[159.34,-54.34],[159.31,-54.27],[159.19,-54.19],[159.05,-54.16],[158.95,-54.16],[158.8,-54.19],[158.72,-54.24],[158.65,-54.34],[158.54,-54.43],[158.51,-54.49],[158.43,-54.79],[158.48,-54.89],[158.53,-54.93],[158.41,-54.99],[158.35,-55.05],[158.33,-55.13],[158.39,-55.24],[158.56,-55.31],[158.72,-55.32],[158.82,-55.3],[158.96,-55.24],[159.03,-55.15],[159.01,-55.04],[158.95,-54.98],[159.06,-54.95],[159.18,-54.85],[159.2,-54.76],[159.25,-54.65],[159.29,-54.46],[159.34,-54.34]]]]},"properties":{"tzid":"Australia/Sydney"}},
{"type":"Feature","geometry":{"type":"MultiPolygon","coordinates":[[[[67.95,23.47],[68.1,23.63],[68.18,23.68],[68.21,23.87],[68.28,23.93],[68.33,23.93],[68.36,23.99],[68.4,23.97],[68.75,23.97],[68.77,24.27],[68.83,24.31],[68.86,24.21],[68.95,24.3],[68.98,24.23],[69.01,24.22],[69.09,24.27],[69.19,24.24],[69.31,24.28],[69.44,24.28],[69.5,24.27],[69.59,24.29],[69.73,24.17],[70.03,24.17],[70.07,24.2],[70.11,24.3],[70.25,24.33],[70.57,24.42],[70.56,24.35],[70.59,24.28],[70.64,24.22],[70.81,24.22],[70.85,24.24],[70.88,24.3],[70.99,24.37],[71.05,24.36],[71.1,24.44],[71,24.44],[71,24.52],[70.99,24.6],[71.01,24.64],[71.09,24.69],[71.07,24.72],[71.03,24.81],[70.94,24.94],[70.89,25.15],[70.75,25.28],[70.74,25.33],[70.66,25.4],[70.67,25.68],[70.61,25.71],[70.53,25.68],[70.39,25.67],[70.27,25.71],[70.22,25.79],[70.17,25.83],[70.1,25.94],[70.09,26.08],[70.14,26.16],[70.18,26.25],[70.16,26.29],[70.19,26.37],[70.17,26.55],[70.06,26.6],[69.89,26.58],[69.79,26.6],[69.73,26.65],[69.51,26.74],[69.48,26.8],[69.51,27.01],[69.59,27.18],[69.7,27.28],[69.86,27.4],[69.93,27.5],[70.03,27.56],[70.13,27.81],[70.23,27.9],[70.3,27.94],[70.37,28.01],[70.51,28.04],[70.59,28.01],[70.68,27.92],[70.68,27.83],[70.76,27.72],[70.91,27.71],[71.21,27.84],[71.38,27.87],[71.67,27.88],[71.9,27.96],[71.93,28.12],[72,28.22],[72.13,28.31],[72.21,28.39],[72.3,28.67],[72.4,28.78],[72.48,28.81],[72.73,28.95],[72.95,29.03],[73,29.15],[73.08,29.24],[73.28,29.57],[73.4,29.95],[73.6,30.02],[73.81,30.07],[73.97,30.2],[73.96,30.27],[73.9,30.35],[73.95,30.47],[73.99,30.51],[74.07,30.52],[74.13,30.63],[74.15,30.63],[74.27,30.74],[74.32,30.85],[74.37,30.89],[74.48,30.97],[74.55,30.99],[74.55,31.03],[74.67,31.05],[74.69,31.13],[74.55,31.09],[74.51,31.13],[74.54,31.33],[74.6,31.42],[74.64,31.42],[74.64,31.48],[74.59,31.5],[74.62,31.56],[74.56,31.61],[74.54,31.68],[74.49,31.72],[74.56,31.76],[74.57,31.84],[74.62,31.89],[74.68,31.93],[74.82,31.96],[74.83,32],[74.93,32.07],[75.01,32.04],[75.12,32.08],[75.18,32.08],[75.26,32.1],[75.37,32.28],[75.34,32.32],[75.19,32.43],[75.14,32.41],[75.11,32.46],[75.03,32.5],[75.02,32.46],[74.94,32.45],[74.86,32.49],[74.73,32.48],[74.65,32.56],[74.65,32.7],[74.7,32.82],[74.66,32.83],[74.63,32.77],[74.52,32.75],[74.45,32.79],[74.42,32.89],[74.34,32.96],[74.32,33.03],[74.17,33.07],[74.15,33.14],[74.07,33.19],[74.02,33.21],[74.02,33.27],[74.13,33.3],[74.17,33.34],[74.19,33.48],[74.14,33.56],[74.03,33.58],[73.98,33.64],[73.98,33.71],[74.01,33.78],[74.06,33.82],[74.19,33.84],[74.28,33.9],[74.28,33.97],[74.23,34.02],[74.13,34.05],[74.02,34.04],[73.97,34.01],[73.9,34.06],[73.93,34.13],[74,34.19],[73.99,34.27],[73.95,34.28],[73.94,34.34],[73.86,34.32],[73.77,34.33],[73.75,34.37],[73.8,34.42],[73.88,34.45],[73.91,34.53],[73.95,34.56],[73.93,34.64],[73.97,34.69],[74.14,34.66],[74.31,34.78],[74.45,34.78],[74.58,34.76],[74.65,34.71],[74.73,34.68],[74.94,34.67],[75.03,34.63],[75.16,34.66],[75.27,34.64],[75.37,34.54],[75.67,34.54],[75.79,34.51],[76.03,34.69],[76.12,34.64],[76.16,34.63],[76.25,34.68],[76.28,34.72],[76.33,34.72],[76.44,34.75],[76.49,34.8],[76.53,34.77],[76.64,34.73],[76.7,34.75],[76.74,34.81],[76.75,34.89],[76.79,34.95],[76.9,34.93],[76.96,35.02],[77.05,35.05],[77.08,35.1],[77.09,35.17],[77.02,35.18],[76.97,35.25],[77.01,35.29],[76.95,35.39],[76.86,35.39],[76.84,35.44],[76.76,35.52],[76.79,35.59],[76.78,35.66],[76.68,35.76],[76.62,35.76],[76.56,35.82],[76.6,35.9],[76.45,35.88],[76.35,35.83],[76.14,35.85],[76.16,35.92],[76.08,36.02],[76,36.02],[75.96,36.05],[75.93,36.14],[76,36.17],[76.03,36.24],[76.02,36.3],[75.98,36.34],[76.04,36.41],[75.99,36.51],[75.92,36.57],[75.94,36.6],[75.87,36.67],[75.72,36.75],[75.64,36.77],[75.53,36.77],[75.47,36.72],[75.42,36.77],[75.42,36.89],[75.36,36.96],[75.29,36.98],[75.24,36.96],[75.13,37.01],[74.92,36.98],[74.84,37.02],[74.74,37.02],[74.7,37.09],[74.56,37.03],[74.54,36.97],[74.42,37.01],[74.31,36.92],[74.24,36.89],[74.18,36.92],[74.12,36.84],[74.05,36.83],[73.96,36.84],[73.89,36.91],[73.84,36.93],[73.8,36.89],[73.69,36.92],[73.55,36.89],[73.4,36.9],[73.18,36.88],[73.08,36.89],[72.93,36.84],[72.72,36.84],[72.65,36.85],[72.56,36.83],[72.5,36.78],[72.25,36.75],[72.18,36.71],[72.21,36.66],[72.1,36.65],[72.09,36.6],[72,36.56],[71.94,36.55],[71.92,36.51],[71.81,36.51],[71.81,36.4],[71.66,36.48],[71.58,36.35],[71.45,36.27],[71.44,36.23],[71.36,36.2],[71.21,36.08],[71.2,36.04],[71.32,35.96],[71.37,35.97],[71.4,35.89],[71.43,35.89],[71.48,35.82],[71.49,35.75],[71.55,35.72],[71.52,35.61],[71.62,35.57],[71.59,35.5],[71.66,35.44],[71.54,35.31],[71.63,35.23],[71.68,35.21],[71.62,35.14],[71.53,35.09],[71.55,35.02],[71.51,35.01],[71.48,34.95],[71.35,34.91],[71.3,34.88],[71.28,34.8],[71.09,34.68],[71.11,34.63],[71.01,34.53],[71.02,34.45],[71.11,34.43],[71.12,34.38],[71.17,34.36],[71.13,34.28],[71.13,34.16],[71.03,34.05],[70.88,33.97],[70.55,33.94],[70.46,33.95],[70.41,33.97],[70.19,33.98],[70.15,34.01],[70.09,34.01],[70.05,34.04],[69.9,34.04],[69.86,33.95],[69.92,33.89],[69.97,33.76],[70.15,33.69],[70.14,33.66],[70.2,33.62],[70.17,33.54],[70.2,33.49],[70.25,33.47],[70.32,33.4],[70.33,33.34],[70.17,33.22],[70.07,33.22],[70.02,33.14],[69.94,33.13],[69.88,33.09],[69.8,33.13],[69.69,33.09],[69.58,33.1],[69.5,33.02],[69.51,32.9],[69.44,32.8],[69.39,32.77],[69.44,32.73],[69.45,32.65],[69.38,32.56],[69.27,32.52],[69.24,32.46],[69.25,32.42],[69.31,32.3],[69.27,32.16],[69.32,31.94],[69.19,31.85],[69.12,31.7],[69.04,31.66],[68.96,31.65],[68.91,31.6],[68.79,31.62],[68.73,31.7],[68.71,31.77],[68.64,31.78],[68.58,31.83],[68.45,31.76],[68.59,31.75],[68.57,31.71],[68.43,31.76],[68.28,31.76],[68.26,31.8],[68.15,31.8],[68.07,31.7],[67.97,31.64],[67.86,31.62],[67.72,31.51],[67.57,31.52],[67.65,31.39],[67.75,31.42],[67.8,31.38],[67.79,31.33],[67.72,31.33],[67.68,31.29],[67.4,31.21],[67.28,31.2],[67.2,31.22],[67.17,31.25],[67.07,31.21],[67.02,31.26],[67.03,31.31],[66.96,31.31],[66.83,31.26],[66.81,31.22],[66.72,31.2],[66.69,31.08],[66.58,30.98],[66.41,30.95],[66.39,30.92],[66.29,30.58],[66.29,30.53],[66.36,30.48],[66.33,30.25],[66.29,30.15],[66.23,30.06],[66.37,29.97],[66.25,29.85],[65.81,29.73],[65.7,29.7],[65.49,29.64],[65.07,29.53],[64.57,29.59],[64.34,29.53],[64.26,29.52],[64.18,29.48],[64.1,29.38],[64.03,29.41],[63.98,29.39],[63.84,29.45],[63.58,29.49],[63.23,29.46],[62.47,29.39],[61.56,29.66],[60.87,29.86],[61.13,29.57],[61.12,29.53],[61.21,29.49],[61.37,29.34],[61.35,29.28],[61.43,29.2],[61.43,29.13],[61.48,29.12],[61.5,29.07],[61.5,29.02],[61.54,28.99],[61.62,28.84],[61.66,28.78],[61.75,28.72],[61.81,28.65],[61.91,28.56],[62.04,28.51],[62.17,28.49],[62.28,28.45],[62.39,28.43],[62.46,28.38],[62.6,28.25],[62.79,28.28],[62.79,28.23],[62.76,28.03],[62.83,27.76],[62.85,27.46],[62.8,27.33],[62.83,27.31],[62.82,27.22],[62.88,27.23],[62.95,27.2],[63.04,27.24],[63.12,27.24],[63.2,27.26],[63.28,27.22],[63.31,27.13],[63.25,27.09],[63.25,26.9],[63.24,26.84],[63.19,26.84],[63.2,26.76],[63.2,26.65],[62.76,26.65],[62.7,26.61],[62.6,26.58],[62.44,26.56],[62.3,26.51],[62.31,26.47],[62.26,26.41],[62.21,26.27],[62.1,26.28],[62.07,26.33],[62,26.28],[61.92,26.25],[61.86,26.18],[61.83,25.96],[61.85,25.82],[61.84,25.74],[61.73,25.73],[61.68,25.66],[61.65,25.31],[61.59,25.04],[61.58,24.84],[61.79,24.81],[62.37,24.89],[62.77,24.89],[63.41,24.9],[63.85,24.9],[64.6,24.95],[64.65,24.96],[65.18,25.09],[65.59,24.96],[66.2,24.76],[66.53,24.66],[66.88,24.23],[67.27,23.76],[67.33,23.71],[67.51,23.61],[67.92,23.43],[67.95,23.47]]],[[[70.52,39.96],[70.62,39.99],[70.66,40.06],[70.66,40.1],[70.78,40.13],[70.8,40.17],[70.87,40.17],[70.99,40.22],[70.96,40.29],[71.08,40.3],[71.13,40.34],[71.27,40.34],[71.31,40.31],[71.37,40.32],[71.43,40.28],[71.51,40.27],[71.51,40.23],[71.61,40.21],[71.62,40.27],[71.7,40.24],[71.69,40.19],[71.72,40.17],[71.88,40.26],[71.96,40.24],[72,40.28],[71.97,40.32],[72.05,40.37],[72.16,40.48],[72.25,40.48],[72.39,40.4],[72.44,40.48],[72.38,40.52],[72.48,40.55],[72.67,40.52],[72.66,40.58],[72.74,40.58],[72.79,40.67],[72.95,40.73],[72.99,40.76],[73.1,40.76],[73.19,40.77],[73.14,40.84],[73.01,40.85],[72.94,40.8],[72.83,40.86],[72.71,40.85],[72.57,40.88],[72.59,40.91],[72.55,40.96],[72.49,40.98],[72.44,41.03],[72.34,41.05],[72.24,41],[72.17,40.99],[72.21,41.06],[72.18,41.16],[72.07,41.12],[71.89,41.17],[71.86,41.2],[71.91,41.28],[71.83,41.39],[71.73,41.44],[71.72,41.55],[71.65,41.48],[71.68,41.42],[71.64,41.34],[71.56,41.29],[71.47,41.3],[71.44,41.25],[71.45,41.16],[71.38,41.13],[71.28,41.1],[71.27,41.17],[71.2,41.19],[71.13,41.14],[71.04,41.19],[70.96,41.17],[70.84,41.25],[70.78,41.22],[70.78,41.39],[70.67,41.47],[70.49,41.4],[70.41,41.47],[70.3,41.52],[70.24,41.49],[70.17,41.52],[70.21,41.57],[70.37,41.65],[70.4,41.68],[70.5,41.72],[70.53,41.8],[70.6,41.82],[70.66,41.91],[70.85,41.94],[70.84,42],[70.87,42.05],[70.99,42.03],[71.03,42.07],[71.17,42.14],[71.22,42.14],[71.27,42.2],[71.13,42.28],[71.03,42.29],[70.99,42.25],[70.89,42.28],[70.87,42.32],[70.96,42.4],[70.98,42.5],[71.08,42.47],[71,42.59],[71.18,42.61],[71.18,42.66],[71.27,42.74],[71.37,42.76],[71.38,42.8],[71.47,42.79],[71.54,42.81],[71.6,42.77],[71.68,42.82],[71.84,42.84],[71.94,42.81],[72.12,42.74],[72.28,42.76],[72.46,42.7],[72.5,42.67],[72.59,42.69],[72.74,42.65],[72.84,42.55],[72.98,42.53],[73.13,42.54],[73.32,42.5],[73.31,42.44],[73.38,42.42],[73.52,42.42],[73.43,42.52],[73.42,42.64],[73.5,42.77],[73.51,42.85],[73.5,42.92],[73.53,42.94],[73.55,43.03],[73.69,43.07],[73.83,43.13],[73.91,43.11],[73.97,43.22],[74.04,43.17],[74.31,43.22],[74.42,43.17],[74.58,43.13],[74.62,43.09],[74.75,42.99],[74.85,43],[75.04,42.92],[75.23,42.85],[75.34,42.86],[75.57,42.83],[75.72,42.8],[75.76,42.83],[75.82,42.94],[75.94,42.96],[76.03,42.91],[76.2,42.93],[76.3,42.91],[76.34,42.86],[76.49,42.89],[76.52,42.92],[76.71,42.9],[76.84,42.97],[77,42.98],[77.15,42.97],[77.25,42.91],[77.35,42.9],[77.42,42.93],[77.55,42.94],[77.58,42.92],[77.7,42.9],[77.78,42.91],[77.97,42.85],[78.17,42.86],[78.2,42.88],[78.35,42.86],[78.5,42.9],[78.61,42.86],[78.66,42.82],[78.87,42.8],[79.03,42.76],[79.2,42.8],[79.17,42.76],[79.18,42.7],[79.27,42.62],[79.34,42.6],[79.5,42.46],[79.64,42.45],[79.7,42.48],[79.79,42.45],[79.97,42.43],[79.98,42.38],[80.08,42.34],[80.18,42.21],[80.28,42.23],[80.24,42.34],[80.21,42.47],[80.22,42.53],[80.16,42.62],[80.22,42.71],[80.28,42.84],[80.41,42.84],[80.45,42.86],[80.6,42.89],[80.39,43],[80.38,43.05],[80.49,43.07],[80.59,43.14],[80.66,43.15],[80.78,43.14],[80.81,43.18],[80.77,43.27],[80.78,43.31],[80.68,43.33],[80.73,43.39],[80.75,43.47],[80.69,43.57],[80.52,43.82],[80.51,43.91],[80.45,43.99],[80.45,44.07],[80.4,44.11],[80.41,44.25],[80.38,44.38],[80.35,44.48],[80.41,44.61],[80.31,44.7],[80.19,44.75],[80.18,44.82],[80.03,44.8],[79.94,44.85],[79.88,44.91],[80.01,44.98],[80.06,45.04],[80.15,45.05],[80.21,45.02],[80.33,45.07],[80.38,45.04],[80.44,45.1],[80.7,45.13],[80.74,45.16],[80.9,45.13],[80.96,45.17],[81.02,45.16],[81.12,45.22],[81.38,45.26],[81.45,45.26],[81.63,45.36],[81.71,45.36],[81.77,45.39],[81.92,45.23],[82.09,45.24],[82.15,45.22],[82.27,45.24],[82.34,45.21],[82.47,45.18],[82.58,45.22],[82.59,45.34],[82.54,45.42],[82.28,45.54],[82.26,45.62],[82.29,45.71],[82.35,45.8],[82.34,45.94],[82.46,45.98],[82.51,46.15],[82.72,46.49],[82.78,46.67],[82.87,46.83],[82.93,46.97],[82.94,47.02],[82.99,47.06],[83.05,47.23],[83.15,47.23],[83.24,47.18],[83.35,47.17],[83.41,47.12],[83.46,47.13],[83.58,47.06],[83.7,47.02],[83.78,47.02],[83.92,46.97],[83.98,47],[84.06,46.97],[84.26,47],[84.44,47.01],[84.51,46.98],[84.58,47],[84.71,47.01],[84.85,46.95],[84.94,46.86],[84.98,46.92],[85.08,46.93],[85.1,46.96],[85.19,47.01],[85.22,47.05],[85.3,47.06],[85.53,47.05],[85.58,47.14],[85.68,47.22],[85.68,47.43],[85.61,47.51],[85.61,47.54],[85.54,48.01],[85.56,48.15],[85.66,48.24],[85.73,48.37],[85.79,48.42],[85.91,48.44],[86.23,48.43],[86.32,48.49],[86.41,48.48],[86.58,48.54],[86.64,48.63],[86.77,48.72],[86.76,48.8],[86.82,48.86],[86.76,48.89],[86.73,48.95],[86.75,49.01],[86.85,49.07],[86.89,49.13],[87.1,49.15],[87.29,49.12],[87.3,49.17],[87.27,49.23],[87.2,49.25],[87.03,49.26],[87.01,49.3],[86.93,49.35],[86.93,49.42],[86.85,49.44],[86.83,49.55],[86.74,49.57],[86.62,49.57],[86.6,49.61],[86.71,49.69],[86.78,49.7],[86.77,49.76],[86.69,49.81],[86.61,49.77],[86.58,49.72],[86.37,49.59],[86.27,49.58],[86.2,49.47],[86.11,49.52],[86.04,49.52],[85.97,49.49],[85.88,49.57],[85.84,49.55],[85.76,49.58],[85.68,49.55],[85.58,49.61],[85.49,49.6],[85.39,49.63],[85.32,49.59],[85.26,49.59],[85.21,49.63],[85.2,49.74],[85.15,49.77],[85.06,49.89],[85,49.91],[84.98,49.98],[85.04,50.01],[85.02,50.06],[84.95,50.1],[84.86,50.09],[84.63,50.21],[84.53,50.21],[84.45,50.25],[84.41,50.21],[84.33,50.23],[84.25,50.29],[84.27,50.36],[84.2,50.47],[84.25,50.52],[84.18,50.55],[84.14,50.61],[84.08,50.63],[83.95,50.75],[83.98,50.78],[83.83,50.88],[83.71,50.89],[83.65,50.95],[83.59,50.95],[83.45,50.98],[83.41,51.01],[83.2,50.99],[83.01,50.93],[82.91,50.91],[82.73,50.93],[82.74,50.85],[82.7,50.81],[82.57,50.75],[82.35,50.78],[82.27,50.77],[82.22,50.74],[82.08,50.75],[82.01,50.79],[81.89,50.8],[81.8,50.77],[81.58,50.74],[81.45,50.76],[81.49,50.82],[81.44,50.86],[81.41,50.98],[81.29,50.97],[81.19,50.95],[81.06,50.95],[81.1,51.06],[81.15,51.1],[81.18,51.16],[80.92,51.22],[80.91,51.26],[80.68,51.32],[80.63,51.26],[80.63,51.21],[80.45,51.21],[80.44,51.12],[80.48,51.11],[80.48,50.97],[80.38,50.93],[80.19,50.9],[80.19,50.83],[80.08,50.83],[80.08,50.74],[79.72,51.22],[79.41,51.62],[79.19,51.92],[78.72,52.43],[78.4,52.78],[78.03,53.16],[77.91,53.29],[77.34,53.59],[76.89,53.82],[76.54,54],[76.5,54.07],[76.44,54.12],[76.44,54.17],[76.58,54.15],[76.64,54.12],[76.76,54.16],[76.83,54.22],[76.88,54.3],[76.86,54.36],[76.94,54.42],[76.93,54.46],[76.8,54.42],[76.73,54.42],[76.68,54.34],[76.48,54.32],[76.26,54.36],[76.19,54.3],[76.2,54.26],[75.69,54.12],[75.6,54.1],[75.53,54.11],[75.38,54.07],[75.43,54.01],[75.38,53.96],[75.05,53.8],[74.98,53.82],[74.79,53.83],[74.76,53.74],[74.67,53.76],[74.63,53.67],[74.46,53.69],[74.42,53.59],[74.49,53.58],[74.39,53.46],[74.29,53.49],[74.29,53.56],[74.16,53.6],[74.15,53.55],[74.05,53.57],[74.07,53.63],[73.9,53.65],[73.82,53.58],[73.67,53.61],[73.65,53.55],[73.44,53.44],[73.36,53.47],[73.4,53.52],[73.24,53.57],[73.32,53.68],[73.36,53.77],[73.45,53.81],[73.45,53.88],[73.69,53.86],[73.77,54.05],[73.7,54.07],[73.61,54.01],[73.52,54],[73.51,53.94],[73.28,53.94],[73.07,53.99],[73.06,54.04],[72.98,54.05],[72.99,54.1],[72.83,54.1],[72.83,54.12],[72.61,54.14],[72.56,54.12],[72.57,54.05],[72.68,54.04],[72.71,53.95],[72.55,53.98],[72.49,53.9],[72.37,53.94],[72.42,54],[72.4,54.05],[72.44,54.12],[72.42,54.15],[72.3,54.19],[72.28,54.32],[72.19,54.35],[72.14,54.31],[72.09,54.22],[72.22,54.18],[72.18,54.12],[72.1,54.15],[72.07,54.2],[71.95,54.24],[71.89,54.23],[71.75,54.25],[71.73,54.19],[71.76,54.15],[71.72,54.11],[71.61,54.12],[71.49,54.1],[71.49,54.16],[71.3,54.18],[71.27,54.15],[71.18,54.09],[71.14,54.16],[71.07,54.21],[71.07,54.27],[71,54.28],[71,54.34],[71.11,54.34],[71.2,54.31],[71.23,54.35],[71.17,54.46],[71.19,54.6],[71.29,54.61],[71.29,54.67],[71.21,54.7],[71.1,54.7],[71.01,54.81],[71.02,54.85],[70.96,54.89],[71.01,54.97],[70.99,55.07],[70.92,55.13],[70.79,55.29],[70.7,55.29],[70.62,55.25],[70.48,55.27],[70.5,55.33],[70.44,55.41],[70.57,55.49],[70.67,55.49],[70.76,55.58],[70.71,55.63],[70.56,55.65],[70.53,55.69],[70.59,55.76],[70.7,55.8],[70.6,55.84],[70.47,55.85],[70.48,55.91],[70.81,55.9],[70.87,55.96],[70.9,56.11],[70.73,56.25],[70.93,56.32],[70.93,56.38],[70.8,56.45],[70.98,56.46],[71.08,56.52],[71.12,56.65],[71.37,56.63],[71.38,56.68],[71.55,56.67],[71.58,56.74],[71.68,56.77],[71.6,56.93],[71.3,57.09],[71.23,57.17],[71.12,57.2],[71.05,57.29],[71.07,57.35],[70.79,57.36],[70.78,57.28],[70.65,57.2],[70.61,57.28],[70.46,57.28],[70.37,57.33],[70.42,57.42],[70.58,57.46],[70.69,57.52],[70.66,57.58],[70.6,57.58],[70.56,57.72],[70.48,57.77],[70.39,57.78],[70.43,57.84],[70.43,57.95],[70.85,58.52],[71.05,58.51],[71.19,58.42],[71.31,58.38],[71.24,58.33],[71.21,58.11],[71.26,58.05],[71.98,58.12],[72.09,58.09],[72.17,58.01],[72.33,58.01],[72.87,58],[72.95,58.07],[73.13,58.16],[73.48,58.14],[74.22,58.14],[74.46,58.24],[74.63,58.29],[74.66,58.35],[74.81,58.41],[74.91,58.43],[74.95,58.49],[75.11,58.58],[75.2,58.62],[75.13,58.66],[75.64,58.91],[75.73,59.02],[75.64,59.21],[75.84,59.28],[75.9,59.4],[75.99,59.38],[76.18,59.53],[76.5,59.54],[76.66,59.57],[76.67,59.69],[76.74,59.71],[76.77,60.07],[76.71,60.12],[76.83,60.19],[76.87,60.27],[76.76,60.33],[76.78,60.41],[76.83,60.47],[77.05,60.51],[77.05,60.59],[76.96,60.63],[77.11,60.75],[77.07,60.8],[77.11,60.86],[77.2,60.86],[77.45,60.81],[77.7,60.82],[77.89,60.78],[77.97,60.74],[78.09,60.8],[78.19,60.8],[78.49,60.76],[78.7,60.83],[78.8,60.75],[78.99,60.81],[79.16,60.83],[79.29,60.8],[79.29,60.72],[79.4,60.64],[79.51,60.67],[79.68,60.68],[79.95,60.67],[80.2,60.68],[80.4,60.75],[80.64,60.77],[80.7,60.8],[80.98,60.77],[81.05,60.76],[81.1,60.64],[81.46,60.61],[81.58,60.64],[81.88,60.64],[82.17,60.52],[82.41,60.61],[82.38,60.71],[83.16,61.03],[83.48,61.04],[83.95,60.84],[84.26,60.86],[84.64,61],[84.74,61.01],[85.7,61.28],[85.64,61.37],[85.8,61.45],[85.97,61.46],[85.96,61.55],[85.84,61.59],[85.71,61.57],[85.49,61.62],[85.41,61.69],[85.28,61.67],[85.1,61.75],[84.92,61.79],[84.84,61.77],[84.68,61.81],[84.52,61.93],[84.49,62.1],[84.44,62.2],[84.7,62.39],[84.92,62.48],[84.9,62.56],[85.1,62.64],[85.21,62.8],[85.37,62.88],[85.52,62.9],[85.5,62.98],[85.62,63.03],[85.5,63.15],[85.57,63.28],[85.71,63.34],[85.69,63.37],[85.42,63.37],[85.42,63.44],[85.28,63.52],[85.08,63.53],[85.18,63.61],[85.3,63.65],[85.31,63.72],[85.37,63.77],[85.37,63.85],[85.48,63.87],[85.48,63.91],[85.63,63.95],[85.75,64],[85.97,64.05],[85.93,64.13],[85.98,64.18],[86.01,64.27],[85.93,64.37],[85.92,64.43],[85.8,64.5],[85.91,64.57],[85.82,64.68],[85.83,64.78],[85.74,64.82],[85.53,64.85],[85.31,64.79],[85.13,64.8],[84.96,64.84],[85.03,64.91],[84.98,64.94],[84.85,64.94],[84.44,64.91],[84.32,64.92],[84.33,65],[84.29,65.1],[84.38,65.2],[84.54,65.24],[84.57,65.32],[84.49,65.39],[84.51,65.48],[84.41,65.55],[84.18,65.6],[84.28,65.62],[84.28,65.68],[84.15,65.69],[83.97,65.79],[83.76,65.79],[83.56,65.76],[83.47,65.81],[83.55,65.9],[83.31,65.99],[83.27,66.05],[83.36,66.12],[83.51,66.15],[83.54,66.19],[83.24,66.38],[83.12,66.4],[83.08,66.46],[83.09,66.59],[83.25,66.62],[83.28,66.69],[83.14,66.83],[82.73,67],[82.13,67.22],[82.14,67.25],[82.28,67.31],[82.26,67.43],[82.4,67.52],[82.26,67.54],[82.03,67.64],[82.09,67.72],[81.86,67.8],[81.73,67.9],[81.77,67.95],[81.97,67.96],[82.06,67.94],[82.34,67.93],[82.4,67.97],[82.35,68.12],[82.55,68.17],[82.56,68.26],[82.63,68.28],[82.71,68.41],[82.62,68.55],[82.65,68.61],[82.82,68.64],[82.87,68.67],[82.8,68.76],[82.59,68.81],[82.49,68.97],[82.32,69.05],[82.46,69.08],[82.47,69.15],[82.4,69.17],[82.14,69.16],[82,69.19],[81.85,69.19],[81.81,69.25],[81.96,69.35],[81.82,69.43],[81.64,69.41],[81.68,69.32],[81.59,69.27],[81.43,69.25],[81.34,69.28],[81.01,69.21],[80.8,69.27],[80.76,69.31],[80.43,69.33],[80.24,69.37],[79.92,69.35],[79.65,69.47],[79.51,69.63],[79.42,69.66],[79.13,69.69],[79.17,69.74],[79.12,69.79],[79,69.81],[78.96,69.88],[79.11,69.93],[79.17,70.02],[79.32,70.09],[79.35,70.15],[79.51,70.11],[79.65,70.19],[79.76,70.28],[79.88,70.26],[80.02,70.33],[80.41,70.46],[80.62,70.45],[80.82,70.62],[80.65,70.69],[80.71,70.81],[80.64,70.83],[80.58,71.04],[80,71.12],[79.43,71.3],[79.22,71.31],[79.13,71.39],[79.31,71.45],[79.37,71.53],[79.37,71.61],[79.56,71.61],[79.82,71.59],[79.97,71.6],[80.14,71.67],[80.15,71.76],[80.09,71.82],[80.38,71.88],[79.97,71.98],[79.82,72.03],[79.37,72.04],[79.14,72.06],[78.75,72.17],[78.63,72.17],[78.65,72.25],[78.51,72.29],[78.48,72.35],[78.65,72.47],[78.09,72.67],[77.76,73.03],[77.73,73.64],[77.06,73.61],[76.62,73.68],[76.29,73.71],[75.77,73.72],[75.3,73.69],[75.05,73.63],[74.76,73.51],[74.68,73.44],[74.39,73.31],[74.08,73.29],[73.9,73.26],[72.21,73.34],[71.87,73.51],[71.47,73.62],[71.07,73.67],[70.75,73.68],[70.08,73.63],[69.62,73.55],[69.38,73.46],[68.73,72.99],[68.61,72.86],[68.45,72.79],[68.32,72.68],[68.29,72.58],[68.19,72.45],[68.14,72.29],[68.02,72.08],[67.9,71.89],[67.71,71.76],[67.48,71.65],[67.22,71.59],[67.04,71.52],[66.82,71.47],[66.51,71.42],[66.37,71.36],[66.23,71.21],[66.16,71.17],[65.96,71],[65.85,70.85],[65.82,70.7],[65.83,70.61],[65.9,70.52],[66.09,70.37],[66.32,70.29],[66.39,70.11],[65.74,69.86],[64.97,69.56],[65.13,69.34],[65.03,69.2],[64.86,69.17],[64.72,69.11],[64.71,69.08],[64.54,69.03],[64.52,68.98],[64.62,68.93],[64.56,68.87],[64.81,68.88],[65.02,68.84],[65.09,68.81],[65.4,68.79],[65.35,68.74],[65.44,68.65],[65.65,68.58],[65.61,68.49],[65.51,68.47],[65.36,68.28],[65.27,68.23],[65.35,68.1],[65.32,68.02],[65.36,67.95],[65.44,67.91],[65.55,67.93],[65.77,67.92],[65.92,67.96],[66.13,67.91],[66.06,67.88],[66.02,67.81],[66.23,67.75],[66.22,67.68],[65.85,67.67],[65.82,67.54],[66.05,67.58],[66.09,67.5],[66.01,67.41],[65.7,67.38],[65.74,67.33],[65.6,67.3],[65.43,67.21],[65.32,67.2],[65.18,67.14],[65.24,67.09],[65.08,67.04],[65.14,66.91],[64.88,66.83],[64.55,66.8],[64.54,66.73],[64.39,66.72],[64.26,66.65],[63.98,66.63],[63.8,66.53],[63.63,66.51],[63.51,66.46],[63.42,66.47],[63.33,66.41],[63.23,66.3],[63.14,66.26],[62.87,66.06],[62.83,66],[62.9,65.97],[62.78,65.9],[62.8,65.86],[62.48,65.84],[62.47,65.82],[62.13,65.75],[61.96,65.7],[61.63,65.56],[61.46,65.44],[61.42,65.39],[61.29,65.31],[61.36,65.25],[61.27,65.17],[61.14,65.17],[61.08,65.08],[60.93,65.02],[60.81,65.02],[60.73,64.93],[60.61,64.92],[60.43,65.01],[60.42,65.07],[60.2,65.08],[60.05,65.03],[59.99,64.94],[59.81,64.91],[59.62,64.78],[59.66,64.66],[59.49,64.49],[59.59,64.48],[59.65,64.43],[59.6,64.33],[59.59,64.22],[59.84,64.09],[59.77,64.04],[59.76,63.99],[59.56,63.91],[59.53,63.71],[59.47,63.64],[59.48,63.57],[59.38,63.42],[59.31,63.39],[59.37,63.27],[59.29,63.18],[59.32,63.12],[59.25,63.1],[59.2,63.03],[59.33,62.94],[59.45,62.92],[59.43,62.78],[59.36,62.75],[59.41,62.71],[59.44,62.57],[59.63,62.54],[59.61,62.37],[59.4,62.16],[59.4,62.1],[59.49,61.95],[59.33,61.84],[59.32,61.8],[59.42,61.75],[59.35,61.66],[59.24,61.63],[59.15,61.63],[59.05,61.54],[58.92,61.53],[58.85,61.5],[57.92,61.5],[57.09,61.5],[57.08,61.48],[56.65,61.52],[56.6,61.49],[56.57,61.42],[56.38,61.44],[56.27,61.19],[55.81,61.25],[55.73,61.1],[55.28,61.15],[55.2,60.99],[55.05,61.01],[54.98,60.86],[53.88,60.98],[53.81,60.83],[53.36,60.88],[53.41,61.03],[52.87,61.09],[52.81,60.94],[52.43,60.98],[52.36,60.83],[51.89,60.88],[51.77,60.58],[52.15,60.54],[52.12,60.46],[52.35,60.44],[52.37,60.36],[52.32,60.23],[52.44,60.19],[52.93,60.15],[53.37,60.16],[53.42,60.23],[53.63,60.11],[53.69,60.01],[53.63,59.74],[53.6,59.69],[53.45,59.7],[53.36,59.46],[53.22,59.36],[53.23,59.32],[53.38,59.16],[53.82,59.11],[53.9,59.09],[53.87,59.03],[53.79,59.02],[53.75,58.97],[53.83,58.83],[53.93,58.8],[53.91,58.75],[53.74,58.69],[53.77,58.66],[53.7,58.6],[53.79,58.46],[53.77,58.42],[53.89,58.31],[53.79,58.24],[53.88,58.2],[53.95,58.15],[53.99,58.07],[54.13,57.96],[54.09,57.92],[54.13,57.88],[54.12,57.81],[54.16,57.77],[54.15,57.71],[54.06,57.68],[53.99,57.59],[54.14,57.48],[54.27,57.46],[54.29,57.43],[54.15,57.4],[54.14,57.32],[54.31,57.31],[54.35,57.16],[54.31,57.08],[54.44,57.03],[54.34,56.97],[54.23,56.99],[54.15,56.97],[54.15,56.92],[54.06,56.78],[53.98,56.75],[53.88,56.81],[53.79,56.8],[53.88,56.66],[53.84,56.6],[54.05,56.6],[54.24,56.46],[54.33,56.48],[54.4,56.26],[54.2,56.2],[54.09,56.11],[54.04,56.02],[53.97,56.01],[53.85,56.04],[53.82,55.97],[53.71,55.97],[53.7,55.93],[53.86,55.89],[53.96,55.78],[54.04,55.81],[54.17,55.72],[54.27,55.7],[54.2,55.64],[54.02,55.54],[53.97,55.53],[53.98,55.47],[53.9,55.43],[53.86,55.37],[53.72,55.33],[53.6,55.26],[53.62,55.21],[53.41,55.22],[53.32,55.16],[53.16,55.17],[53.17,55.11],[53.25,55.1],[53.27,55.05],[53.37,55.03],[53.48,54.97],[53.59,54.81],[53.63,54.8],[53.62,54.7],[53.53,54.62],[53.43,54.57],[53.43,54.43],[53.4,54.37],[53.45,54.26],[53.42,54.23],[53.5,54.06],[53.35,54],[53.29,54.03],[53.29,54.09],[53.13,54.08],[52.95,54.24],[53.1,54.23],[53.16,54.29],[53.08,54.32],[52.98,54.27],[52.93,54.31],[52.7,54.36],[52.57,54.34],[52.53,54.3],[52.43,54.31],[52.37,54.26],[52.36,54.19],[52.29,54.15],[52.38,54.08],[52.48,54.07],[52.37,53.97],[52.41,53.95],[52.34,53.79],[52.28,53.74],[52.19,53.56],[52.09,53.54],[52.1,53.46],[52.14,53.4],[52.21,53.38],[52.18,53.32],[52.17,53.24],[52.13,53.23],[52.16,53.09],[52.05,53.09],[52.04,52.96],[51.89,52.95],[51.84,52.87],[51.72,52.88],[51.77,52.8],[51.72,52.65],[51.62,52.65],[51.52,52.68],[51.51,52.59],[51.45,52.57],[51.55,52.46],[51.47,52.43],[51.46,52.37],[51.38,52.36],[51.41,52.23],[51.46,52.23],[51.39,52.07],[51.26,52.02],[51.13,51.93],[51.03,51.92],[50.77,51.77],[50.77,51.71],[50.81,51.65],[50.64,51.63],[50.54,51.59],[50.55,51.47],[50.5,51.43],[50.34,51.38],[50.37,51.33],[50.24,51.28],[50.04,51.25],[49.91,51.2],[49.78,51.11],[49.55,51.11],[49.39,51.09],[49.4,51.05],[49.34,50.99],[49.41,50.96],[49.44,50.88],[49.42,50.85],[49.26,50.82],[49.13,50.78],[49.01,50.68],[48.81,50.6],[48.65,50.6],[48.66,50.53],[48.73,50.26],[48.81,50.17],[48.76,50.1],[48.85,50.09],[48.9,50.02],[48.75,49.92],[48.45,49.84],[48.26,49.86],[48.13,50],[48.1,50.1],[48.01,50.14],[47.93,50.25],[47.83,50.33],[47.66,50.41],[47.61,50.46],[47.54,50.46],[47.43,50.38],[47.29,50.28],[47.34,50.24],[47.26,50.19],[47.35,50.09],[47.18,49.93],[46.9,49.86],[46.86,49.64],[46.83,49.57],[46.78,49.34],[47,49.23],[47.05,49.17],[47.03,49.09],[46.97,49.03],[46.89,48.98],[46.78,48.95],[46.62,48.67],[46.49,48.43],[46.75,48.35],[46.89,48.33],[47.12,48.27],[47.1,48.21],[47.12,48.16],[47.09,48.1],[47.21,48.08],[47.2,48.05],[47.05,48],[47.18,47.85],[47.12,47.83],[47.19,47.76],[47.39,47.68],[47.42,47.84],[47.65,47.76],[47.96,47.75],[48.03,47.76],[48.11,47.74],[48.21,47.69],[48.32,47.55],[48.45,47.41],[48.52,47.41],[48.71,47.1],[48.92,46.88],[49,46.74],[48.92,46.69],[48.75,46.69],[48.71,46.72],[48.55,46.71],[48.48,46.67],[48.56,46.64],[48.54,46.56],[48.7,46.56],[48.79,46.54],[48.82,46.49],[49,46.43],[49.04,46.4],[49.16,46.38],[49.26,46.29],[49.51,46.19],[49.6,46.18],[49.7,46.19],[49.89,46.05],[49.97,46.08],[50.02,46.13],[50.06,46.23],[50.09,46.43],[50.15,46.48],[50.33,46.55],[50.7,46.67],[50.81,46.73],[51.15,46.81],[51.24,46.85],[51.39,46.84],[51.45,46.7],[51.51,46.63],[51.57,46.61],[51.77,46.59],[52.13,46.64],[52.26,46.61],[52.36,46.62],[52.65,46.71],[52.8,46.61],[52.74,46.42],[52.74,46.37],[52.78,46.22],[52.68,45.81],[52.57,45.75],[52.47,45.61],[52.29,45.55],[52.16,45.53],[51.78,45.59],[51.7,45.59],[51.34,45.51],[51.27,45.46],[51.16,45.36],[51.08,45.26],[50.87,45.12],[50.71,45.08],[50.41,45.19],[50.31,45.2],[50.07,45.19],[49.96,45.17],[49.85,45.09],[49.81,44.98],[49.82,44.9],[49.92,44.76],[50.03,44.55],[50.05,44.39],[50.12,44.26],[50.31,44.17],[50.55,44.14],[50.7,43.96],[50.86,43.73],[50.99,43.56],[51.1,43.45],[51.07,43.16],[51.1,43.08],[51.16,43.03],[51.26,43],[51.56,42.97],[51.64,42.89],[51.77,42.73],[51.89,42.69],[52.2,42.65],[52.39,42.6],[52.44,42.47],[52.29,42.26],[52.24,42.15],[52.25,41.77],[52.27,41.61],[52.29,41.59],[52.28,41.51],[52.33,41.39],[52.43,41.33],[52.49,41.32],[52.56,41.25],[52.58,41.16],[52.59,41.04],[52.66,40.95],[52.57,40.77],[52.57,40.69],[52.5,40.59],[52.47,40.5],[52.45,40.29],[52.49,40.14],[52.48,40.03],[52.52,39.94],[52.58,39.87],[52.68,39.8],[52.8,39.66],[52.9,39.58],[52.86,39.52],[52.84,39.4],[52.91,39.26],[52.85,39.22],[52.81,39.15],[52.78,39.04],[52.78,38.87],[52.83,38.72],[52.9,38.65],[52.97,38.61],[53.06,38.59],[53.16,38.61],[53.28,38.68],[53.32,38.76],[53.33,38.81],[53.31,38.99],[53.38,39.08],[53.45,39],[53.61,38.87],[53.69,38.84],[53.62,38.72],[53.58,38.6],[53.58,38.51],[53.62,38.34],[53.61,38.2],[53.57,38.09],[53.56,37.92],[53.59,37.67],[53.66,37.48],[53.66,37.36],[53.85,37.36],[54.24,37.32],[54.29,37.35],[54.4,37.36],[54.49,37.42],[54.6,37.46],[54.7,37.45],[54.8,37.52],[54.82,37.6],[54.78,37.63],[54.84,37.75],[54.95,37.8],[55.13,37.95],[55.27,37.99],[55.38,38.04],[55.44,38.09],[55.75,38.13],[55.84,38.1],[56.02,38.08],[56.17,38.09],[56.22,38.07],[56.3,38.08],[56.35,38.12],[56.33,38.2],[56.45,38.26],[56.55,38.27],[56.61,38.24],[56.76,38.28],[56.79,38.25],[56.91,38.21],[57.05,38.19],[57.13,38.24],[57.16,38.27],[57.25,38.27],[57.37,38.08],[57.35,38],[57.51,37.92],[57.58,37.94],[57.72,37.92],[57.8,37.9],[57.83,37.86],[57.89,37.87],[58.03,37.81],[58.16,37.79],[58.2,37.78],[58.23,37.68],[58.36,37.66],[58.39,37.63],[58.5,37.65],[58.55,37.71],[58.67,37.66],[58.93,37.67],[59.06,37.63],[59.23,37.51],[59.35,37.53],[59.39,37.48],[59.38,37.41],[59.4,37.32],[59.44,37.3],[59.54,37.19],[59.56,37.13],[59.65,37.14],[59.77,37.13],[59.93,37.04],[60.04,37.02],[60.09,36.94],[60.17,36.85],[60.21,36.82],[60.35,36.63],[60.68,36.62],[61.1,36.64],[61.17,36.61],[61.19,36.55],[61.16,36.51],[61.17,36.41],[61.14,36.4],[61.19,36.22],[61.23,36.16],[61.21,36.09],[61.16,36.03],[61.18,35.94],[61.24,35.89],[61.26,35.81],[61.23,35.65],[61.27,35.6],[61.37,35.63],[61.39,35.57],[61.59,35.44],[61.78,35.41],[61.97,35.45],[62.06,35.43],[62.15,35.34],[62.27,35.3],[62.29,35.26],[62.3,35.14],[62.33,35.14],[62.48,35.28],[62.61,35.23],[62.71,35.24],[62.79,35.3],[63.02,35.41],[63.1,35.43],[63.13,35.54],[63.09,35.62],[63.25,35.68],[63.19,35.71],[63.11,35.83],[63.12,35.86],[63.3,35.86],[63.5,35.9],[63.54,35.95],[63.7,35.97],[63.99,36.04],[64.07,36],[64.06,36.1],[64.17,36.16],[64.28,36.15],[64.32,36.21],[64.45,36.24],[64.58,36.35],[64.64,36.44],[64.62,36.64],[64.71,36.8],[64.8,36.92],[64.76,37.11],[64.99,37.22],[65.12,37.24],[65.23,37.25],[65.28,37.23],[65.56,37.24],[65.64,37.33],[65.65,37.44],[65.71,37.54],[65.8,37.52],[65.89,37.48],[66.08,37.44],[66.17,37.37],[66.25,37.36],[66.31,37.32],[66.43,37.32],[66.59,37.37],[66.65,37.32],[66.69,37.36],[66.85,37.35],[66.95,37.4],[67.04,37.38],[67.11,37.33],[67.11,37.29],[67.22,37.24],[67.27,37.18],[67.45,37.24],[67.52,37.27],[67.56,37.22],[67.71,37.22],[67.78,37.19],[67.8,37.08],[67.89,37.07],[67.9,37.02],[68.01,36.93],[68.06,36.93],[68.16,37],[68.24,37],[68.29,37.03],[68.29,37.1],[68.39,37.1],[68.48,37.15],[68.65,37.21],[68.67,37.28],[68.75,37.28],[68.81,37.31],[68.96,37.32],[69.11,37.19],[69.25,37.09],[69.4,37.17],[69.47,37.25],[69.38,37.34],[69.39,37.45],[69.46,37.49],[69.53,37.59],[69.56,37.57],[69.71,37.57],[69.84,37.6],[69.94,37.61],[70,37.57],[70.15,37.52],[70.27,37.61],[70.3,37.7],[70.28,37.82],[70.19,37.85],[70.17,37.93],[70.26,37.94],[70.37,38.06],[70.49,38.12],[70.55,38.24],[70.61,38.28],[70.61,38.35],[70.68,38.36],[70.67,38.4],[70.76,38.43],[70.77,38.46],[70.96,38.44],[71.03,38.46],[71.05,38.41],[71.16,38.39],[71.18,38.35],[71.25,38.31],[71.3,38.31],[71.37,38.26],[71.32,38.07],[71.28,38],[71.26,37.92],[71.33,37.89],[71.52,37.95],[71.59,37.92],[71.6,37.81],[71.55,37.74],[71.5,37.53],[71.53,37.48],[71.5,37.45],[71.49,37.24],[71.45,37.21],[71.43,37.06],[71.46,37.03],[71.47,36.95],[71.51,36.9],[71.56,36.76],[71.68,36.67],[71.84,36.68],[71.96,36.76],[72.02,36.81],[72.33,36.98],[72.44,37.01],[72.47,36.99],[72.66,37.02],[72.74,37.12],[72.78,37.19],[72.82,37.23],[72.89,37.24],[72.95,37.29],[73.09,37.32],[73.15,37.4],[73.21,37.4],[73.3,37.46],[73.38,37.45],[73.51,37.47],[73.64,37.43],[73.78,37.44],[73.77,37.34],[73.67,37.31],[73.63,37.25],[73.84,37.23],[73.85,37.26],[73.96,37.3],[74.19,37.33],[74.28,37.4],[74.38,37.42],[74.4,37.39],[74.48,37.41],[74.57,37.37],[74.67,37.39],[74.8,37.36],[74.89,37.23],[74.91,37.27],[75.13,37.32],[75.09,37.37],[75.15,37.42],[75.06,37.52],[75.03,37.5],[74.93,37.57],[74.94,37.6],[74.9,37.67],[75.01,37.78],[74.91,37.86],[74.92,38.02],[74.87,38.03],[74.82,38.08],[74.8,38.2],[74.71,38.21],[74.71,38.29],[74.67,38.38],[74.7,38.42],[74.64,38.45],[74.51,38.47],[74.28,38.6],[74.12,38.64],[74.04,38.54],[73.99,38.52],[73.92,38.54],[73.9,38.58],[73.8,38.61],[73.81,38.66],[73.74,38.73],[73.77,38.78],[73.7,38.88],[73.76,38.94],[73.85,38.95],[73.81,39.04],[73.75,39.03],[73.72,39.11],[73.66,39.16],[73.61,39.25],[73.57,39.24],[73.54,39.31],[73.59,39.41],[73.6,39.46],[73.5,39.47],[73.39,39.45],[73.35,39.39],[73.16,39.35],[73.11,39.38],[73.05,39.35],[72.88,39.35],[72.7,39.39],[72.62,39.4],[72.48,39.38],[72.47,39.35],[72.34,39.33],[72.3,39.29],[72.28,39.23],[72.22,39.18],[72.17,39.27],[72.11,39.27],[72.07,39.35],[71.98,39.35],[71.9,39.29],[71.8,39.27],[71.75,39.33],[71.81,39.4],[71.78,39.46],[71.59,39.45],[71.54,39.51],[71.57,39.56],[71.51,39.61],[71.41,39.57],[71.26,39.55],[71.19,39.51],[71.1,39.52],[71.06,39.41],[70.94,39.42],[70.83,39.39],[70.77,39.4],[70.75,39.49],[70.69,39.52],[70.65,39.58],[70.52,39.62],[70.42,39.57],[70.36,39.59],[70.3,39.53],[70.18,39.55],[70.1,39.59],[70,39.54],[69.98,39.57],[69.89,39.54],[69.7,39.6],[69.6,39.59],[69.57,39.55],[69.45,39.53],[69.4,39.56],[69.34,39.54],[69.32,39.67],[69.34,39.7],[69.26,39.81],[69.33,39.88],[69.3,39.92],[69.39,40],[69.43,39.99],[69.47,39.92],[69.54,39.94],[69.51,40.03],[69.51,40.08],[69.68,40.12],[69.76,40.18],[69.96,40.21],[70,40.23],[70.16,40.15],[70.29,40.13],[70.44,40.05],[70.51,40.05],[70.58,40],[70.51,39.96],[70.52,39.96]]],[[[71.1,39.89],[71.2,39.9],[71.17,39.96],[71.18,40.03],[71.12,40.03],[71.08,40.15],[71.02,40.12],[71.01,40.04],[71.11,39.96],[71.1,39.89]]],[[[70.72,39.83],[70.66,39.87],[70.54,39.89],[70.53,39.84],[70.62,39.78],[70.72,39.83]]],[[[73.48,6.79],[73.41,7.02],[73.39,7.07],[73.3,7.15],[72.99,7.29],[72.9,7.31],[72.79,7.29],[72.73,7.26],[72.65,7.2],[72.6,7.12],[72.36,6.29],[72.36,6.22],[72.37,6.07],[72.46,5.09],[72.5,4.64],[72.54,4.24],[72.5,4.03],[72.5,3.79],[72.5,3.6],[72.53,3.37],[72.62,2.76],[72.67,2.54],[72.69,2.4],[72.72,1.88],[72.75,1.34],[72.79,0.63],[72.79,0.49],[72.8,0.37],[72.84,-0.06],[72.88,-0.61],[72.9,-0.68],[72.96,-0.8],[73.06,-0.89],[73.13,-0.91],[73.21,-0.9],[73.29,-0.87],[73.39,-0.77],[73.61,-0.41],[73.64,-0.35],[73.71,0],[73.76,0.24],[73.79,0.43],[73.79,1.39],[73.79,2.12],[73.85,2.65],[73.94,3.19],[73.97,3.47],[73.95,3.78],[73.92,4.47],[73.88,5.09],[73.86,5.38],[73.82,5.49],[73.65,6.12],[73.48,6.79]]],[[[52.5,-46.26],[52.41,-46.22],[52.26,-46.18],[52.11,-46.19],[52,-46.22],[51.95,-46.19],[51.83,-46.15],[51.66,-46.15],[51.51,-46.19],[51.4,-46.26],[51.36,-46.35],[51.35,-46.41],[51.4,-46.5],[51.53,-46.61],[51.66,-46.66],[51.85,-46.67],[51.99,-46.63],[52.15,-46.67],[52.3,-46.68],[52.46,-46.63],[52.55,-46.57],[52.61,-46.5],[52.61,-46.4],[52.56,-46.31],[52.5,-46.26]]],[[[50.13,-45.87],[50,-45.91],[49.93,-45.97],[49.88,-46.07],[49.9,-46.18],[50,-46.27],[50.12,-46.32],[50.1,-46.43],[50.13,-46.51],[50.18,-46.56],[50.29,-46.61],[50.38,-46.63],[50.52,-46.62],[50.65,-46.55],[50.71,-46.48],[50.71,-46.41],[50.67,-46.32],[50.54,-46.23],[50.58,-46.13],[50.67,-46.08],[50.72,-46.03],[50.73,-45.91],[50.69,-45.83],[50.6,-45.77],[50.51,-45.74],[50.35,-45.75],[50.21,-45.8],[50.13,-45.87]]],[[[68.13,-49.76],[67.98,-49.78],[67.89,-49.83],[67.84,-49.89],[67.81,-49.95],[67.83,-50.02],[67.88,-50.08],[67.96,-50.13],[68.06,-50.15],[68.25,-50.14],[68.34,-50.1],[68.4,-50.05],[68.43,-49.98],[68.42,-49.91],[68.37,-49.83],[68.28,-49.79],[68.13,-49.76]]],[[[68.46,-49.17],[68.39,-49.23],[68.34,-49.32],[68.26,-49.34],[68.15,-49.42],[68.12,-49.48],[68.12,-49.56],[68.17,-49.63],[68.27,-49.69],[68.43,-49.71],[68.48,-49.87],[68.54,-49.94],[68.53,-50.03],[68.57,-50.1],[68.62,-50.15],[68.74,-50.2],[68.89,-50.22],[68.99,-50.2],[69.08,-50.16],[69.16,-50.08],[69.17,-50],[69.13,-49.91],[69.2,-49.9],[69.2,-50.01],[69.3,-50.1],[69.4,-50.14],[69.51,-50.15],[69.69,-50.11],[69.76,-50.06],[69.8,-49.99],[69.81,-49.92],[69.94,-49.91],[70.14,-49.93],[70.38,-49.87],[70.47,-49.83],[70.59,-49.69],[70.7,-49.65],[70.79,-49.57],[70.8,-49.48],[70.78,-49.43],[70.83,-49.36],[70.86,-49.21],[70.81,-49.03],[70.74,-48.96],[70.59,-48.89],[70.44,-48.86],[70.13,-48.82],[70,-48.79],[69.89,-48.66],[69.79,-48.59],[69.72,-48.53],[69.6,-48.48],[69.44,-48.47],[69.22,-48.5],[69.1,-48.45],[69.07,-48.37],[69.02,-48.31],[68.88,-48.26],[68.73,-48.26],[68.57,-48.32],[68.53,-48.37],[68.5,-48.44],[68.39,-48.49],[68.34,-48.53],[68.3,-48.62],[68.35,-48.75],[68.48,-48.89],[68.49,-48.92],[68.43,-49.03],[68.42,-49.09],[68.46,-49.17]]],[[[77.25,-38.74],[77.27,-38.81],[77.33,-38.88],[77.43,-38.93],[77.51,-38.94],[77.63,-38.93],[77.72,-38.89],[77.79,-38.79],[77.8,-38.7],[77.78,-38.64],[77.67,-38.54],[77.58,-38.51],[77.48,-38.5],[77.37,-38.54],[77.31,-38.58],[77.26,-38.64],[77.25,-38.74]]],[[[77.27,-37.88],[77.29,-37.94],[77.36,-38.01],[77.41,-38.05],[77.52,-38.08],[77.65,-38.07],[77.72,-38.04],[77.8,-37.97],[77.83,-37.93],[77.85,-37.84],[77.8,-37.71],[77.73,-37.64],[77.6,-37.6],[77.44,-37.61],[77.37,-37.65],[77.3,-37.72],[77.26,-37.8],[77.27,-37.88]]],[[[55,-86],[60,-86],[75,-86],[77.5,-86],[77.5,-68],[55,-64],[55,-86]]],[[[86,-86],[90,-86],[105,-86],[115,-86],[115,-70],[97,-70],[97,-64],[86,-65],[86,-86]]]]},"properties":{"tzid":"Asia/Karachi"}},
{"type":"Feature","geometry":{"type":"MultiPolygon","coordinates":[[[[-178.99,-31.21],[-179.03,-31.26],[-179.06,-31.36],[-179.03,-31.45],[-178.93,-31.54],[-178.8,-31.56],[-178.68,-31.51],[-178.62,-31.45],[-178.59,-31.36],[-178.62,-31.25],[-178.68,-31.2],[-178.76,-31.16],[-178.83,-31.15],[-178.92,-31.17],[-178.99,-31.21]]],[[[-178.67,-30.24],[-178.64,-30.34],[-178.71,-30.37],[-178.78,-30.44],[-178.8,-30.51],[-178.79,-30.61],[-178.74,-30.67],[-178.65,-30.73],[-178.58,-30.74],[-178.47,-30.73],[-178.39,-30.69],[-178.35,-30.63],[-178.32,-30.51],[-178.36,-30.43],[-178.26,-30.38],[-178.21,-30.33],[-178.18,-30.24],[-178.2,-30.15],[-178.27,-30.07],[-178.39,-30.03],[-178.53,-30.04],[-178.62,-30.1],[-178.66,-30.18],[-178.67,-30.24]]],[[[-177.85,-29.49],[-177.7,-29.4],[-177.65,-29.34],[-177.62,-29.24],[-177.66,-29.15],[-177.72,-29.08],[-177.84,-29.03],[-178.04,-29.04],[-178.15,-29.11],[-178.19,-29.17],[-178.21,-29.24],[-178.2,-29.31],[-178.12,-29.44],[-178.02,-29.49],[-177.91,-29.5],[-177.85,-29.49]]],[[[172.35,-34.29],[172.39,-34.23],[172.41,-34.12],[172.38,-34.04],[172.28,-33.95],[172.15,-33.93],[172.07,-33.95],[171.92,-34],[171.81,-34.1],[171.79,-34.2],[171.81,-34.26],[171.89,-34.35],[171.96,-34.38],[172.08,-34.39],[172.23,-34.36],[172.35,-34.29]]],[[[166.2,-48.01],[166.19,-48.07],[166.23,-48.16],[166.31,-48.22],[166.46,-48.26],[166.72,-48.24],[166.83,-48.19],[166.9,-48.13],[166.93,-48.07],[166.91,-47.98],[166.86,-47.91],[166.79,-47.85],[166.66,-47.81],[166.52,-47.82],[166.45,-47.84],[166.27,-47.93],[166.2,-48.01]]],[[[168.94,-52.79],[169.09,-52.82],[169.24,-52.81],[169.43,-52.75],[169.57,-52.63],[169.6,-52.55],[169.54,-52.4],[169.44,-52.31],[169.28,-52.27],[169.09,-52.27],[168.98,-52.29],[168.74,-52.42],[168.68,-52.48],[168.66,-52.57],[168.68,-52.64],[168.81,-52.73],[168.94,-52.79]]],[[[166.52,-50.34],[166.39,-50.29],[166.29,-50.29],[166.03,-50.32],[165.82,-50.39],[165.7,-50.48],[165.65,-50.54],[165.64,-50.64],[165.57,-50.72],[165.55,-50.82],[165.6,-50.94],[165.69,-51.02],[165.76,-51.06],[166.02,-51.13],[166.13,-51.13],[166.27,-51.1],[166.45,-51.01],[166.55,-50.89],[166.55,-50.79],[166.53,-50.74],[166.61,-50.69],[166.66,-50.62],[166.66,-50.51],[166.6,-50.4],[166.52,-50.34]]],[[[179.25,-47.92],[179.32,-47.86],[179.36,-47.78],[179.33,-47.67],[179.26,-47.61],[179.1,-47.55],[178.95,-47.55],[178.84,-47.59],[178.74,-47.67],[178.71,-47.78],[178.74,-47.84],[178.85,-47.93],[179.03,-47.97],[179.14,-47.96],[179.25,-47.92]]],[[[178.94,-49.89],[179.02,-49.85],[179.09,-49.77],[179.13,-49.66],[179.12,-49.59],[179.04,-49.5],[178.91,-49.45],[178.82,-49.44],[178.69,-49.45],[178.51,-49.52],[178.44,-49.59],[178.41,-49.68],[178.43,-49.77],[178.54,-49.87],[178.68,-49.91],[178.76,-49.92],[178.94,-49.89]]],[[[173.97,-36.61],[174.06,-36.71],[174.17,-36.87],[174.24,-37.11],[174.34,-37.21],[174.45,-37.41],[174.49,-37.61],[174.56,-37.73],[174.53,-37.77],[174.41,-37.81],[174.36,-37.86],[174.32,-37.94],[174.34,-38.07],[174.43,-38.14],[174.45,-38.25],[174.38,-38.35],[174.38,-38.58],[174.35,-38.73],[174.28,-38.78],[174.19,-38.78],[174.1,-38.8],[174,-38.84],[173.86,-38.88],[173.79,-38.94],[173.65,-39.02],[173.56,-39.11],[173.5,-39.23],[173.49,-39.32],[173.53,-39.45],[173.57,-39.51],[173.75,-39.68],[173.88,-39.74],[174.16,-39.8],[174.28,-39.91],[174.42,-39.99],[174.66,-40.06],[174.77,-40.07],[174.86,-40.13],[174.95,-40.23],[174.97,-40.37],[174.94,-40.5],[174.89,-40.62],[174.82,-40.64],[174.72,-40.69],[174.64,-40.78],[174.6,-40.9],[174.47,-40.81],[174.37,-40.79],[174.31,-40.73],[174.26,-40.61],[174.21,-40.54],[174.08,-40.47],[173.94,-40.47],[173.86,-40.49],[173.64,-40.61],[173.59,-40.66],[173.52,-40.78],[173.5,-40.86],[173.46,-40.88],[173.29,-40.75],[173.34,-40.61],[173.3,-40.49],[173.24,-40.43],[173.1,-40.35],[172.99,-40.32],[172.84,-40.3],[172.6,-40.31],[172.49,-40.34],[172.29,-40.47],[172.13,-40.58],[172.07,-40.61],[171.97,-40.68],[171.9,-40.75],[171.83,-40.89],[171.84,-41.02],[171.84,-41.17],[171.82,-41.28],[171.76,-41.33],[171.68,-41.46],[171.6,-41.53],[171.39,-41.53],[171.3,-41.57],[171.22,-41.65],[171.18,-41.74],[171.19,-41.81],[171.06,-42.06],[171.05,-42.2],[170.98,-42.28],[170.92,-42.42],[170.86,-42.51],[170.75,-42.58],[170.65,-42.7],[170.56,-42.77],[170.46,-42.82],[170.37,-42.83],[170.07,-42.96],[169.98,-43.07],[169.8,-43.2],[169.69,-43.23],[169.57,-43.3],[169.5,-43.39],[169.28,-43.45],[169.09,-43.53],[168.92,-43.64],[168.82,-43.66],[168.66,-43.72],[168.62,-43.75],[168.42,-43.8],[168.3,-43.81],[168.2,-43.84],[168.13,-43.89],[168.03,-44.01],[167.88,-44.09],[167.82,-44.15],[167.74,-44.24],[167.63,-44.33],[167.53,-44.45],[167.4,-44.52],[167.31,-44.6],[167.05,-44.74],[166.88,-44.89],[166.78,-44.99],[166.63,-45.12],[166.51,-45.27],[166.41,-45.44],[166.32,-45.49],[166.2,-45.62],[166.16,-45.67],[166.14,-45.91],[166.17,-46.04],[166.21,-46.13],[166.27,-46.21],[166.36,-46.27],[166.44,-46.34],[166.6,-46.41],[166.63,-46.45],[166.58,-46.51],[166.58,-46.62],[166.64,-46.7],[166.78,-46.77],[166.94,-46.78],[167.07,-46.75],[167.17,-46.66],[167.19,-46.61],[167.19,-46.52],[167.15,-46.46],[167.29,-46.46],[167.53,-46.51],[167.54,-46.53],[167.41,-46.6],[167.32,-46.68],[167.3,-46.76],[167.37,-46.93],[167.25,-46.97],[167.17,-47.01],[167.05,-47.15],[167.03,-47.25],[167.09,-47.35],[167.22,-47.43],[167.43,-47.48],[167.53,-47.49],[167.54,-47.59],[167.59,-47.65],[167.73,-47.71],[167.87,-47.72],[168.02,-47.68],[168.09,-47.62],[168.13,-47.51],[168.2,-47.41],[168.2,-47.33],[168.31,-47.31],[168.46,-47.25],[168.54,-47.17],[168.57,-47.1],[168.54,-47.01],[168.75,-46.94],[168.84,-46.87],[169.02,-46.88],[169.27,-46.86],[169.44,-46.83],[169.6,-46.78],[169.75,-46.74],[170.01,-46.61],[170.08,-46.55],[170.12,-46.45],[170.31,-46.34],[170.4,-46.28],[170.48,-46.14],[170.73,-46.11],[170.93,-46.03],[171.02,-45.95],[171.04,-45.87],[171.04,-45.78],[170.99,-45.68],[171.08,-45.58],[171.15,-45.42],[171.14,-45.31],[171.25,-45.19],[171.32,-45.13],[171.41,-45.01],[171.45,-44.86],[171.44,-44.63],[171.52,-44.52],[171.54,-44.43],[171.62,-44.38],[171.8,-44.28],[172.06,-44.17],[172.26,-44.1],[172.4,-44.06],[172.62,-44.03],[172.74,-44.08],[172.86,-44.1],[172.99,-44.1],[173.17,-44.05],[173.28,-43.99],[173.36,-43.91],[173.41,-43.79],[173.4,-43.71],[173.33,-43.58],[173.21,-43.49],[172.99,-43.42],[173.01,-43.3],[173.08,-43.26],[173.18,-43.25],[173.28,-43.2],[173.32,-43.15],[173.44,-43.09],[173.54,-43],[173.72,-42.7],[173.77,-42.63],[173.89,-42.58],[173.98,-42.49],[173.99,-42.41],[174.14,-42.3],[174.2,-42.2],[174.21,-42.15],[174.28,-42.09],[174.52,-41.86],[174.57,-41.76],[174.56,-41.68],[174.48,-41.58],[174.42,-41.54],[174.4,-41.48],[174.43,-41.46],[174.54,-41.53],[174.73,-41.59],[174.81,-41.63],[174.98,-41.68],[175.04,-41.75],[175.1,-41.79],[175.19,-41.81],[175.39,-41.8],[175.58,-41.74],[175.74,-41.65],[175.84,-41.58],[175.96,-41.54],[176.05,-41.5],[176.11,-41.42],[176.25,-41.32],[176.32,-41.24],[176.36,-41.1],[176.48,-40.97],[176.52,-40.86],[176.69,-40.69],[176.8,-40.64],[176.88,-40.55],[176.9,-40.42],[177,-40.35],[177.13,-40.19],[177.16,-40.06],[177.2,-39.99],[177.26,-39.94],[177.29,-39.85],[177.29,-39.79],[177.33,-39.73],[177.35,-39.61],[177.3,-39.31],[177.43,-39.27],[177.59,-39.25],[177.61,-39.36],[177.7,-39.46],[177.79,-39.5],[177.88,-39.51],[177.98,-39.49],[178.12,-39.42],[178.17,-39.38],[178.2,-39.3],[178.2,-39.24],[178.26,-39.15],[178.26,-39.09],[178.24,-39.02],[178.17,-38.95],[178.17,-38.89],[178.37,-38.77],[178.49,-38.67],[178.54,-38.61],[178.59,-38.49],[178.63,-38.29],[178.62,-38.22],[178.63,-38.03],[178.7,-37.88],[178.78,-37.81],[178.82,-37.76],[178.84,-37.69],[178.8,-37.58],[178.72,-37.52],[178.61,-37.47],[178.52,-37.44],[178.39,-37.36],[178.27,-37.34],[177.94,-37.34],[177.82,-37.38],[177.7,-37.48],[177.57,-37.52],[177.46,-37.63],[177.35,-37.77],[177.31,-37.79],[177.22,-37.78],[177.19,-37.74],[177.3,-37.72],[177.42,-37.62],[177.45,-37.55],[177.43,-37.44],[177.36,-37.36],[177.26,-37.31],[177.11,-37.28],[176.99,-37.31],[176.91,-37.38],[176.88,-37.48],[176.91,-37.62],[176.81,-37.62],[176.74,-37.5],[176.58,-37.38],[176.51,-37.35],[176.53,-37.24],[176.51,-37.19],[176.44,-37.11],[176.31,-37.07],[176.35,-37],[176.35,-36.92],[176.31,-36.83],[176.24,-36.77],[176.17,-36.73],[176.19,-36.66],[176.19,-36.57],[176.16,-36.5],[176.1,-36.43],[176.03,-36.4],[175.96,-36.3],[175.89,-36.25],[175.78,-36.23],[175.75,-36.19],[175.76,-36.09],[175.71,-35.99],[175.64,-35.95],[175.56,-35.87],[175.49,-35.84],[175.38,-35.83],[175.32,-35.77],[175.16,-35.7],[175.04,-35.7],[174.93,-35.72],[174.93,-35.67],[174.97,-35.6],[174.99,-35.5],[174.98,-35.42],[174.91,-35.31],[174.81,-35.25],[174.75,-35.24],[174.62,-35.27],[174.59,-35.21],[174.58,-35.13],[174.51,-35.02],[174.44,-34.98],[174.23,-34.96],[174.18,-34.87],[174.12,-34.82],[173.96,-34.77],[173.88,-34.77],[173.69,-34.74],[173.52,-34.6],[173.37,-34.57],[173.25,-34.57],[173.3,-34.42],[173.29,-34.36],[173.25,-34.29],[173.13,-34.21],[173.04,-34.19],[172.76,-34.23],[172.6,-34.23],[172.5,-34.28],[172.43,-34.36],[172.39,-34.45],[172.42,-34.56],[172.46,-34.61],[172.58,-34.7],[172.74,-34.85],[172.89,-35.02],[172.82,-35.12],[172.82,-35.24],[172.86,-35.32],[172.93,-35.39],[173.02,-35.5],[173.13,-35.61],[173.16,-35.66],[173.35,-35.88],[173.41,-35.92],[173.56,-36.09],[173.72,-36.27],[173.77,-36.35],[173.79,-36.43],[173.83,-36.5],[173.97,-36.61]]],[[[-80,-86],[-90,-86],[-105,-86],[-120,-86],[-135,-86],[-150,-86],[-150,-75],[-180,-75],[-180,-90],[180,-90],[180,-86],[180,-70],[160,-65],[160,-86],[150,-86],[135,-86],[120,-86],[115,-86],[105,-86],[90,-86],[86,-86],[77.5,-86],[75,-86],[60,-86],[55,-86],[45,-86],[30,-86],[25,-86],[15,-86],[0,-86],[-5.5,-86],[-15,-86],[-17,-86],[-30,-86],[-35,-86],[-45,-86],[-58,-86],[-60,-86],[-67.5,-86],[-75,-86],[-80,-86]]]]},"properties":{"tzid":"Pacific/Auckland"}},
{"type":"Feature","geometry":{"type":"Polygon","coordinates":[[[0,-86],[15,-86],[25,-86],[25,-68],[0,-68],[0,-86]]]},"properties":{"tzid":"Antarctica/Troll"}},
{"type":"Feature","geometry":{"type":"MultiPolygon","coordinates":[[[[174.42,-21.73],[174.46,-21.86],[174.53,-21.92],[174.63,-21.94],[174.72,-21.93],[174.79,-21.89],[174.85,-21.81],[174.86,-21.74],[174.85,-21.67],[174.77,-21.57],[174.66,-21.53],[174.59,-21.54],[174.51,-21.58],[174.44,-21.65],[174.42,-21.73]]],[[[177.01,-12.72],[177.14,-12.73],[177.21,-12.72],[177.27,-12.69],[177.33,-12.63],[177.35,-12.54],[177.32,-12.4],[177.22,-12.3],[177.15,-12.28],[176.95,-12.26],[176.89,-12.29],[176.79,-12.36],[176.75,-12.41],[176.73,-12.48],[176.74,-12.55],[176.76,-12.61],[176.82,-12.66],[176.89,-12.69],[177.01,-12.72]]],[[[-178.72,-16.68],[-178.74,-16.65],[-178.94,-16.03],[-178.96,-16],[-179.04,-15.92],[-179.29,-15.78],[-179.89,-15.52],[-180,-15.51],[-180,-15.56],[-180,-15.62],[-180,-15.67],[-180,-15.72],[-180,-15.77],[-180,-15.83],[-180,-15.88],[-180,-15.93],[-180,-15.98],[-180,-16.03],[-180,-16.09],[-180,-16.14],[-180,-16.16],[-180,-16.17],[-180,-16.22],[-180,-16.27],[-180,-16.33],[-180,-16.38],[-180,-16.43],[-180,-16.48],[-180,-16.5],[-180,-16.53],[-180,-16.57],[-180,-16.62],[-180,-16.66],[-180,-16.7],[-180,-16.75],[-180,-16.77],[-180,-16.79],[-180,-16.8],[-180,-16.82],[-180,-16.84],[-180,-16.86],[-180,-16.88],[-180,-16.9],[-180,-16.92],[-180,-16.94],[-180,-16.97],[-180,-17.01],[-180,-17.06],[-180,-17.11],[-180,-17.15],[-180,-17.28],[-180,-17.78],[-180,-18.37],[-180,-18.42],[-180,-18.47],[-180,-18.52],[-180,-18.58],[-180,-18.63],[-180,-18.68],[-180,-18.73],[-180,-18.79],[-180,-18.84],[-180,-18.89],[-180,-18.94],[-180,-19],[-180,-19.05],[-180,-19.1],[-180,-19.15],[-180,-19.21],[-180,-19.49],[-180,-19.8],[-179.09,-20.82],[-179.06,-21.06],[-179.02,-21.15],[-178.93,-21.21],[-178.86,-21.23],[-178.68,-21.19],[-178.61,-21.16],[-178.56,-21.1],[-178.53,-21.03],[-178.48,-20.72],[-178.08,-19.98],[-178.02,-19.85],[-178.01,-19.77],[-178.1,-19.21],[-178.12,-18.94],[-178.13,-18.88],[-178.01,-18.35],[-178,-18.3],[-178.02,-17.91],[-178.05,-17.84],[-178.43,-17.08],[-178.51,-16.97],[-178.72,-16.68]]],[[[178.67,-16.06],[178.4,-16.13],[178.03,-16.25],[177.49,-16.47],[177.19,-16.6],[177.14,-16.64],[176.77,-16.97],[176.69,-17.1],[176.67,-17.17],[176.68,-17.25],[176.79,-17.7],[176.82,-17.76],[177.03,-18.05],[177.14,-18.23],[177.48,-18.71],[177.78,-19.25],[177.9,-19.36],[177.97,-19.38],[178.1,-19.39],[179.26,-19.4],[179.65,-19.41],[180,-19.8],[180,-19.49],[180,-19.21],[180,-19.15],[180,-19.1],[180,-19.05],[180,-19],[180,-18.94],[180,-18.89],[180,-18.84],[180,-18.79],[180,-18.73],[180,-18.68],[180,-18.63],[180,-18.58],[180,-18.52],[180,-18.47],[180,-18.42],[180,-18.37],[180,-18.3],[180,-17.28],[180,-17.15],[180,-17.09],[180,-17.04],[180,-16.99],[180,-16.97],[180,-16.95],[180,-16.92],[180,-16.9],[180,-16.88],[180,-16.86],[180,-16.84],[180,-16.82],[180,-16.8],[180,-16.79],[180,-16.78],[180,-16.77],[180,-16.72],[180,-16.67],[180,-16.62],[180,-16.57],[180,-16.53],[180,-16.5],[180,-16.48],[180,-16.43],[180,-16.38],[180,-16.33],[180,-16.27],[180,-16.22],[180,-16.17],[180,-16.16],[180,-16.14],[180,-16.09],[180,-16.03],[180,-15.98],[180,-15.93],[180,-15.88],[180,-15.83],[180,-15.77],[180,-15.72],[180,-15.67],[180,-15.62],[180,-15.56],[180,-15.51],[179.93,-15.53],[178.99,-15.99],[178.67,-16.06]]],[[[168.21,54.78],[167.96,54.91],[167.74,55.01],[167.6,55.06],[167.47,55.08],[167.27,55.06],[167.16,55.02],[167.09,54.95],[167.09,54.83],[167.16,54.71],[167.29,54.63],[167.52,54.5],[167.83,54.36],[167.97,54.31],[168.11,54.3],[168.31,54.34],[168.39,54.39],[168.45,54.49],[168.43,54.57],[168.29,54.69],[168.21,54.78]]],[[[165.73,55.52],[165.55,55.45],[165.45,55.39],[165.4,55.27],[165.45,55.16],[165.56,55.06],[165.81,54.93],[165.89,54.85],[166.11,54.69],[166.46,54.52],[166.59,54.48],[166.8,54.49],[166.91,54.53],[166.99,54.61],[167.02,54.68],[166.99,54.9],[166.89,55.01],[166.69,55.15],[166.65,55.33],[166.6,55.41],[166.45,55.5],[166.33,55.52],[166.03,55.56],[165.86,55.56],[165.73,55.52]]],[[[156.8,50.69],[156.93,50.74],[157.27,50.97],[157.52,51.09],[157.68,51.2],[158.17,51.52],[158.55,51.85],[158.67,52.03],[158.8,52.16],[159.43,52.5],[160.24,52.93],[160.28,52.95],[160.65,53.26],[161.07,53.61],[161.42,53.9],[161.97,54.36],[162.4,54.61],[162.47,54.68],[162.83,55.18],[163.35,55.89],[163.61,56.02],[163.67,56.06],[163.72,56.14],[163.72,56.37],[163.65,56.69],[163.67,57.13],[163.69,57.71],[163.84,58.34],[164.85,58.7],[164.92,58.73],[165.82,59.25],[166.64,59.71],[166.78,59.82],[167.06,59.98],[167.16,60.07],[167.71,60.24],[167.93,60.28],[168.33,60.39],[168.62,60.35],[168.78,60.34],[168.96,60.36],[169.12,60.35],[169.25,60.31],[169.38,60.23],[169.63,59.96],[169.9,59.81],[170.17,59.73],[170.34,59.73],[170.62,59.78],[170.8,59.9],[170.84,60],[171.02,60.19],[171.39,60.38],[171.67,60.47],[171.87,60.56],[172.32,60.68],[172.38,60.7],[173.17,61.1],[173.27,61.15],[173.36,61.21],[173.58,61.3],[173.66,61.35],[174.09,61.49],[174.36,61.6],[174.6,61.61],[174.77,61.64],[175.02,61.71],[175.14,61.77],[175.41,61.83],[175.65,61.94],[175.81,61.99],[176.18,62.07],[176.47,62.11],[176.63,62.17],[176.76,62.24],[177.08,62.32],[177.19,62.34],[177.55,62.36],[177.83,62.35],[178.15,62.28],[178.68,62.18],[178.93,62.09],[179.04,62.08],[179.22,62.08],[179.33,62.1],[179.49,62.16],[180,62.55],[180,62.88],[179.93,62.95],[179.89,63.15],[179.81,63.24],[179.64,63.34],[179.38,63.44],[179.27,63.57],[179.23,63.77],[179.09,64.08],[178.9,64.26],[179.17,64.51],[179.3,64.56],[179.44,64.59],[179.66,64.61],[179.81,64.64],[180,64.75],[180,65.04],[180,65.15],[180,65.26],[180,65.27],[180,65.28],[180,65.3],[180,65.31],[180,65.32],[180,65.33],[180,65.36],[180,65.38],[180,65.39],[180,65.41],[180,65.45],[180,65.48],[180,65.51],[180,65.53],[180,65.56],[180,65.64],[180,65.65],[180,65.71],[180,65.79],[180,65.8],[180,65.83],[180,65.85],[180,65.86],[180,65.87],[180,65.94],[180,66],[180,66.06],[180,66.13],[180,66.17],[180,66.23],[180,66.33],[180,66.34],[180,66.4],[180,66.46],[180,66.58],[180,66.64],[180,66.86],[180,66.88],[180,66.89],[180,66.91],[180,66.93],[180,67],[180,67.03],[180,67.17],[180,67.39],[180,67.55],[180,67.72],[180,67.73],[180,67.74],[180,67.76],[180,67.93],[180,67.94],[180,68.05],[180,68.07],[180,68.08],[180,68.36],[180,68.51],[180,68.55],[180,68.67],[180,68.75],[180,68.91],[180,68.93],[180,68.96],[180,68.97],[180,68.98],[180,69.29],[179.74,69.39],[179.22,69.54],[178.74,69.63],[178.42,69.66],[178.22,69.65],[177.8,69.76],[177.57,69.79],[177.15,69.82],[176.79,69.9],[176.56,70.01],[176.34,70.06],[176.19,70.07],[175.72,70.08],[175.11,70.04],[174.64,70.04],[174.21,70.1],[173.57,70.13],[172.89,70.18],[172.62,70.18],[172.47,70.15],[172.06,70.18],[171.59,70.24],[171.33,70.26],[171.1,70.28],[170.9,70.29],[170.66,70.32],[170.47,70.32],[170.21,70.3],[169.93,70.21],[169.84,70.13],[169.53,70.1],[168.95,70.17],[168.78,70.21],[168.57,70.23],[168.29,70.22],[167.93,70.18],[167.69,70.12],[167.46,70.03],[167.23,69.87],[166.84,69.71],[166.47,69.7],[165.83,69.77],[165.53,69.77],[165.29,69.79],[164.89,69.76],[164.72,69.79],[164.55,69.89],[164.4,69.92],[164.18,69.95],[163.85,69.95],[163.57,69.89],[163.25,69.9],[163.02,69.89],[162.82,69.85],[162.53,69.87],[162.45,69.62],[162.32,69.53],[162.43,69.45],[162.35,69.41],[162.54,69.37],[162.51,69.33],[162.7,69.24],[162.77,69.18],[162.53,69.11],[162.51,69.07],[162.58,68.96],[162.73,68.93],[162.8,68.82],[162.73,68.77],[162.59,68.78],[162.6,68.69],[162.71,68.66],[162.75,68.58],[162.56,68.48],[162.62,68.44],[162.55,68.33],[162.39,68.27],[161.96,68.36],[161.71,68.35],[161.65,68.37],[161.33,68.37],[161.03,68.28],[160.73,68.25],[160.52,68.24],[160.06,68.27],[159.83,68.25],[159.8,68.19],[159.66,68.22],[159.4,68.19],[159.26,68.19],[158.9,68.1],[158.65,68.13],[158.37,68.08],[158.21,67.94],[158.1,67.91],[158.11,67.82],[158.25,67.82],[158.36,67.72],[158.12,67.7],[157.94,67.72],[157.81,67.67],[157.73,67.52],[157.79,67.45],[157.91,67.42],[157.81,67.31],[157.92,67.26],[158.09,67.23],[158.4,67.1],[158.71,67.04],[158.82,66.94],[158.79,66.89],[158.93,66.77],[158.71,66.69],[158.72,66.64],[158.64,66.57],[158.54,66.55],[158.5,66.46],[158.37,66.43],[158.55,66.34],[158.72,66.32],[158.78,66.27],[158.9,66.27],[159.22,66.22],[159.26,66.16],[159.17,66.07],[159.03,65.99],[159.02,65.95],[158.93,65.89],[158.9,65.81],[158.95,65.73],[159.45,65.64],[159.71,65.58],[159.81,65.54],[160.09,65.5],[160.24,65.43],[160.21,65.36],[160.33,65.32],[160.51,65.2],[160.5,65.18],[160.67,65.15],[160.87,65.14],[161.02,65.18],[161.22,65.15],[161.32,65.15],[161.52,65.05],[161.72,65],[161.75,64.91],[161.85,64.82],[162.14,64.78],[162.22,64.79],[162.32,64.74],[162.42,64.76],[162.65,64.74],[162.75,64.66],[163.07,64.66],[163.23,64.7],[163.18,64.62],[163.2,64.53],[163.41,64.45],[163.34,64.3],[163.27,64.3],[163.18,64.16],[162.99,64.19],[162.87,64.16],[162.8,64.1],[162.85,64.05],[162.82,64.01],[162.93,63.97],[162.95,63.92],[162.84,63.85],[162.72,63.82],[162.74,63.74],[162.86,63.72],[162.9,63.64],[163,63.62],[162.97,63.48],[162.93,63.45],[162.75,63.39],[162.74,63.27],[162.78,63.23],[162.76,63.17],[162.58,63.15],[162.6,63.12],[162.3,63.06],[162.26,62.93],[162.28,62.9],[162.56,62.83],[162.63,62.78],[162.56,62.74],[162.66,62.7],[162.76,62.71],[162.83,62.66],[162.68,62.57],[162.78,62.45],[162.76,62.42],[162.79,62.31],[162.69,62.25],[162.4,62.24],[162.26,62.2],[162.17,62.15],[162.39,62.1],[162.52,62.08],[162.54,62.02],[162.49,61.95],[162.3,61.94],[162.47,61.8],[162.4,61.76],[162.46,61.73],[162.47,61.67],[162.25,61.33],[162,60.87],[161.35,60.53],[161.08,60.39],[161.41,60.32],[161.17,60.16],[160.88,59.94],[160.49,59.77],[160.33,59.74],[160.19,59.68],[160.1,59.58],[159.74,59.35],[159.57,59.26],[159.41,59.13],[159.28,58.91],[159.22,58.85],[158.9,58.67],[158.77,58.55],[158.39,58.4],[158.07,58.22],[157.96,58.18],[157.78,58.22],[157.6,58.21],[157.44,58.17],[157.33,58.11],[157.23,58.02],[157.09,58.05],[156.87,58.04],[156.6,57.95],[156.44,57.82],[156.4,57.74],[156.45,57.61],[156.62,57.53],[156.61,57.43],[156.41,57.44],[156.29,57.4],[156.16,57.31],[156.14,57.23],[156.18,57.15],[156.16,57.08],[156,57.01],[155.81,56.92],[155.66,56.77],[155.61,56.68],[155.53,56.49],[155.3,55.98],[155.3,55.82],[155.28,55.67],[155.22,55.4],[155.22,55.23],[155.26,55.06],[155.29,54.82],[155.39,54.42],[155.57,53.95],[155.65,53.63],[155.67,53.53],[155.75,53.24],[155.81,52.84],[155.92,52.61],[156.05,52.37],[156.11,52.25],[156.15,52.09],[156.17,51.84],[156.17,51.46],[156.23,51.25],[156.27,51.19],[156.38,51.11],[156.38,51.06],[156.49,50.93],[156.71,50.77],[156.8,50.69]]],[[[174.32,-1.12],[174.7,-1.61],[174.81,-1.73],[175.46,-2.12],[175.53,-2.15],[175.63,-2.15],[175.74,-2.08],[175.8,-2],[176.19,-1.5],[176.23,-1.41],[176.33,-1.53],[176.38,-1.58],[176.46,-1.61],[176.53,-1.61],[176.64,-1.55],[176.69,-1.46],[176.69,-1.36],[176.66,-1.28],[176.6,-1.19],[176.52,-1.13],[176.41,-1.11],[176.32,-1.13],[176.27,-1.16],[176.21,-1.27],[176.15,-1.18],[176.07,-1.1],[176.03,-1.08],[175.59,-0.9],[174.97,-0.64],[174.54,-0.46],[174.43,-0.39],[174.27,-0.33],[174.2,-0.33],[174.1,-0.37],[174.02,-0.45],[173.98,-0.54],[173.98,-0.63],[174.03,-0.76],[174.11,-0.84],[174.15,-0.92],[174.32,-1.12]]],[[[177.05,-2.67],[177.02,-2.56],[176.96,-2.47],[176.89,-2.43],[176.76,-2.41],[176.7,-2.43],[176.63,-2.49],[176.59,-2.57],[176.6,-2.68],[176.64,-2.75],[176.72,-2.83],[176.84,-2.88],[176.92,-2.86],[176.99,-2.82],[177.03,-2.76],[177.05,-2.67]]],[[[169.75,-0.86],[169.72,-0.75],[169.66,-0.69],[169.61,-0.66],[169.53,-0.64],[169.43,-0.67],[169.34,-0.77],[169.32,-0.85],[169.33,-0.92],[169.39,-1.02],[169.46,-1.06],[169.53,-1.08],[169.62,-1.06],[169.69,-1.01],[169.72,-0.97],[169.75,-0.86]]],[[[175.99,-2.71],[176.05,-2.71],[176.13,-2.66],[176.17,-2.62],[176.2,-2.52],[176.19,-2.46],[176.15,-2.38],[176.06,-2.3],[175.97,-2.28],[175.86,-2.32],[175.79,-2.39],[175.77,-2.47],[175.77,-2.53],[175.8,-2.6],[175.89,-2.69],[175.99,-2.71]]],[[[173.37,2.68],[173.24,3.26],[173.2,3.46],[173.17,3.52],[173.11,3.57],[172.99,3.6],[172.92,3.59],[172.61,3.47],[172.52,3.4],[172.49,3.34],[172.48,3.24],[172.51,3.11],[172.55,2.5],[172.58,1.89],[172.58,1.85],[172.7,1.32],[172.74,0.87],[172.78,0.77],[173.25,0.08],[173.33,0.01],[173.54,-0.07],[173.63,-0.08],[173.72,-0.06],[174.04,0.13],[174.08,0.17],[174.13,0.24],[174.15,0.32],[174.14,0.42],[174.1,0.53],[174.05,0.59],[173.98,0.65],[173.72,0.98],[173.38,1.42],[173.5,1.93],[173.51,2.02],[173.37,2.68]]],[[[170.11,10.85],[170.07,11.25],[170.05,11.31],[169.96,11.45],[169.87,11.52],[169.78,11.54],[169.67,11.51],[169.44,11.37],[169.37,11.31],[169.34,11.2],[169.33,10.69],[169.32,10.27],[168.99,10.26],[168.86,10.21],[168.8,10.14],[168.78,10.02],[168.82,9.83],[168.86,9.77],[168.96,9.68],[169.03,9.63],[169.64,9.32],[169.71,9.12],[169.74,9.06],[169.91,8.86],[170.4,8.47],[170.81,8.13],[170.82,7.67],[170.82,7.15],[170.84,7.08],[170.87,7.02],[171.19,6.58],[171.52,6.14],[171.53,6.05],[171.58,5.94],[171.64,5.89],[172.09,5.69],[172.19,5.68],[172.26,5.69],[172.35,5.77],[172.37,5.84],[172.37,5.92],[172.25,6.55],[172.13,7.16],[172.11,7.22],[171.8,7.8],[171.41,8.53],[171.44,8.67],[171.44,8.75],[171.26,9.55],[171.08,10.35],[171.05,10.42],[170.97,10.49],[170.91,10.5],[170.13,10.65],[170.11,10.85]]],[[[168.86,6.57],[169.17,5.99],[168.97,5.78],[168.93,5.72],[168.7,5.24],[168.46,4.72],[168.45,4.6],[168.5,4.49],[168.55,4.43],[168.64,4.38],[168.72,4.37],[168.84,4.41],[168.92,4.48],[169.24,4.92],[169.54,5.34],[169.77,5.67],[169.91,5.91],[169.93,6.03],[169.91,6.1],[169.88,6.15],[169.72,6.31],[169.45,6.97],[169.18,7.62],[169.18,7.75],[169.17,7.82],[169.11,7.91],[169.07,7.94],[168.69,8.13],[168.31,8.32],[167.96,8.78],[167.97,8.94],[167.94,9.12],[167.9,9.22],[167.64,9.53],[167.54,9.6],[167.44,9.6],[167.07,9.55],[167,9.54],[166.89,10.24],[166.77,10.94],[166.94,10.96],[167.45,11.07],[167.56,11.11],[167.63,11.16],[167.71,11.31],[167.73,11.4],[167.7,11.49],[167.66,11.55],[167.58,11.59],[167.49,11.61],[167.07,11.68],[166.86,11.7],[166.15,11.81],[165.44,11.91],[165.27,11.91],[165.19,11.89],[165.13,11.86],[165.02,11.73],[164.99,11.63],[165,11.55],[165.37,10.82],[165.69,10.17],[165.51,9.74],[165.33,9.3],[165.32,9.23],[165.34,9.11],[165.39,8.97],[165.43,8.92],[165.54,8.82],[165.66,8.75],[165.76,8.72],[166.18,8.72],[166.72,8.43],[167.27,8.14],[167.61,7.92],[168.1,7.61],[168.41,7.25],[168.46,7.2],[168.55,7.15],[168.86,6.57]]],[[[168.34,5.63],[168.31,5.73],[168.27,5.78],[168.18,5.83],[168.1,5.85],[168.01,5.83],[167.92,5.76],[167.88,5.67],[167.89,5.6],[167.93,5.48],[167.99,5.42],[168.09,5.39],[168.16,5.39],[168.25,5.43],[168.32,5.54],[168.34,5.63]]],[[[169.23,14.66],[169.21,14.75],[169.14,14.83],[169.08,14.88],[168.97,14.92],[168.86,14.92],[168.81,14.91],[168.73,14.85],[168.69,14.8],[168.68,14.69],[168.72,14.59],[168.73,14.48],[168.78,14.4],[168.83,14.37],[168.91,14.35],[169.02,14.37],[169.15,14.46],[169.2,14.52],[169.22,14.58],[169.23,14.66]]],[[[170.35,12.25],[170.34,12.33],[170.29,12.4],[170.22,12.47],[170.11,12.49],[170.03,12.49],[169.95,12.45],[169.9,12.4],[169.87,12.34],[169.88,12.17],[169.92,12.09],[169.98,12.03],[170.07,11.98],[170.17,11.99],[170.22,12.01],[170.29,12.08],[170.34,12.2],[170.35,12.25]]],[[[161.2,9.78],[161.16,9.9],[161.1,9.96],[160.99,10.04],[160.87,10.07],[160.79,10.08],[160.71,10.05],[160.64,9.99],[160.59,9.88],[160.6,9.8],[160.62,9.75],[160.67,9.69],[160.85,9.6],[161,9.56],[161.06,9.58],[161.15,9.65],[161.19,9.71],[161.2,9.78]]],[[[162.6,11.47],[162.57,11.58],[162.52,11.7],[162.48,11.75],[162.34,11.85],[162.27,11.88],[162.18,11.89],[162.12,11.87],[162,11.8],[161.93,11.74],[161.87,11.65],[161.84,11.52],[161.86,11.43],[161.99,11.25],[162.06,11.2],[162.18,11.15],[162.36,11.14],[162.43,11.16],[162.49,11.21],[162.57,11.34],[162.6,11.47]]],[[[-175.58,71.16],[-175.31,71.18],[-175.07,71.25],[-174.98,71.31],[-174.94,71.39],[-175,71.47],[-175.14,71.54],[-175.56,71.62],[-175.8,71.63],[-176.03,71.61],[-176.22,71.56],[-176.33,71.49],[-176.36,71.41],[-176.3,71.33],[-176.09,71.23],[-175.81,71.17],[-175.58,71.16]]],[[[180,71.53],[180,71.75],[179.65,71.7],[179.07,71.56],[178.72,71.42],[178.47,71.36],[178.13,71.19],[178.02,71.11],[178.03,70.98],[178.16,70.85],[178.19,70.74],[178.31,70.66],[178.55,70.6],[178.75,70.59],[179.04,70.6],[179.3,70.66],[179.48,70.65],[179.72,70.67],[180,70.72],[180,70.98],[180,71.03],[180,71.2],[180,71.23],[180,71.52],[180,71.53]]],[[[-180,62.88],[-180,62.55],[-179.95,62.62],[-179.94,62.76],[-180,62.88]]],[[[-180,71.53],[-180,71.52],[-180,71.23],[-180,71.2],[-180,71.03],[-180,70.98],[-180,70.72],[-179.73,70.67],[-179.56,70.66],[-179.23,70.68],[-178.94,70.71],[-178.55,70.76],[-178.34,70.77],[-177.63,70.85],[-177.34,70.91],[-177.14,70.96],[-176.93,71.06],[-176.82,71.19],[-176.82,71.24],[-176.89,71.33],[-177,71.38],[-177.26,71.45],[-177.46,71.56],[-177.72,71.65],[-178.03,71.71],[-178.58,71.78],[-179.06,71.8],[-179.61,71.79],[-180,71.75],[-180,71.53]]],[[[-169.05,65.47],[-168.98,65.5],[-168.98,65.97],[-168.98,66.02],[-169.19,66.01],[-169.16,66.08],[-169.23,66.22],[-169.32,66.27],[-169.53,66.34],[-169.74,66.36],[-169.83,66.41],[-170,66.47],[-170.21,66.5],[-170.29,66.55],[-170.58,66.67],[-170.83,66.75],[-170.91,66.87],[-171.13,66.95],[-171.2,67.03],[-171.3,67.08],[-171.49,67.13],[-171.79,67.17],[-172.11,67.16],[-172.44,67.2],[-172.66,67.24],[-172.92,67.24],[-173.36,67.28],[-174.17,67.58],[-174.23,67.61],[-174.94,67.82],[-175.42,67.99],[-175.57,68.03],[-177.22,68.45],[-177.63,68.59],[-178.09,68.73],[-178.4,68.87],[-178.64,68.95],[-178.94,69.01],[-179.2,69.1],[-179.34,69.12],[-179.62,69.13],[-180,69.29],[-180,68.98],[-180,68.97],[-180,68.96],[-180,68.93],[-180,68.91],[-180,68.75],[-180,68.67],[-180,68.55],[-180,68.51],[-180,68.36],[-180,68.08],[-180,68.07],[-180,68.05],[-180,67.94],[-180,67.93],[-180,67.76],[-180,67.74],[-180,67.73],[-180,67.72],[-180,67.55],[-180,67.39],[-180,67.17],[-180,67.03],[-180,67],[-180,66.93],[-180,66.91],[-180,66.89],[-180,66.88],[-180,66.86],[-180,66.64],[-180,66.58],[-180,66.46],[-180,66.4],[-180,66.34],[-180,66.33],[-180,66.23],[-180,66.17],[-180,66.13],[-180,66.06],[-180,66],[-180,65.94],[-180,65.87],[-180,65.86],[-180,65.85],[-180,65.83],[-180,65.8],[-180,65.79],[-180,65.71],[-180,65.65],[-180,65.64],[-180,65.56],[-180,65.53],[-180,65.51],[-180,65.48],[-180,65.45],[-180,65.41],[-180,65.39],[-180,65.38],[-180,65.36],[-180,65.35],[-180,65.33],[-180,65.32],[-180,65.31],[-180,65.3],[-180,65.28],[-180,65.27],[-180,65.26],[-180,65.15],[-180,65.05],[-180,65.04],[-180,64.75],[-179.75,64.87],[-179.39,64.98],[-179.25,65.04],[-179.12,65.15],[-179.07,65.21],[-178.73,65.26],[-178.46,65.25],[-177.52,65.24],[-177.28,65.26],[-177.06,65.31],[-176.93,65.35],[-176.8,65.36],[-176.47,65.29],[-176.39,65.26],[-176.26,65.13],[-176.36,65.01],[-176.33,64.93],[-176.16,64.82],[-175.92,64.75],[-175.79,64.65],[-175.64,64.6],[-175.48,64.57],[-174.97,64.56],[-174.49,64.43],[-174.36,64.3],[-174.26,64.25],[-173.9,64.16],[-173.54,64.1],[-173.34,64.06],[-173.07,64.04],[-172.71,64.09],[-172.38,64.19],[-172.14,64.21],[-171.93,64.25],[-171.8,64.33],[-171.6,64.75],[-171.62,65.12],[-171.68,65.2],[-171.44,65.31],[-171.12,65.27],[-170.82,65.29],[-170.22,65.47],[-170.04,65.6],[-170.01,65.74],[-169.88,65.79],[-169.38,65.59],[-169.2,65.53],[-169.05,65.47]]],[[[166.91,-0.75],[166.99,-0.75],[167.06,-0.71],[167.13,-0.63],[167.16,-0.51],[167.11,-0.39],[167.01,-0.31],[166.93,-0.3],[166.83,-0.33],[166.78,-0.37],[166.72,-0.46],[166.71,-0.55],[166.73,-0.62],[166.77,-0.69],[166.85,-0.74],[166.91,-0.75]]],[[[-180,-9.23],[-180,-9.59],[-179.94,-9.49],[-179.93,-9.39],[-179.96,-9.29],[-180,-9.23]]],[[[179.53,-10.59],[179.45,-10.59],[179.34,-10.63],[179.28,-10.71],[179.26,-10.79],[179.27,-10.85],[179.32,-10.92],[179.42,-10.99],[179.48,-10.99],[179.59,-10.96],[179.65,-10.9],[179.68,-10.8],[179.67,-10.73],[179.63,-10.65],[179.53,-10.59]]],[[[178.58,-8.51],[178.94,-8.79],[179.26,-9.12],[179.7,-9.57],[179.76,-9.61],[179.83,-9.63],[179.94,-9.62],[180,-9.59],[180,-9.23],[179.67,-8.77],[179.33,-8.32],[179.28,-8.27],[178.9,-8.02],[178.53,-7.78],[178.44,-7.73],[178.32,-7.73],[178.25,-7.77],[178.17,-7.86],[178.12,-7.95],[178.1,-8.05],[178.14,-8.15],[178.18,-8.19],[178.58,-8.51]]],[[[177.17,-6.23],[177.23,-6.29],[177.33,-6.32],[177.46,-6.29],[177.52,-6.23],[177.55,-6.17],[177.55,-6.05],[177.51,-5.98],[177.46,-5.94],[177.38,-5.9],[177.26,-5.91],[177.18,-5.97],[177.14,-6.06],[177.13,-6.13],[177.17,-6.23]]],[[[176.53,-6.28],[176.51,-6.2],[176.45,-6.11],[176.39,-6.08],[176.28,-6.07],[176.17,-6.14],[176.12,-6.22],[176.11,-6.29],[176.13,-6.38],[176.17,-6.44],[176.26,-6.5],[176.38,-6.49],[176.46,-6.44],[176.51,-6.38],[176.53,-6.28]]],[[[176.33,-5.78],[176.35,-5.71],[176.33,-5.63],[176.3,-5.56],[176.24,-5.49],[176.15,-5.45],[176.07,-5.44],[175.98,-5.45],[175.9,-5.51],[175.86,-5.59],[175.86,-5.67],[175.89,-5.76],[176.02,-5.87],[176.11,-5.91],[176.17,-5.91],[176.25,-5.88],[176.33,-5.78]]],[[[177.25,-7.01],[177.18,-6.99],[177.12,-6.99],[177.05,-7.01],[176.98,-7.06],[176.95,-7.12],[176.94,-7.25],[176.96,-7.34],[177.01,-7.4],[177.09,-7.44],[177.14,-7.46],[177.22,-7.45],[177.32,-7.38],[177.35,-7.33],[177.37,-7.23],[177.36,-7.16],[177.33,-7.09],[177.25,-7.01]]],[[[178.72,-7.26],[178.66,-7.26],[178.58,-7.27],[178.5,-7.33],[178.47,-7.4],[178.46,-7.46],[178.48,-7.54],[178.52,-7.62],[178.58,-7.67],[178.7,-7.7],[178.78,-7.68],[178.85,-7.63],[178.88,-7.57],[178.9,-7.48],[178.86,-7.36],[178.78,-7.29],[178.72,-7.26]]],[[[166.5,19.12],[166.63,19.07],[166.69,19.07],[166.79,19.11],[166.84,19.17],[166.87,19.26],[166.86,19.33],[166.83,19.42],[166.78,19.47],[166.67,19.52],[166.59,19.52],[166.48,19.49],[166.41,19.41],[166.39,19.36],[166.39,19.28],[166.44,19.17],[166.5,19.12]]],[[[-178.36,-14.37],[-178.3,-14.45],[-178.12,-14.55],[-178.05,-14.56],[-177.98,-14.55],[-177.87,-14.49],[-177.82,-14.43],[-177.8,-14.34],[-177.83,-14.23],[-177.88,-14.17],[-178.08,-14.06],[-178.17,-14.04],[-178.28,-14.06],[-178.36,-14.15],[-178.39,-14.26],[-178.36,-14.37]]],[[[-175.99,-13.11],[-176.09,-13.02],[-176.19,-12.98],[-176.28,-13],[-176.36,-13.05],[-176.44,-13.22],[-176.46,-13.28],[-176.44,-13.37],[-176.39,-13.49],[-176.3,-13.57],[-176.25,-13.59],[-176.14,-13.59],[-176.08,-13.57],[-176.01,-13.51],[-175.93,-13.36],[-175.92,-13.27],[-175.94,-13.19],[-175.99,-13.11]]]]},"properties":{"tzid":"Pacific/Fiji"}},
{"type":"Feature","geometry":{"type":"MultiPolygon","coordinates":[[[[53.98,25.24],[53.99,25.18],[54.05,25.07],[54.13,25.03],[54.23,25.01],[54.34,25.03],[54.42,25.1],[54.45,25.16],[54.45,25.27],[54.43,25.34],[54.36,25.41],[54.24,25.45],[54.13,25.44],[54.05,25.39],[54.01,25.34],[53.98,25.24]]],[[[54.46,25.31],[54.46,25.26],[54.52,25.18],[54.58,25.14],[54.66,25.13],[54.75,25.14],[54.8,25.18],[54.85,25.27],[54.83,25.39],[54.77,25.45],[54.67,25.49],[54.58,25.47],[54.52,25.44],[54.48,25.39],[54.46,25.31]]],[[[56.3,26.6],[56.04,26.38],[55.98,26.32],[55.89,26.16],[55.83,26.01],[55.77,25.93],[55.67,25.9],[55.55,25.81],[55.43,25.76],[55.38,25.7],[55.28,25.57],[55.13,25.54],[55.07,25.5],[55.01,25.41],[54.93,25.32],[54.9,25.23],[54.79,25.15],[54.72,25.07],[54.59,25.03],[54.52,25],[54.45,24.91],[54.43,24.86],[54.01,24.55],[53.82,24.52],[53.57,24.59],[53.55,24.69],[53.5,24.75],[53.43,24.79],[53.3,24.81],[53.3,24.95],[53.22,25.05],[53.1,25.1],[53.1,25.19],[53.08,25.26],[52.99,25.34],[52.91,25.36],[52.8,25.35],[52.65,25.14],[52.67,25.06],[52.63,24.99],[52.56,25],[52.45,24.98],[52.4,25.02],[52.33,24.98],[52.35,24.87],[52.33,24.8],[52.34,24.74],[52.22,24.73],[52.15,24.69],[52.09,24.61],[52.03,24.76],[51.83,24.72],[51.83,24.77],[51.59,24.66],[51.58,24.6],[51.55,24.53],[51.47,24.46],[51.42,24.39],[51.53,24.34],[51.59,24.27],[51.59,24.13],[51.92,23.74],[52.16,23.44],[52.58,22.94],[53.14,22.88],[53.81,22.8],[54.38,22.73],[55.14,22.63],[55.21,22.71],[55.67,22],[55.48,21.44],[55.34,21.01],[55.15,20.45],[55,20],[54.21,19.74],[53.67,19.56],[52.92,19.31],[52.42,19.14],[52,19],[52.28,18.4],[52.5,17.95],[52.78,17.35],[52.75,17.29],[52.81,17.29],[53.11,16.65],[53.19,16.46],[53.27,16.5],[53.4,16.54],[53.52,16.56],[53.63,16.55],[53.77,16.6],[53.86,16.69],[54,16.7],[54.07,16.73],[54.18,16.81],[54.31,16.83],[54.54,16.83],[54.67,16.76],[54.83,16.74],[55.09,16.81],[55.23,16.91],[55.28,16.96],[55.36,17.02],[55.46,17.17],[55.47,17.24],[55.59,17.26],[55.8,17.28],[55.87,17.27],[55.95,17.29],[56.02,17.28],[56.13,17.3],[56.25,17.3],[56.31,17.29],[56.48,17.32],[56.54,17.35],[56.58,17.4],[56.61,17.46],[56.61,17.53],[56.56,17.86],[56.61,17.92],[56.73,18.01],[56.76,18.08],[56.76,18.16],[56.8,18.24],[56.84,18.43],[56.84,18.49],[56.93,18.59],[57.11,18.67],[57.32,18.72],[57.48,18.74],[57.68,18.74],[57.76,18.75],[57.91,18.8],[58,18.87],[58.05,18.95],[58.05,19.06],[58.01,19.13],[58.01,19.19],[57.96,19.29],[57.97,19.4],[57.96,19.46],[57.92,19.56],[57.94,19.65],[57.98,19.7],[58.01,19.77],[57.99,19.88],[58.02,19.93],[58.05,20.12],[58.27,20.14],[58.52,19.99],[58.6,19.96],[58.71,19.97],[58.86,20.06],[58.96,20.16],[59.09,20.33],[59.16,20.4],[59.19,20.46],[59.18,20.57],[59.04,20.96],[59.2,21.12],[59.3,21.19],[59.44,21.25],[59.51,21.31],[59.66,21.58],[59.7,21.67],[59.76,21.73],[59.86,21.88],[59.88,21.99],[59.99,22.12],[60.04,22.26],[60.05,22.44],[60.03,22.53],[59.98,22.64],[59.93,22.7],[59.84,22.73],[59.75,22.74],[59.62,22.76],[59.57,22.8],[59.43,22.95],[59.38,23.07],[59.33,23.12],[59.26,23.16],[59.21,23.23],[59.19,23.29],[59.13,23.36],[59.11,23.42],[58.99,23.52],[58.96,23.59],[58.91,23.66],[58.72,23.8],[58.57,23.87],[58.22,24.05],[58.1,24.07],[57.92,24.04],[57.69,23.98],[57.6,24.02],[57.37,24.08],[57.28,24.12],[57.1,24.25],[57,24.37],[56.93,24.49],[56.84,24.58],[56.79,24.66],[56.74,24.7],[56.69,24.78],[56.59,25.01],[56.59,25.13],[56.6,25.32],[56.59,25.41],[56.59,25.55],[56.55,25.69],[56.65,25.83],[56.69,25.9],[56.7,26.02],[56.75,26.09],[56.77,26.15],[56.76,26.52],[56.73,26.59],[56.63,26.68],[56.55,26.7],[56.3,26.6]]],[[[44.81,39.63],[44.9,39.58],[44.91,39.53],[44.95,39.49],[44.96,39.42],[45.09,39.35],[45.17,39.22],[45.25,39.19],[45.31,39.2],[45.35,39.13],[45.45,39.06],[45.45,38.99],[45.62,38.94],[45.69,38.95],[45.74,38.93],[45.92,38.87],[46.11,38.87],[46.19,38.84],[46.28,38.9],[46.36,38.92],[46.43,38.89],[46.53,38.89],[46.6,38.91],[46.7,39.02],[46.76,39.04],[46.79,39.09],[46.93,39.16],[46.96,39.14],[47.05,39.19],[47.06,39.24],[47.13,39.29],[47.32,39.37],[47.4,39.47],[47.51,39.5],[47.75,39.61],[47.81,39.66],[47.91,39.66],[47.99,39.71],[48.03,39.69],[48.33,39.43],[48.36,39.39],[48.25,39.33],[48.21,39.33],[48.13,39.27],[48.14,39.21],[48.23,39.13],[48.3,39.11],[48.34,39.03],[48.27,38.97],[48.09,38.95],[48.03,38.9],[48.02,38.84],[48.11,38.77],[48.19,38.76],[48.25,38.73],[48.25,38.66],[48.31,38.61],[48.43,38.61],[48.47,38.55],[48.66,38.39],[48.74,38.41],[48.79,38.45],[48.88,38.44],[49.14,38.45],[49.13,38.74],[49.21,38.76],[49.33,38.81],[49.4,38.82],[49.49,38.86],[49.56,38.91],[49.59,38.98],[49.57,39.1],[49.63,39.15],[49.68,39.2],[49.69,39.32],[49.65,39.42],[49.74,39.42],[49.82,39.44],[49.89,39.47],[49.96,39.56],[49.97,39.62],[49.95,39.7],[49.84,39.79],[49.83,39.84],[49.88,39.89],[49.92,39.99],[49.91,40.05],[49.95,40.06],[50.09,40.06],[50.17,40.08],[50.28,40.02],[50.44,40.02],[50.54,40.06],[50.67,40.08],[50.81,40.01],[50.94,40.01],[51.08,40.06],[51.16,40.16],[51.18,40.23],[51.15,40.32],[51.12,40.36],[51.02,40.42],[50.79,40.48],[50.57,40.59],[50.53,40.65],[50.44,40.72],[50.36,40.75],[50.24,40.75],[50.13,40.79],[50.07,40.8],[49.81,40.78],[49.78,40.88],[49.7,40.97],[49.57,41.03],[49.44,41.12],[49.37,41.35],[49.3,41.48],[49.14,41.65],[48.91,41.88],[48.81,41.96],[48.59,41.84],[48.56,41.78],[48.49,41.73],[48.38,41.59],[48.28,41.56],[48.2,41.51],[48.06,41.49],[48,41.42],[47.99,41.36],[47.89,41.29],[47.88,41.22],[47.82,41.22],[47.78,41.19],[47.7,41.23],[47.62,41.23],[47.56,41.2],[47.51,41.23],[47.5,41.27],[47.38,41.27],[47.3,41.31],[47.22,41.42],[47.17,41.53],[47.11,41.59],[47.04,41.56],[47.01,41.63],[46.86,41.72],[46.77,41.8],[46.76,41.86],[46.62,41.82],[46.51,41.89],[46.45,41.86],[46.4,41.94],[46.32,41.93],[46.25,41.98],[46.04,42.02],[45.86,42.11],[45.79,42.1],[45.75,42.15],[45.65,42.19],[45.61,42.23],[45.65,42.29],[45.75,42.31],[45.73,42.38],[45.77,42.43],[45.78,42.49],[45.61,42.51],[45.57,42.55],[45.49,42.54],[45.42,42.55],[45.35,42.52],[45.26,42.61],[45.16,42.71],[45.03,42.69],[44.98,42.74],[44.89,42.75],[44.87,42.69],[44.8,42.61],[44.77,42.64],[44.75,42.71],[44.68,42.76],[44.5,42.73],[44.39,42.71],[44.32,42.72],[44.25,42.68],[44.23,42.63],[44.12,42.62],[44.01,42.59],[43.96,42.55],[43.87,42.59],[43.77,42.59],[43.76,42.66],[43.81,42.72],[43.56,42.87],[43.18,42.94],[43.17,42.96],[43.05,43.02],[42.99,43.12],[42.85,43.18],[42.78,43.19],[42.7,43.17],[42.67,43.14],[42.36,43.25],[42.34,43.22],[42.22,43.23],[42.08,43.2],[41.97,43.21],[41.86,43.24],[41.8,43.2],[41.75,43.24],[41.62,43.22],[41.54,43.27],[41.41,43.32],[41.36,43.37],[41.29,43.34],[41.22,43.38],[41.04,43.4],[40.95,43.42],[40.89,43.46],[40.66,43.56],[40.57,43.52],[40.48,43.55],[40.3,43.57],[40.26,43.59],[40.09,43.56],[40.01,43.39],[39.88,43.22],[40.01,43.17],[40.07,43.07],[40.2,43],[40.3,43],[40.46,42.92],[40.68,42.89],[40.74,42.89],[40.89,42.78],[40.93,42.69],[41,42.64],[41.09,42.61],[41.23,42.59],[41.29,42.41],[41.29,42.35],[41.38,42.22],[41.38,42.13],[41.42,42.05],[41.48,41.97],[41.51,41.89],[41.49,41.82],[41.35,41.71],[41.3,41.61],[41.67,41.48],[41.75,41.47],[41.82,41.43],[41.96,41.52],[42.04,41.49],[42.08,41.51],[42.27,41.49],[42.44,41.44],[42.57,41.51],[42.6,41.58],[42.68,41.6],[42.77,41.58],[42.84,41.58],[42.8,41.5],[42.97,41.45],[43.02,41.38],[43.11,41.35],[43.21,41.29],[43.19,41.25],[43.25,41.18],[43.37,41.2],[43.45,41.18],[43.47,41.03],[43.6,40.98],[43.67,40.94],[43.68,40.84],[43.75,40.73],[43.75,40.68],[43.67,40.57],[43.55,40.48],[43.62,40.4],[43.59,40.35],[43.68,40.26],[43.66,40.11],[43.76,40.08],[43.9,40.02],[44.09,40.03],[44.17,40.03],[44.27,40.05],[44.42,40],[44.54,39.92],[44.55,39.89],[44.65,39.79],[44.71,39.77],[44.77,39.71],[44.81,39.63]]],[[[52.57,54.34],[52.51,54.37],[52.5,54.46],[52.24,54.44],[52.13,54.38],[51.95,54.45],[51.94,54.52],[51.78,54.56],[51.63,54.56],[51.54,54.65],[51.51,54.6],[51.38,54.59],[51.36,54.66],[51.17,54.65],[51.07,54.54],[51.01,54.55],[50.95,54.39],[50.82,54.36],[50.65,54.39],[50.52,54.32],[50.39,54.48],[50.31,54.44],[50.24,54.45],[50.2,54.5],[49.85,54.54],[49.7,54.58],[49.56,54.56],[49.58,54.62],[49.55,54.67],[49.48,54.69],[49.48,54.78],[49.28,54.89],[49.24,54.84],[49.15,54.84],[49.12,54.8],[48.88,54.8],[48.88,54.63],[48.47,54.63],[48.35,54.67],[48.28,54.66],[48.25,54.72],[48.08,54.71],[48.02,54.73],[47.9,54.7],[47.91,54.65],[47.82,54.64],[47.82,54.73],[47.72,54.74],[47.69,54.66],[47.62,54.56],[47.54,54.53],[47.45,54.57],[47.4,54.53],[47.3,54.67],[47.11,54.67],[47.08,54.71],[46.89,54.65],[46.8,54.64],[46.74,54.69],[46.66,54.67],[46.48,54.76],[46.42,54.69],[46.52,54.66],[46.55,54.47],[46.54,54.4],[46.71,54.4],[46.68,54.3],[46.62,54.3],[46.39,54.23],[46.34,54.19],[46.2,54.18],[46.16,54.16],[46.06,54.17],[46.03,54.13],[45.9,54.06],[45.94,54],[46.06,53.98],[46.19,53.91],[46.17,53.8],[46.28,53.79],[46.38,53.67],[46.44,53.65],[46.45,53.54],[46.5,53.48],[46.65,53.47],[46.79,53.37],[46.91,53.36],[46.86,53.18],[46.93,53.17],[46.92,52.92],[46.89,52.89],[46.97,52.81],[46.94,52.72],[46.87,52.71],[46.74,52.61],[46.57,52.7],[46.49,52.68],[46.33,52.68],[46.26,52.65],[46.27,52.61],[46.17,52.61],[46.14,52.55],[46,52.51],[46.01,52.46],[45.96,52.4],[45.79,52.42],[45.77,52.46],[45.62,52.48],[45.52,52.46],[45.35,52.4],[45.27,52.39],[45.15,52.42],[45.09,52.4],[45.03,52.32],[44.95,52.36],[44.85,52.45],[44.61,52.48],[44.53,52.53],[44.49,52.51],[44.54,52.42],[44.4,52.41],[44.32,52.32],[44.16,52.31],[44.03,52.33],[43.91,52.4],[43.87,52.38],[43.78,52.43],[43.67,52.39],[43.51,52.4],[43.49,52.38],[43.34,52.38],[43.3,52.43],[43.14,52.44],[43.12,52.38],[42.94,52.34],[42.89,52.21],[42.79,52.19],[42.77,52.16],[42.76,52.02],[42.71,52],[42.71,51.89],[42.65,51.79],[42.52,51.72],[42.52,51.6],[42.57,51.54],[42.75,51.49],[42.83,51.39],[42.86,51.32],[42.95,51.27],[42.88,51.23],[43.15,51.12],[43.19,51.11],[43.36,51],[43.56,51.06],[43.65,51.05],[43.69,51.11],[43.88,51.11],[43.92,51.16],[44.02,51.16],[44.06,51.1],[44.18,51.09],[44.23,51.2],[44.35,51.17],[44.48,51.21],[44.57,51.12],[44.64,51.18],[44.79,51.15],[44.9,51.16],[45.07,51.12],[45.09,51.08],[45.19,51.04],[45.2,50.97],[45.25,50.92],[45.3,50.91],[45.33,50.86],[45.28,50.72],[45.23,50.7],[45.19,50.59],[45.39,50.59],[45.49,50.6],[45.53,50.55],[45.61,50.59],[45.71,50.59],[45.68,50.67],[45.74,50.76],[45.89,50.75],[46.04,50.67],[46.07,50.6],[46.06,50.53],[46.28,50.53],[46.35,50.56],[46.47,50.55],[46.46,50.62],[46.57,50.61],[46.57,50.69],[46.63,50.68],[46.73,50.7],[46.74,50.66],[46.87,50.58],[46.91,50.49],[47.04,50.51],[47.21,50.51],[47.2,50.43],[47.27,50.38],[47.43,50.38],[47.54,50.46],[47.61,50.46],[47.66,50.41],[47.83,50.33],[47.93,50.25],[48.01,50.14],[48.1,50.1],[48.13,50],[48.26,49.86],[48.45,49.84],[48.75,49.92],[48.9,50.02],[48.85,50.09],[48.76,50.1],[48.81,50.17],[48.73,50.26],[48.66,50.53],[48.65,50.6],[48.81,50.6],[49.01,50.68],[49.13,50.78],[49.26,50.82],[49.42,50.85],[49.44,50.88],[49.41,50.96],[49.34,50.99],[49.4,51.05],[49.39,51.09],[49.55,51.11],[49.78,51.11],[49.91,51.2],[50.04,51.25],[50.24,51.28],[50.37,51.33],[50.34,51.38],[50.5,51.43],[50.55,51.47],[50.54,51.59],[50.64,51.63],[50.81,51.65],[50.77,51.71],[50.77,51.77],[51.03,51.92],[51.13,51.93],[51.26,52.02],[51.39,52.07],[51.46,52.23],[51.41,52.23],[51.38,52.36],[51.46,52.37],[51.47,52.43],[51.55,52.46],[51.45,52.57],[51.51,52.59],[51.52,52.68],[51.62,52.65],[51.72,52.65],[51.77,52.8],[51.72,52.88],[51.84,52.87],[51.89,52.95],[52.04,52.96],[52.05,53.09],[52.16,53.09],[52.13,53.23],[52.17,53.24],[52.18,53.32],[52.21,53.38],[52.14,53.4],[52.1,53.46],[52.09,53.54],[52.19,53.56],[52.28,53.74],[52.34,53.79],[52.41,53.95],[52.37,53.97],[52.48,54.07],[52.38,54.08],[52.29,54.15],[52.36,54.19],[52.37,54.26],[52.43,54.31],[52.53,54.3],[52.57,54.34]]],[[[53.79,58.46],[53.62,58.47],[53.49,58.44],[53.37,58.38],[53.21,58.4],[53.16,58.45],[53.18,58.5],[53.09,58.52],[52.89,58.53],[52.84,58.39],[52.33,58.44],[52.27,58.47],[52.17,58.49],[51.96,58.45],[51.86,58.37],[51.8,58.37],[51.82,58.28],[51.72,58.25],[51.69,58.18],[51.71,58.14],[51.8,58.12],[51.9,58.01],[51.89,57.95],[51.82,57.91],[51.87,57.83],[51.95,57.77],[51.88,57.7],[51.83,57.57],[51.77,57.58],[51.71,57.52],[51.53,57.46],[51.4,57.47],[51.17,57.44],[51.12,57.24],[51.21,57.2],[51.22,57.09],[51.31,57.02],[51.34,56.94],[51.43,56.9],[51.52,56.88],[51.48,56.8],[51.39,56.77],[51.39,56.67],[51.18,56.68],[51.14,56.48],[51.4,56.29],[51.39,56.23],[51.44,56.13],[51.55,56.14],[51.64,56.12],[51.4,56.03],[51.42,55.96],[51.59,55.95],[51.81,55.93],[51.93,55.95],[52.06,55.95],[52.07,55.9],[52.23,55.95],[52.21,56.02],[52.32,56.07],[52.38,56.02],[52.46,56.08],[52.56,56.04],[52.74,56.01],[52.81,56.08],[52.88,56.11],[52.85,56.19],[52.74,56.22],[52.59,56.22],[52.65,56.29],[52.78,56.4],[52.92,56.4],[52.97,56.46],[52.97,56.54],[53.1,56.5],[53.09,56.45],[53.01,56.43],[52.97,56.28],[53,56.18],[53.06,56.13],[53.16,56.16],[53.19,56.11],[53.33,56.06],[53.37,56.1],[53.31,56.25],[53.45,56.27],[53.58,56.24],[53.57,56.13],[53.5,56.13],[53.46,56.08],[53.45,56.02],[53.2,55.93],[53.24,55.87],[53.35,55.86],[53.7,55.93],[53.71,55.97],[53.82,55.97],[53.85,56.04],[53.97,56.01],[54.04,56.02],[54.09,56.11],[54.2,56.2],[54.4,56.26],[54.33,56.48],[54.24,56.46],[54.05,56.6],[53.84,56.6],[53.88,56.66],[53.79,56.8],[53.88,56.81],[53.98,56.75],[54.06,56.78],[54.15,56.92],[54.15,56.97],[54.23,56.99],[54.34,56.97],[54.44,57.03],[54.31,57.08],[54.35,57.16],[54.31,57.31],[54.14,57.32],[54.15,57.4],[54.29,57.43],[54.27,57.46],[54.14,57.48],[53.99,57.59],[54.06,57.68],[54.15,57.71],[54.16,57.77],[54.12,57.81],[54.13,57.88],[54.09,57.92],[54.13,57.96],[53.99,58.07],[53.95,58.15],[53.88,58.2],[53.79,58.24],[53.89,58.31],[53.77,58.42],[53.79,58.46]]],[[[46.69,45.48],[46.79,45.47],[46.86,45.45],[46.88,45.52],[46.66,45.55],[46.65,45.5],[46.46,45.48],[46.44,45.45],[46.63,45.44],[46.69,45.48]]],[[[49.89,46.05],[49.7,46.19],[49.6,46.18],[49.51,46.19],[49.26,46.29],[49.16,46.38],[49.04,46.4],[49,46.43],[48.82,46.49],[48.79,46.54],[48.7,46.56],[48.54,46.56],[48.56,46.64],[48.48,46.67],[48.55,46.71],[48.71,46.72],[48.75,46.69],[48.92,46.69],[49,46.74],[48.92,46.88],[48.71,47.1],[48.52,47.41],[48.45,47.41],[48.32,47.55],[48.21,47.69],[48.11,47.74],[48.03,47.76],[47.96,47.75],[47.65,47.76],[47.42,47.84],[47.39,47.68],[47.19,47.76],[47.12,47.83],[47.18,47.85],[47.05,48],[47.2,48.05],[47.21,48.08],[47.09,48.1],[47.12,48.16],[47.1,48.21],[47.12,48.27],[46.89,48.33],[46.75,48.35],[46.49,48.43],[46.62,48.67],[46.31,48.82],[46.32,48.84],[46.04,48.86],[45.95,48.84],[45.93,48.79],[45.81,48.68],[45.71,48.67],[45.64,48.62],[45.5,48.58],[45.27,48.52],[45.42,48.49],[45.3,48.45],[45.21,48.51],[45.01,48.42],[44.98,48.29],[44.96,48.27],[45.17,48.22],[45.15,48.19],[45.24,48.16],[45.27,48.11],[45.38,48.1],[45.55,47.99],[45.7,48.03],[45.76,48],[45.71,47.93],[45.74,47.83],[45.78,47.81],[45.84,47.72],[45.9,47.72],[45.92,47.64],[46.01,47.56],[46.27,47.42],[46.4,47.41],[46.69,47.6],[46.76,47.61],[46.87,47.55],[46.67,47.48],[46.54,47.4],[46.74,47.07],[46.82,46.99],[46.96,46.97],[46.98,46.87],[46.96,46.72],[46.87,46.62],[46.95,46.52],[46.96,46.45],[46.86,46.46],[46.66,46.44],[46.56,46.35],[46.5,46.38],[46.4,46.32],[46.5,46.28],[46.45,46.18],[46.45,45.97],[46.31,45.96],[46.3,45.91],[46.41,45.82],[46.55,45.8],[46.48,45.7],[46.69,45.65],[46.81,45.57],[46.95,45.6],[46.97,45.62],[47.15,45.61],[47.28,45.65],[47.3,45.68],[47.49,45.65],[47.5,45.57],[47.56,45.5],[47.55,45.4],[47.83,45.26],[47.93,45.27],[47.97,45.24],[47.96,45.18],[48.31,45.01],[48.31,45.05],[48.1,45.17],[48.06,45.3],[48.11,45.34],[48.24,45.45],[48.33,45.46],[48.49,45.42],[48.68,45.4],[48.79,45.42],[48.9,45.45],[48.97,45.52],[49.03,45.64],[49.07,45.69],[49.19,45.76],[49.42,45.85],[49.61,45.97],[49.89,46.05]],[[47.01,46.06],[47.02,46.09],[47.13,46.11],[47.12,46.05],[47.01,46.06]]],[[[55.93,-20.97],[55.88,-20.87],[55.78,-20.76],[55.64,-20.7],[55.48,-20.67],[55.32,-20.69],[55.19,-20.74],[55.12,-20.8],[55.07,-20.88],[55.03,-20.94],[55,-21.01],[55.02,-21.15],[55.07,-21.22],[55.12,-21.35],[55.22,-21.45],[55.36,-21.52],[55.49,-21.57],[55.65,-21.59],[55.84,-21.56],[55.96,-21.48],[56.01,-21.41],[56.02,-21.29],[56.05,-21.21],[56.03,-21.09],[56,-21.03],[55.93,-20.97]]],[[[59.26,-16.79],[59.26,-16.85],[59.29,-16.92],[59.36,-17],[59.44,-17.03],[59.56,-17.03],[59.66,-16.99],[59.74,-16.93],[59.88,-16.76],[59.91,-16.65],[59.93,-16.5],[59.89,-16.38],[59.85,-16.34],[59.79,-16.17],[59.75,-16.1],[59.68,-16.05],[59.58,-16.04],[59.47,-16.07],[59.41,-16.14],[59.38,-16.22],[59.37,-16.38],[59.3,-16.48],[59.3,-16.6],[59.26,-16.79]]],[[[56.38,-10.32],[56.4,-10.44],[56.44,-10.52],[56.54,-10.63],[56.59,-10.67],[56.72,-10.69],[56.8,-10.66],[56.85,-10.62],[56.9,-10.53],[56.91,-10.46],[56.87,-10.35],[56.8,-10.29],[56.75,-10.21],[56.71,-10.17],[56.61,-10.14],[56.55,-10.14],[56.47,-10.17],[56.43,-10.21],[56.38,-10.32]]],[[[63.08,-19.72],[63.09,-19.81],[63.14,-19.92],[63.23,-20.01],[63.3,-20.03],[63.48,-20.02],[63.58,-19.96],[63.65,-19.87],[63.7,-19.8],[63.71,-19.73],[63.7,-19.62],[63.67,-19.56],[63.6,-19.5],[63.51,-19.47],[63.4,-19.45],[63.27,-19.46],[63.18,-19.5],[63.12,-19.58],[63.08,-19.72]]],[[[57.15,-20.29],[57.11,-20.38],[57.09,-20.47],[57.12,-20.59],[57.21,-20.66],[57.37,-20.71],[57.52,-20.73],[57.66,-20.7],[57.74,-20.67],[57.91,-20.57],[57.99,-20.47],[58.03,-20.36],[58.04,-20.26],[58.02,-19.81],[57.98,-19.7],[57.88,-19.63],[57.8,-19.62],[57.74,-19.63],[57.59,-19.67],[57.52,-19.71],[57.38,-19.88],[57.31,-20.01],[57.23,-20.09],[57.15,-20.24],[57.15,-20.29]]],[[[50.65,-9.14],[50.55,-9.22],[50.52,-9.32],[50.53,-9.4],[50.6,-9.62],[50.65,-9.73],[50.87,-10.34],[50.91,-10.4],[50.99,-10.45],[51.06,-10.46],[51.16,-10.44],[51.28,-10.38],[51.36,-10.27],[51.39,-10.18],[51.4,-10.11],[51.33,-9.36],[51.28,-9.21],[51.18,-9.07],[51.12,-9.03],[51.06,-9],[50.95,-9.02],[50.65,-9.14]]],[[[55.2,-3.93],[55.32,-3.89],[55.38,-3.82],[55.41,-3.7],[55.38,-3.61],[55.3,-3.53],[55.23,-3.51],[55.1,-3.54],[55.03,-3.61],[55,-3.72],[55.02,-3.81],[55.11,-3.9],[55.2,-3.93]]],[[[56.1,-4.45],[56.12,-4.36],[56.12,-4.28],[56.07,-4.2],[56.01,-4.14],[55.94,-4.09],[55.74,-4.02],[55.82,-3.95],[55.87,-3.83],[55.87,-3.75],[55.82,-3.66],[55.71,-3.6],[55.63,-3.6],[55.55,-3.63],[55.48,-3.7],[55.46,-3.77],[55.46,-3.85],[55.51,-3.94],[55.59,-4.02],[55.29,-4.19],[55.17,-4.19],[55.11,-4.23],[55.05,-4.31],[55.01,-4.45],[55.01,-4.52],[55.04,-4.59],[55.21,-4.8],[55.37,-4.95],[55.44,-4.99],[55.52,-5.01],[55.59,-5],[55.67,-4.95],[55.84,-4.79],[55.93,-4.8],[56.02,-4.78],[56.11,-4.72],[56.14,-4.66],[56.15,-4.59],[56.12,-4.49],[56.1,-4.45]]],[[[53.5,-5.85],[53.61,-5.91],[53.72,-5.89],[53.81,-5.85],[53.86,-5.8],[53.89,-5.73],[53.9,-5.66],[53.88,-5.6],[53.81,-5.51],[53.7,-5.47],[53.62,-5.48],[53.56,-5.52],[53.57,-5.44],[53.55,-5.35],[53.48,-5.26],[53.55,-5.16],[53.56,-5.07],[53.55,-5.02],[53.58,-4.97],[53.59,-4.88],[53.58,-4.81],[53.54,-4.75],[53.45,-4.68],[53.38,-4.67],[53.31,-4.68],[53.25,-4.72],[53.21,-4.77],[53.17,-4.86],[53.18,-4.97],[53.13,-5.02],[53.11,-5.12],[53.12,-5.19],[53.16,-5.26],[53.12,-5.3],[53.09,-5.37],[53.1,-5.49],[53.03,-5.6],[53.02,-5.68],[52.92,-5.71],[52.87,-5.76],[52.84,-5.82],[52.83,-5.89],[52.71,-5.93],[52.64,-6.03],[52.63,-6.1],[52.65,-6.17],[52.68,-6.23],[52.74,-6.27],[52.85,-6.29],[52.89,-6.37],[52.94,-6.41],[53.05,-6.44],[53.12,-6.42],[53.24,-6.37],[53.29,-6.32],[53.33,-6.26],[53.35,-6.19],[53.34,-6.12],[53.31,-6.06],[53.22,-5.97],[53.31,-5.99],[53.42,-5.95],[53.47,-5.91],[53.5,-5.85]]],[[[46.73,-9.42],[46.69,-9.29],[46.64,-9.24],[46.57,-9.2],[46.48,-9.17],[46.39,-9.16],[46.21,-9.17],[46.12,-9.19],[46.07,-9.24],[46.01,-9.34],[46.01,-9.46],[46.05,-9.57],[46.08,-9.62],[46.35,-9.89],[46.4,-9.93],[46.46,-9.95],[46.55,-9.95],[46.61,-9.93],[46.7,-9.84],[46.73,-9.71],[46.73,-9.42]]],[[[52.52,-6.97],[52.53,-7.19],[52.55,-7.26],[52.59,-7.31],[52.68,-7.36],[52.79,-7.37],[52.88,-7.33],[52.95,-7.25],[52.98,-7.18],[52.98,-7.07],[52.94,-6.92],[52.9,-6.86],[52.8,-6.81],[52.68,-6.8],[52.61,-6.82],[52.56,-6.87],[52.52,-6.97]]],[[[56.08,-7.08],[56.05,-7.14],[56.04,-7.21],[56.05,-7.28],[56.09,-7.34],[56.18,-7.39],[56.28,-7.4],[56.38,-7.35],[56.47,-7.23],[56.5,-7.13],[56.48,-7.02],[56.45,-6.97],[56.37,-6.91],[56.27,-6.89],[56.2,-6.92],[56.14,-6.96],[56.08,-7.08]]],[[[47.82,-9.59],[47.76,-9.53],[47.68,-9.48],[47.6,-9.46],[47.52,-9.46],[47.45,-9.5],[47.34,-9.6],[47.3,-9.72],[47.33,-9.84],[47.56,-10.2],[47.61,-10.26],[47.67,-10.3],[47.75,-10.31],[47.83,-10.29],[47.92,-10.22],[47.96,-10.11],[47.96,-10.02],[47.86,-9.66],[47.82,-9.59]]],[[[55.22,-5.68],[55.17,-5.75],[55.15,-5.85],[55.18,-5.95],[55.24,-6.02],[55.29,-6.06],[55.4,-6.08],[55.47,-6.06],[55.53,-6.02],[55.57,-5.97],[55.59,-5.91],[55.59,-5.8],[55.52,-5.68],[55.46,-5.63],[55.4,-5.61],[55.33,-5.62],[55.22,-5.68]]]]},"properties":{"tzid":"Asia/Dubai"}},
{"type":"Feature","geometry":{"type":"Polygon","coordinates":[[[34.88,33.17],[35.1,33.09],[35.24,33.09],[35.29,33.11],[35.35,33.06],[35.5,33.09],[35.55,33.24],[35.58,33.27],[35.66,33.27],[35.72,33.33],[35.77,33.34],[35.83,33.41],[35.95,33.49],[35.94,33.53],[36.03,33.55],[36.02,33.61],[35.95,33.64],[35.97,33.72],[36.07,33.82],[36.15,33.86],[36.2,33.83],[36.27,33.85],[36.32,33.83],[36.36,33.88],[36.28,33.92],[36.33,33.98],[36.44,34.06],[36.48,34.05],[36.56,34.13],[36.6,34.19],[36.58,34.28],[36.53,34.37],[36.57,34.4],[36.47,34.46],[36.45,34.51],[36.34,34.5],[36.46,34.6],[36.37,34.64],[36.04,34.63],[36.01,34.64],[35.84,34.6],[35.75,34.66],[35.67,34.69],[35.62,34.66],[35.54,34.59],[35.52,34.47],[35.44,34.38],[35.41,34.32],[35.39,34.17],[35.39,34.09],[35.28,34.02],[35.23,33.91],[35.24,33.84],[35.13,33.61],[35.05,33.52],[35.02,33.42],[34.96,33.33],[34.95,33.26],[34.88,33.17]]]},"properties":{"tzid":"Asia/Beirut"}},
{"type":"Feature","geometry":{"type":"MultiPolygon","coordinates":[[[[89.19,21.44],[89.37,21.41],[89.94,21.42],[90.77,21.44],[91.44,21.32],[91.83,21.25],[91.84,21.12],[91.87,21.06],[91.99,20.92],[92.04,20.81],[92.11,20.69],[92.11,20.59],[92.13,20.5],[92.17,20.44],[92.25,20.38],[92.32,20.37],[92.4,20.38],[92.43,20.55],[92.42,20.59],[92.34,20.68],[92.37,20.7],[92.33,20.84],[92.27,20.93],[92.25,21.02],[92.26,21.08],[92.18,21.16],[92.22,21.24],[92.2,21.31],[92.26,21.36],[92.27,21.43],[92.32,21.42],[92.38,21.48],[92.43,21.43],[92.43,21.38],[92.48,21.35],[92.56,21.38],[92.6,21.24],[92.68,21.29],[92.65,21.36],[92.63,21.5],[92.6,21.7],[92.61,21.85],[92.63,21.87],[92.61,21.97],[92.58,22.12],[92.61,22.14],[92.54,22.49],[92.52,22.72],[92.48,22.75],[92.46,22.86],[92.37,22.97],[92.39,23.06],[92.36,23.1],[92.35,23.23],[92.4,23.24],[92.38,23.35],[92.32,23.49],[92.31,23.58],[92.27,23.64],[92.28,23.73],[92.2,23.7],[92.14,23.73],[92.07,23.65],[92,23.67],[91.98,23.74],[91.93,23.68],[91.95,23.62],[91.97,23.48],[91.85,23.41],[91.76,23.31],[91.81,23.14],[91.83,23.09],[91.72,22.99],[91.64,22.97],[91.62,22.94],[91.56,22.98],[91.55,23.04],[91.5,23.15],[91.5,23.19],[91.42,23.26],[91.38,23.19],[91.41,23.08],[91.37,23.07],[91.33,23.16],[91.32,23.24],[91.29,23.32],[91.3,23.35],[91.26,23.44],[91.25,23.49],[91.17,23.59],[91.16,23.69],[91.17,23.75],[91.21,23.75],[91.25,23.83],[91.23,23.88],[91.27,23.96],[91.36,23.98],[91.4,24.05],[91.38,24.11],[91.47,24.1],[91.59,24.07],[91.64,24.11],[91.65,24.17],[91.73,24.14],[91.76,24.15],[91.75,24.24],[91.82,24.21],[91.91,24.14],[91.95,24.26],[91.92,24.33],[92,24.39],[92.09,24.37],[92.17,24.44],[92.17,24.53],[92.23,24.53],[92.26,24.68],[92.3,24.73],[92.25,24.91],[92.42,24.85],[92.5,24.9],[92.42,24.97],[92.43,25.03],[92.35,25.05],[92.23,25.1],[92.19,25.14],[92.05,25.19],[91.98,25.17],[91.91,25.18],[91.71,25.16],[91.64,25.12],[91.58,25.17],[91.48,25.13],[91.26,25.2],[91.07,25.2],[90.93,25.16],[90.85,25.16],[90.77,25.18],[90.7,25.16],[90.63,25.17],[90.53,25.17],[90.45,25.15],[90.17,25.22],[90.12,25.22],[89.97,25.3],[89.84,25.3],[89.82,25.39],[89.86,25.52],[89.88,25.62],[89.84,25.72],[89.83,25.87],[89.89,25.95],[89.82,26.01],[89.8,26.08],[89.74,26.16],[89.68,26.16],[89.66,26.22],[89.6,26.15],[89.64,26.06],[89.59,26.04],[89.59,25.98],[89.52,26.01],[89.36,26.01],[89.25,26.06],[89.23,26.12],[89.16,26.14],[89.15,26.21],[89.09,26.39],[88.98,26.42],[88.91,26.37],[88.98,26.31],[89.04,26.28],[89.05,26.24],[88.95,26.24],[88.92,26.29],[88.88,26.29],[88.84,26.23],[88.8,26.31],[88.67,26.27],[88.7,26.34],[88.65,26.43],[88.56,26.46],[88.45,26.54],[88.4,26.63],[88.35,26.51],[88.42,26.47],[88.48,26.46],[88.52,26.36],[88.43,26.33],[88.35,26.28],[88.32,26.2],[88.18,26.15],[88.16,26.1],[88.19,26.06],[88.09,25.93],[88.1,25.83],[88.17,25.79],[88.24,25.81],[88.36,25.72],[88.4,25.67],[88.45,25.66],[88.45,25.6],[88.55,25.52],[88.6,25.52],[88.65,25.48],[88.71,25.48],[88.76,25.53],[88.83,25.49],[88.84,25.37],[88.92,25.31],[89.01,25.3],[88.95,25.25],[88.95,25.18],[88.87,25.18],[88.83,25.21],[88.8,25.17],[88.72,25.21],[88.62,25.21],[88.58,25.18],[88.48,25.21],[88.44,25.2],[88.46,25.08],[88.44,25.01],[88.34,24.87],[88.26,24.89],[88.23,24.96],[88.17,24.95],[88.16,24.86],[88.11,24.81],[88.06,24.73],[88.01,24.67],[88.08,24.63],[88.11,24.52],[88.37,24.41],[88.5,24.32],[88.65,24.29],[88.71,24.3],[88.74,24.24],[88.74,24.19],[88.7,24.15],[88.7,24.08],[88.75,24.03],[88.72,24],[88.74,23.92],[88.67,23.87],[88.59,23.87],[88.59,23.8],[88.56,23.71],[88.59,23.64],[88.64,23.61],[88.65,23.56],[88.75,23.48],[88.72,23.26],[88.81,23.26],[88.85,23.23],[88.91,23.23],[88.94,23.21],[88.92,23.13],[88.87,23.1],[88.88,23.04],[88.87,23],[88.91,22.88],[88.95,22.88],[88.96,22.82],[88.91,22.76],[88.96,22.68],[88.93,22.64],[89,22.43],[88.99,22.33],[89.07,22.19],[89.04,22.1],[89.08,21.99],[89.07,21.93],[89.03,21.92],[89.04,21.84],[89.04,21.77],[89.17,21.57],[89.19,21.44]]],[[[80.18,42.21],[80.08,42.34],[79.98,42.38],[79.97,42.43],[79.79,42.45],[79.7,42.48],[79.64,42.45],[79.5,42.46],[79.34,42.6],[79.27,42.62],[79.18,42.7],[79.17,42.76],[79.2,42.8],[79.03,42.76],[78.87,42.8],[78.66,42.82],[78.61,42.86],[78.5,42.9],[78.35,42.86],[78.2,42.88],[78.17,42.86],[77.97,42.85],[77.78,42.91],[77.7,42.9],[77.58,42.92],[77.55,42.94],[77.42,42.93],[77.35,42.9],[77.25,42.91],[77.15,42.97],[77,42.98],[76.84,42.97],[76.71,42.9],[76.52,42.92],[76.49,42.89],[76.34,42.86],[76.3,42.91],[76.2,42.93],[76.03,42.91],[75.94,42.96],[75.82,42.94],[75.76,42.83],[75.72,42.8],[75.57,42.83],[75.34,42.86],[75.23,42.85],[75.04,42.92],[74.85,43],[74.75,42.99],[74.62,43.09],[74.58,43.13],[74.42,43.17],[74.31,43.22],[74.04,43.17],[73.97,43.22],[73.91,43.11],[73.83,43.13],[73.69,43.07],[73.55,43.03],[73.53,42.94],[73.5,42.92],[73.51,42.85],[73.5,42.77],[73.42,42.64],[73.43,42.52],[73.52,42.42],[73.38,42.42],[73.31,42.44],[73.32,42.5],[73.13,42.54],[72.98,42.53],[72.84,42.55],[72.74,42.65],[72.59,42.69],[72.5,42.67],[72.46,42.7],[72.28,42.76],[72.12,42.74],[71.94,42.81],[71.84,42.84],[71.68,42.82],[71.6,42.77],[71.54,42.81],[71.47,42.79],[71.38,42.8],[71.37,42.76],[71.27,42.74],[71.18,42.66],[71.18,42.61],[71,42.59],[71.08,42.47],[70.98,42.5],[70.96,42.4],[70.87,42.32],[70.89,42.28],[70.99,42.25],[71.03,42.29],[71.13,42.28],[71.27,42.2],[71.22,42.14],[71.17,42.14],[71.03,42.07],[70.99,42.03],[70.87,42.05],[70.84,42],[70.85,41.94],[70.66,41.91],[70.6,41.82],[70.53,41.8],[70.5,41.72],[70.4,41.68],[70.37,41.65],[70.21,41.57],[70.17,41.52],[70.24,41.49],[70.3,41.52],[70.41,41.47],[70.49,41.4],[70.67,41.47],[70.78,41.39],[70.78,41.22],[70.84,41.25],[70.96,41.17],[71.04,41.19],[71.13,41.14],[71.2,41.19],[71.27,41.17],[71.28,41.1],[71.38,41.13],[71.45,41.16],[71.44,41.25],[71.47,41.3],[71.56,41.29],[71.64,41.34],[71.68,41.42],[71.65,41.48],[71.72,41.55],[71.73,41.44],[71.83,41.39],[71.91,41.28],[71.86,41.2],[71.89,41.17],[72.07,41.12],[72.18,41.16],[72.21,41.06],[72.17,40.99],[72.24,41],[72.34,41.05],[72.44,41.03],[72.49,40.98],[72.55,40.96],[72.59,40.91],[72.57,40.88],[72.71,40.85],[72.83,40.86],[72.94,40.8],[73.01,40.85],[73.14,40.84],[73.19,40.77],[73.1,40.76],[72.99,40.76],[72.95,40.73],[72.79,40.67],[72.74,40.58],[72.66,40.58],[72.67,40.52],[72.48,40.55],[72.38,40.52],[72.44,40.48],[72.39,40.4],[72.25,40.48],[72.16,40.48],[72.05,40.37],[71.97,40.32],[72,40.28],[71.96,40.24],[71.88,40.26],[71.72,40.17],[71.69,40.19],[71.7,40.24],[71.62,40.27],[71.61,40.21],[71.51,40.23],[71.51,40.27],[71.43,40.28],[71.37,40.32],[71.31,40.31],[71.27,40.34],[71.13,40.34],[71.08,40.3],[70.96,40.29],[70.99,40.22],[70.87,40.17],[70.8,40.17],[70.78,40.13],[70.66,40.1],[70.66,40.06],[70.62,39.99],[70.52,39.96],[70.51,39.96],[70.58,40],[70.51,40.05],[70.44,40.05],[70.29,40.13],[70.16,40.15],[70,40.23],[69.96,40.21],[69.76,40.18],[69.68,40.12],[69.51,40.08],[69.51,40.03],[69.54,39.94],[69.47,39.92],[69.43,39.99],[69.39,40],[69.3,39.92],[69.33,39.88],[69.26,39.81],[69.34,39.7],[69.32,39.67],[69.34,39.54],[69.4,39.56],[69.45,39.53],[69.57,39.55],[69.6,39.59],[69.7,39.6],[69.89,39.54],[69.98,39.57],[70,39.54],[70.1,39.59],[70.18,39.55],[70.3,39.53],[70.36,39.59],[70.42,39.57],[70.52,39.62],[70.65,39.58],[70.69,39.52],[70.75,39.49],[70.77,39.4],[70.83,39.39],[70.94,39.42],[71.06,39.41],[71.1,39.52],[71.19,39.51],[71.26,39.55],[71.41,39.57],[71.51,39.61],[71.57,39.56],[71.54,39.51],[71.59,39.45],[71.78,39.46],[71.81,39.4],[71.75,39.33],[71.8,39.27],[71.9,39.29],[71.98,39.35],[72.07,39.35],[72.11,39.27],[72.17,39.27],[72.22,39.18],[72.28,39.23],[72.3,39.29],[72.34,39.33],[72.47,39.35],[72.48,39.38],[72.62,39.4],[72.7,39.39],[72.88,39.35],[73.05,39.35],[73.11,39.38],[73.16,39.35],[73.35,39.39],[73.39,39.45],[73.5,39.47],[73.6,39.46],[73.59,39.41],[73.54,39.31],[73.57,39.24],[73.61,39.25],[73.66,39.16],[73.72,39.11],[73.75,39.03],[73.81,39.04],[73.85,38.95],[73.76,38.94],[73.7,38.88],[73.77,38.78],[73.74,38.73],[73.81,38.66],[73.8,38.61],[73.9,38.58],[73.92,38.54],[73.99,38.52],[74.04,38.54],[74.12,38.64],[74.28,38.6],[74.51,38.47],[74.64,38.45],[74.7,38.42],[74.67,38.38],[74.71,38.29],[74.71,38.21],[74.8,38.2],[74.82,38.08],[74.87,38.03],[74.92,38.02],[74.91,37.86],[75.01,37.78],[74.9,37.67],[74.94,37.6],[74.93,37.57],[75.03,37.5],[75.06,37.52],[75.15,37.42],[75.09,37.37],[75.13,37.32],[74.91,37.27],[74.89,37.23],[74.81,37.21],[74.75,37.28],[74.66,37.23],[74.5,37.24],[74.46,37.15],[74.48,37.1],[74.56,37.03],[74.7,37.09],[74.74,37.02],[74.84,37.02],[74.92,36.98],[75.13,37.01],[75.24,36.96],[75.29,36.98],[75.36,36.96],[75.42,36.89],[75.42,36.77],[75.47,36.72],[75.53,36.77],[75.64,36.77],[75.72,36.75],[75.87,36.67],[75.94,36.6],[75.92,36.57],[75.99,36.51],[76.04,36.41],[75.98,36.34],[76.02,36.3],[76.03,36.24],[76,36.17],[75.93,36.14],[75.96,36.05],[76,36.02],[76.08,36.02],[76.16,35.92],[76.14,35.85],[76.35,35.83],[76.45,35.88],[76.6,35.9],[76.56,35.82],[76.62,35.76],[76.68,35.76],[76.78,35.66],[76.85,35.67],[76.96,35.6],[77.07,35.59],[77.2,35.52],[77.3,35.55],[77.38,35.47],[77.45,35.46],[77.56,35.49],[77.63,35.46],[77.72,35.46],[77.81,35.52],[77.91,35.46],[77.97,35.5],[78.1,35.5],[78.1,35.43],[78.01,35.36],[78.02,35.22],[78.1,35.17],[78.1,35.12],[78.14,35.08],[78.11,35.03],[78.2,34.97],[78.18,34.93],[78.24,34.87],[78.21,34.72],[78.27,34.7],[78.29,34.62],[78.39,34.61],[78.55,34.57],[78.56,34.51],[78.64,34.54],[78.71,34.53],[78.74,34.45],[78.88,34.4],[78.95,34.39],[79.04,34.33],[79.01,34.4],[79.16,34.44],[79.23,34.42],[79.33,34.44],[79.6,34.47],[79.67,34.45],[79.7,34.49],[79.77,34.47],[79.82,34.49],[79.89,34.64],[79.9,34.73],[79.94,34.8],[79.93,34.86],[80,34.86],[80.04,34.9],[80.02,34.97],[80.08,35.08],[80.12,35.07],[80.24,35.15],[80.26,35.2],[80.33,35.23],[80.27,35.3],[80.29,35.36],[80.45,35.42],[80.5,35.4],[80.6,35.41],[80.69,35.37],[80.7,35.34],[80.84,35.35],[80.95,35.31],[81.03,35.31],[81.03,35.39],[81.1,35.41],[81.2,35.33],[81.43,35.36],[81.57,35.24],[81.67,35.23],[81.8,35.28],[81.86,35.26],[82.01,35.33],[82.05,35.36],[82.04,35.45],[82.13,35.48],[82.26,35.55],[82.33,35.57],[82.33,35.65],[82.39,35.66],[82.41,35.7],[82.47,35.72],[82.63,35.69],[82.73,35.64],[82.79,35.69],[82.88,35.69],[82.96,35.67],[82.97,35.55],[83,35.49],[83.06,35.46],[83.12,35.4],[83.19,35.39],[83.25,35.42],[83.39,35.38],[83.48,35.4],[83.62,35.34],[83.68,35.37],[83.88,35.37],[83.91,35.41],[83.99,35.42],[84.06,35.41],[84.09,35.36],[84.18,35.36],[84.21,35.38],[84.33,35.41],[84.45,35.48],[84.45,35.55],[84.7,35.62],[84.84,35.64],[84.85,35.67],[84.97,35.7],[85.05,35.75],[85.14,35.74],[85.27,35.79],[85.39,35.7],[85.52,35.68],[85.57,35.64],[85.61,35.65],[85.65,35.73],[85.81,35.78],[85.95,35.78],[86.09,35.88],[86.14,36],[86.2,36.03],[86.19,36.13],[86.28,36.17],[86.36,36.17],[86.39,36.21],[86.45,36.22],[86.51,36.21],[86.7,36.25],[86.74,36.29],[86.83,36.29],[86.93,36.27],[86.99,36.31],[87.15,36.3],[87.19,36.35],[87.3,36.36],[87.42,36.43],[87.47,36.35],[87.57,36.34],[87.73,36.38],[87.77,36.38],[87.94,36.4],[87.96,36.43],[88.13,36.43],[88.24,36.47],[88.36,36.46],[88.47,36.48],[88.51,36.45],[88.57,36.46],[88.62,36.39],[88.71,36.36],[88.78,36.29],[88.84,36.35],[88.93,36.36],[88.96,36.32],[89.03,36.31],[89.13,36.25],[89.2,36.26],[89.23,36.3],[89.3,36.23],[89.37,36.23],[89.49,36.15],[89.68,36.09],[89.79,36.07],[89.91,36.08],[89.94,36.13],[90.01,36.18],[90.03,36.26],[90.13,36.25],[90.13,36.21],[90.23,36.16],[90.33,36.16],[90.42,36.13],[90.53,36.15],[90.66,36.13],[90.77,36.09],[90.85,36.02],[90.93,36.03],[90.99,36.11],[91.08,36.09],[91.12,36.12],[91.09,36.17],[91.09,36.22],[91.04,36.26],[91.07,36.3],[91.02,36.33],[91.03,36.4],[91.03,36.54],[90.81,36.59],[90.73,36.59],[90.7,36.69],[90.74,36.74],[90.72,36.8],[90.86,36.92],[90.99,36.91],[91.05,36.97],[91.11,36.97],[91.13,37.01],[91.31,37.01],[91.29,37.05],[91.28,37.16],[91.19,37.21],[91.19,37.28],[91.13,37.32],[91.1,37.45],[91,37.49],[90.96,37.48],[90.86,37.54],[90.88,37.58],[90.79,37.64],[90.57,37.72],[90.52,37.73],[90.51,38.21],[90.53,38.32],[90.36,38.3],[90.35,38.24],[90.28,38.24],[90.15,38.33],[90.18,38.4],[90.11,38.41],[90.13,38.49],[90.31,38.5],[90.42,38.49],[90.46,38.56],[90.53,38.57],[90.64,38.63],[90.97,38.7],[91.09,38.71],[91.27,38.74],[91.45,38.81],[91.61,38.84],[91.64,38.85],[91.88,38.88],[91.97,38.93],[92.17,38.96],[92.26,39],[92.38,39],[92.42,39.02],[92.34,39.14],[92.34,39.24],[92.52,39.36],[92.64,39.51],[92.74,39.87],[92.8,40.15],[92.91,40.31],[92.92,40.39],[92.93,40.57],[93.51,40.65],[93.76,40.66],[93.82,40.79],[93.81,40.88],[93.91,40.98],[94.01,41.11],[94.18,41.27],[94.53,41.5],[94.75,41.54],[94.86,41.67],[94.97,41.72],[95.11,41.77],[95.2,41.72],[95.25,41.61],[95.3,41.56],[95.34,41.65],[95.4,41.69],[95.57,41.79],[95.68,41.83],[95.86,41.85],[96.01,41.91],[96.11,41.98],[96.14,42.05],[96.08,42.15],[96.18,42.22],[96.04,42.33],[96.06,42.41],[95.98,42.44],[96.02,42.48],[96.02,42.54],[96.1,42.6],[96.16,42.62],[96.39,42.72],[96.36,42.9],[95.91,43.24],[95.88,43.28],[95.86,43.41],[95.74,43.59],[95.65,43.78],[95.62,43.85],[95.52,44.01],[95.44,44.01],[95.33,44.04],[95.37,44.23],[95.41,44.29],[95,44.25],[94.94,44.29],[94.71,44.35],[94.61,44.44],[94.46,44.51],[94.36,44.51],[94.33,44.58],[94.21,44.67],[94.06,44.73],[93.73,44.86],[93.67,44.91],[93.52,44.96],[93.43,44.96],[93.37,44.99],[93.29,44.98],[93.2,45],[93.17,45.01],[92.93,45.02],[92.88,45.05],[92.78,45.05],[92.64,45.02],[92.49,45],[92.31,45.03],[92.23,45.01],[92.06,45.08],[91.8,45.08],[91.69,45.06],[91.49,45.1],[91.43,45.16],[91.37,45.11],[91.24,45.13],[91.12,45.21],[91,45.21],[90.93,45.19],[90.89,45.25],[90.81,45.32],[90.77,45.43],[90.67,45.49],[90.68,45.61],[90.72,45.73],[90.85,45.89],[91.02,46.02],[91.01,46.12],[90.89,46.31],[90.97,46.36],[91.01,46.46],[91.07,46.56],[91.01,46.58],[91.05,46.72],[90.94,46.83],[90.96,46.88],[90.9,46.96],[90.78,46.99],[90.62,47.16],[90.59,47.17],[90.48,47.31],[90.52,47.38],[90.46,47.41],[90.47,47.49],[90.4,47.54],[90.3,47.69],[90.14,47.72],[90.07,47.79],[90.07,47.87],[89.96,47.89],[89.95,47.83],[89.76,47.83],[89.73,47.9],[89.65,47.91],[89.59,47.97],[89.58,48.03],[89.4,48.03],[89.29,48.01],[89.23,47.98],[89.16,48],[89.06,47.99],[89.01,48.05],[88.91,48.11],[88.82,48.1],[88.71,48.17],[88.64,48.18],[88.57,48.28],[88.6,48.34],[88.51,48.38],[88.44,48.39],[88.36,48.46],[88.24,48.5],[87.97,48.58],[88.07,48.68],[88,48.76],[87.94,48.76],[87.82,48.8],[87.75,48.91],[87.9,48.98],[87.83,49.05],[87.87,49.11],[87.82,49.17],[87.7,49.17],[87.57,49.13],[87.44,49.07],[87.29,49.12],[87.1,49.15],[86.89,49.13],[86.85,49.07],[86.75,49.01],[86.73,48.95],[86.76,48.89],[86.82,48.86],[86.76,48.8],[86.77,48.72],[86.64,48.63],[86.58,48.54],[86.41,48.48],[86.32,48.49],[86.23,48.43],[85.91,48.44],[85.79,48.42],[85.73,48.37],[85.66,48.24],[85.56,48.15],[85.54,48.01],[85.61,47.54],[85.61,47.51],[85.68,47.43],[85.68,47.22],[85.58,47.14],[85.53,47.05],[85.3,47.06],[85.22,47.05],[85.19,47.01],[85.1,46.96],[85.08,46.93],[84.98,46.92],[84.94,46.86],[84.85,46.95],[84.71,47.01],[84.58,47],[84.51,46.98],[84.44,47.01],[84.26,47],[84.06,46.97],[83.98,47],[83.92,46.97],[83.78,47.02],[83.7,47.02],[83.58,47.06],[83.46,47.13],[83.41,47.12],[83.35,47.17],[83.24,47.18],[83.15,47.23],[83.05,47.23],[82.99,47.06],[82.94,47.02],[82.93,46.97],[82.87,46.83],[82.78,46.67],[82.72,46.49],[82.51,46.15],[82.46,45.98],[82.34,45.94],[82.35,45.8],[82.29,45.71],[82.26,45.62],[82.28,45.54],[82.54,45.42],[82.59,45.34],[82.58,45.22],[82.47,45.18],[82.34,45.21],[82.27,45.24],[82.15,45.22],[82.09,45.24],[81.92,45.23],[81.77,45.39],[81.71,45.36],[81.63,45.36],[81.45,45.26],[81.38,45.26],[81.12,45.22],[81.02,45.16],[80.96,45.17],[80.9,45.13],[80.74,45.16],[80.7,45.13],[80.44,45.1],[80.38,45.04],[80.33,45.07],[80.21,45.02],[80.15,45.05],[80.06,45.04],[80.01,44.98],[79.88,44.91],[79.94,44.85],[80.03,44.8],[80.18,44.82],[80.19,44.75],[80.31,44.7],[80.41,44.61],[80.35,44.48],[80.38,44.38],[80.41,44.25],[80.4,44.11],[80.45,44.07],[80.45,43.99],[80.51,43.91],[80.52,43.82],[80.69,43.57],[80.75,43.47],[80.73,43.39],[80.68,43.33],[80.78,43.31],[80.77,43.27],[80.81,43.18],[80.78,43.14],[80.66,43.15],[80.59,43.14],[80.49,43.07],[80.38,43.05],[80.39,43],[80.6,42.89],[80.45,42.86],[80.41,42.84],[80.28,42.84],[80.22,42.71],[80.16,42.62],[80.22,42.53],[80.21,42.47],[80.24,42.34],[80.28,42.23],[80.18,42.21]],[[70.72,39.83],[70.62,39.78],[70.53,39.84],[70.54,39.89],[70.66,39.87],[70.72,39.83]],[[71.1,39.89],[71.11,39.96],[71.01,40.04],[71.02,40.12],[71.08,40.15],[71.12,40.03],[71.18,40.03],[71.17,39.96],[71.2,39.9],[71.1,39.89]]],[[[75.69,54.12],[75.69,54.55],[75.8,54.54],[75.82,54.67],[75.69,54.7],[75.64,54.81],[75.55,54.82],[75.49,54.88],[75.33,54.91],[75.38,54.99],[75.37,55.07],[75.25,55.15],[75.28,55.24],[75.18,55.35],[75.09,55.38],[75.16,55.45],[75.32,55.5],[75.29,55.56],[75.22,55.54],[75.14,55.58],[75.25,55.64],[75.12,55.69],[75.1,55.76],[75.23,55.73],[75.37,55.74],[75.35,55.8],[75.26,55.84],[75.32,55.9],[75.42,55.93],[75.53,56.01],[75.65,56.04],[75.73,56.11],[75.96,56.12],[76.01,56.16],[76.14,56.12],[76.3,56.16],[76.17,56.28],[76.08,56.33],[76.08,56.41],[76.05,56.46],[75.92,56.45],[75.85,56.5],[75.96,56.51],[76.04,56.61],[76.15,56.62],[76.14,56.66],[76.29,56.7],[76.26,56.84],[76.26,56.89],[76.2,56.95],[76.09,57.24],[75.97,57.39],[75.85,57.39],[75.7,57.62],[75.55,57.63],[75.58,57.88],[75.57,57.93],[75.3,58.03],[75.07,58.12],[75.24,58.2],[75.06,58.34],[75.38,58.45],[75.11,58.58],[74.95,58.49],[74.91,58.43],[74.81,58.41],[74.66,58.35],[74.63,58.29],[74.46,58.24],[74.22,58.14],[73.48,58.14],[73.13,58.16],[72.95,58.07],[72.87,58],[72.33,58.01],[72.17,58.01],[72.09,58.09],[71.98,58.12],[71.26,58.05],[71.21,58.11],[71.24,58.33],[71.31,58.38],[71.19,58.42],[71.05,58.51],[70.85,58.52],[70.43,57.95],[70.43,57.84],[70.39,57.78],[70.48,57.77],[70.56,57.72],[70.6,57.58],[70.66,57.58],[70.69,57.52],[70.58,57.46],[70.42,57.42],[70.37,57.33],[70.46,57.28],[70.61,57.28],[70.65,57.2],[70.78,57.28],[70.79,57.36],[71.07,57.35],[71.05,57.29],[71.12,57.2],[71.23,57.17],[71.3,57.09],[71.6,56.93],[71.68,56.77],[71.58,56.74],[71.55,56.67],[71.38,56.68],[71.37,56.63],[71.12,56.65],[71.08,56.52],[70.98,56.46],[70.8,56.45],[70.93,56.38],[70.93,56.32],[70.73,56.25],[70.9,56.11],[70.87,55.96],[70.81,55.9],[70.48,55.91],[70.47,55.85],[70.6,55.84],[70.7,55.8],[70.59,55.76],[70.53,55.69],[70.56,55.65],[70.71,55.63],[70.76,55.58],[70.67,55.49],[70.57,55.49],[70.44,55.41],[70.5,55.33],[70.48,55.27],[70.62,55.25],[70.7,55.29],[70.79,55.29],[70.92,55.13],[70.99,55.07],[71.01,54.97],[70.96,54.89],[71.02,54.85],[71.01,54.81],[71.1,54.7],[71.21,54.7],[71.29,54.67],[71.29,54.61],[71.19,54.6],[71.17,54.46],[71.23,54.35],[71.2,54.31],[71.11,54.34],[71,54.34],[71,54.28],[71.07,54.27],[71.07,54.21],[71.14,54.16],[71.18,54.09],[71.27,54.15],[71.3,54.18],[71.49,54.16],[71.49,54.1],[71.61,54.12],[71.72,54.11],[71.76,54.15],[71.73,54.19],[71.75,54.25],[71.89,54.23],[71.95,54.24],[72.07,54.2],[72.1,54.15],[72.18,54.12],[72.22,54.18],[72.09,54.22],[72.14,54.31],[72.19,54.35],[72.28,54.32],[72.3,54.19],[72.42,54.15],[72.44,54.12],[72.4,54.05],[72.42,54],[72.37,53.94],[72.49,53.9],[72.55,53.98],[72.71,53.95],[72.68,54.04],[72.57,54.05],[72.56,54.12],[72.61,54.14],[72.83,54.12],[72.83,54.1],[72.99,54.1],[72.98,54.05],[73.06,54.04],[73.07,53.99],[73.28,53.94],[73.51,53.94],[73.52,54],[73.61,54.01],[73.7,54.07],[73.77,54.05],[73.69,53.86],[73.45,53.88],[73.45,53.81],[73.36,53.77],[73.32,53.68],[73.24,53.57],[73.4,53.52],[73.36,53.47],[73.44,53.44],[73.65,53.55],[73.67,53.61],[73.82,53.58],[73.9,53.65],[74.07,53.63],[74.05,53.57],[74.15,53.55],[74.16,53.6],[74.29,53.56],[74.29,53.49],[74.39,53.46],[74.49,53.58],[74.42,53.59],[74.46,53.69],[74.63,53.67],[74.67,53.76],[74.76,53.74],[74.79,53.83],[74.98,53.82],[75.05,53.8],[75.38,53.96],[75.43,54.01],[75.38,54.07],[75.53,54.11],[75.6,54.1],[75.69,54.12]]],[[[90.8,28.05],[90.69,28.08],[90.58,28.02],[90.51,28.07],[90.37,28.07],[90.32,28.14],[90.28,28.16],[90.21,28.15],[90.16,28.19],[90.12,28.14],[90.02,28.14],[89.98,28.19],[89.9,28.18],[89.82,28.24],[89.72,28.17],[89.6,28.16],[89.51,28.09],[89.46,28.03],[89.45,27.98],[89.39,27.89],[89.3,27.85],[89.23,27.78],[89.17,27.67],[89.13,27.61],[89.16,27.58],[89.1,27.52],[88.98,27.49],[88.96,27.44],[88.98,27.36],[88.92,27.33],[88.91,27.27],[88.8,27.25],[88.76,27.17],[88.77,27.14],[88.85,27.11],[88.88,27.07],[88.87,26.95],[88.92,26.99],[88.98,26.92],[89.02,26.94],[89.1,26.89],[89.13,26.81],[89.26,26.82],[89.32,26.85],[89.38,26.86],[89.46,26.81],[89.56,26.81],[89.65,26.78],[89.68,26.74],[89.77,26.7],[89.86,26.7],[89.9,26.72],[90.04,26.73],[90.19,26.77],[90.18,26.8],[90.23,26.86],[90.3,26.85],[90.36,26.9],[90.42,26.9],[90.55,26.82],[90.69,26.77],[91,26.79],[91.05,26.78],[91.1,26.82],[91.23,26.81],[91.34,26.78],[91.41,26.84],[91.5,26.79],[91.63,26.82],[91.72,26.81],[91.82,26.86],[91.89,26.92],[91.99,26.86],[92.06,26.85],[92.12,26.89],[92.12,26.97],[92.08,27.04],[92.04,27.05],[92.03,27.16],[92.07,27.24],[92.12,27.29],[92.06,27.33],[92.06,27.4],[92.02,27.48],[91.78,27.47],[91.65,27.48],[91.57,27.58],[91.57,27.66],[91.63,27.7],[91.64,27.77],[91.61,27.82],[91.57,27.82],[91.59,27.91],[91.48,27.94],[91.47,28.01],[91.31,28.06],[91.25,27.97],[91.19,27.99],[91.16,27.99],[91.03,28.02],[90.98,28],[90.93,28.04],[90.8,28.05]]],[[[71.68,-5.31],[71.7,-5.37],[71.7,-5.45],[71.72,-5.49],[71.83,-5.51],[71.99,-5.42],[72.02,-5.38],[72.02,-5.25],[72,-5.2],[71.95,-5.19],[71.88,-5.22],[71.84,-5.19],[71.75,-5.2],[71.71,-5.23],[71.68,-5.31]]],[[[72.15,-5.37],[72.22,-5.42],[72.32,-5.36],[72.31,-5.28],[72.27,-5.25],[72.19,-5.28],[72.15,-5.34],[72.15,-5.37]]],[[[72.31,-5.73],[72.37,-5.7],[72.35,-5.64],[72.3,-5.63],[72.26,-5.67],[72.31,-5.73]]],[[[71.49,-6.09],[71.46,-6.16],[71.53,-6.22],[71.59,-6.2],[71.59,-6.16],[71.53,-6.09],[71.49,-6.09]]],[[[71.28,-6.17],[71.25,-6.22],[71.25,-6.27],[71.32,-6.28],[71.39,-6.2],[71.39,-6.15],[71.35,-6.13],[71.28,-6.17]]],[[[71.19,-6.37],[71.21,-6.44],[71.27,-6.44],[71.29,-6.4],[71.28,-6.35],[71.24,-6.33],[71.19,-6.37]]],[[[71.41,-6.64],[71.33,-6.59],[71.26,-6.63],[71.3,-6.71],[71.38,-6.74],[71.44,-6.71],[71.41,-6.64]]],[[[72.35,-7.33],[72.38,-7.36],[72.38,-7.47],[72.43,-7.49],[72.47,-7.48],[72.53,-7.42],[72.54,-7.37],[72.53,-7.26],[72.47,-7.2],[72.39,-7.18],[72.32,-7.23],[72.31,-7.3],[72.35,-7.33]]]]},"properties":{"tzid":"Asia/Dhaka"}},
{"type":"Feature","geometry":{"type":"MultiPolygon","coordinates":[[[[140.33,29.99],[140.26,29.98],[140.17,29.93],[140.12,29.86],[140.11,29.79],[140.14,29.71],[140.23,29.62],[140.34,29.59],[140.41,29.6],[140.53,29.68],[140.57,29.75],[140.57,29.8],[140.53,29.9],[140.45,29.97],[140.33,29.99]]],[[[139.91,32.09],[139.8,32.06],[139.74,32.02],[139.7,31.96],[139.68,31.88],[139.73,31.77],[139.83,31.7],[139.94,31.69],[140.01,31.7],[140.1,31.76],[140.15,31.85],[140.15,31.92],[140.12,31.99],[140.07,32.04],[139.99,32.08],[139.91,32.09]]],[[[140.04,31.64],[139.96,31.63],[139.87,31.57],[139.82,31.47],[139.82,31.39],[139.85,31.33],[139.91,31.28],[140.04,31.24],[140.15,31.26],[140.24,31.32],[140.29,31.41],[140.28,31.49],[140.23,31.57],[140.14,31.63],[140.04,31.64]]],[[[140.84,27.45],[140.75,27.42],[140.69,27.36],[140.65,27.25],[140.66,27.18],[140.7,27.12],[140.78,27.06],[140.89,27.04],[140.95,27.06],[141.04,27.11],[141.09,27.19],[141.11,27.25],[141.09,27.32],[141.02,27.41],[140.9,27.45],[140.84,27.45]]],[[[129.73,34.6],[129.74,34.7],[129.72,34.76],[129.65,34.85],[129.6,34.89],[129.27,34.68],[129.22,34.57],[129,33.95],[129.07,33.91],[129.24,34.04],[129.28,34.06],[129.69,34.42],[129.73,34.6]]],[[[128,27.94],[128,27.83],[128.04,27.76],[128.08,27.71],[128.17,27.67],[128.28,27.66],[128.35,27.69],[128.42,27.75],[128.46,27.82],[128.46,27.91],[128.41,28],[128.34,28.06],[128.27,28.08],[128.16,28.08],[128.04,28],[128,27.94]]],[[[141.07,24.74],[141.08,24.67],[141.13,24.6],[141.2,24.56],[141.29,24.55],[141.37,24.56],[141.5,24.64],[141.55,24.7],[141.57,24.78],[141.55,24.87],[141.5,24.94],[141.41,25],[141.32,25.01],[141.2,24.99],[141.13,24.95],[141.08,24.88],[141.07,24.74]]],[[[141.46,24.45],[141.37,24.43],[141.3,24.39],[141.26,24.32],[141.24,24.23],[141.25,24.15],[141.3,24.08],[141.37,24.04],[141.46,24.03],[141.55,24.04],[141.63,24.09],[141.67,24.15],[141.69,24.24],[141.68,24.32],[141.63,24.38],[141.56,24.43],[141.46,24.45]]],[[[122.89,24.25],[123.02,24.24],[123.13,24.27],[123.2,24.32],[123.26,24.43],[123.25,24.53],[123.21,24.59],[123.16,24.63],[123,24.67],[122.89,24.66],[122.77,24.59],[122.72,24.5],[122.73,24.38],[122.81,24.28],[122.89,24.25]]],[[[141.05,25.43],[141.07,25.35],[141.13,25.28],[141.2,25.23],[141.28,25.22],[141.36,25.23],[141.45,25.29],[141.5,25.35],[141.51,25.43],[141.49,25.52],[141.45,25.59],[141.37,25.63],[141.28,25.65],[141.2,25.63],[141.12,25.58],[141.07,25.52],[141.05,25.43]]],[[[135.85,20.42],[135.87,20.35],[135.92,20.28],[135.99,20.24],[136.1,20.21],[136.18,20.23],[136.25,20.27],[136.31,20.35],[136.32,20.42],[136.31,20.5],[136.26,20.56],[136.18,20.61],[136.1,20.63],[135.99,20.61],[135.92,20.56],[135.87,20.5],[135.85,20.42]]],[[[131.49,25.8],[131.52,25.84],[131.55,25.95],[131.54,26.03],[131.5,26.09],[131.44,26.13],[131.36,26.15],[131.27,26.16],[131.19,26.14],[131.11,26.08],[131.02,25.96],[130.99,25.84],[131,25.77],[131.03,25.71],[131.11,25.64],[131.18,25.62],[131.27,25.62],[131.4,25.66],[131.47,25.74],[131.49,25.8]]],[[[139.52,32.45],[139.56,32.34],[139.61,32.29],[139.71,32.25],[139.85,32.26],[139.93,32.29],[139.98,32.34],[140.02,32.46],[140,32.54],[139.94,32.61],[139.8,32.67],[139.67,32.66],[139.56,32.58],[139.52,32.51],[139.52,32.45]]],[[[140.05,30.47],[140.09,30.38],[140.16,30.31],[140.27,30.27],[140.38,30.29],[140.47,30.33],[140.52,30.38],[140.54,30.46],[140.52,30.57],[140.47,30.64],[140.34,30.69],[140.24,30.69],[140.14,30.65],[140.08,30.58],[140.05,30.47]]],[[[139.75,32.86],[139.89,32.85],[139.97,32.88],[140.07,32.99],[140.1,33.06],[140.09,33.13],[140.04,33.28],[139.97,33.34],[139.87,33.37],[139.72,33.36],[139.6,33.33],[139.5,33.27],[139.44,33.17],[139.44,33.08],[139.49,32.99],[139.54,32.95],[139.75,32.86]]],[[[142.03,27.34],[141.98,27.27],[141.94,27.16],[141.94,27.09],[141.95,26.98],[142.01,26.9],[141.94,26.84],[141.9,26.77],[141.89,26.7],[141.91,26.54],[141.98,26.42],[142.04,26.37],[142.17,26.34],[142.3,26.37],[142.38,26.41],[142.44,26.47],[142.47,26.56],[142.46,26.62],[142.37,26.79],[142.31,26.85],[142.38,26.89],[142.44,26.95],[142.48,27.07],[142.46,27.16],[142.4,27.29],[142.36,27.34],[142.43,27.42],[142.44,27.51],[142.41,27.6],[142.4,27.68],[142.35,27.8],[142.29,27.87],[142.18,27.93],[142.1,27.94],[142,27.91],[141.89,27.82],[141.87,27.69],[141.9,27.62],[141.98,27.52],[141.99,27.43],[142.03,27.34]]],[[[131.17,24.67],[131.11,24.66],[131.03,24.61],[130.98,24.56],[130.96,24.47],[130.98,24.4],[131.02,24.34],[131.12,24.27],[131.19,24.26],[131.27,24.28],[131.37,24.34],[131.41,24.41],[131.41,24.52],[131.37,24.59],[131.27,24.66],[131.17,24.67]]],[[[153.79,24.4],[153.76,24.33],[153.75,24.24],[153.79,24.17],[153.85,24.11],[153.93,24.08],[154.02,24.08],[154.11,24.11],[154.2,24.2],[154.2,24.33],[154.17,24.4],[154.08,24.47],[153.98,24.49],[153.88,24.48],[153.79,24.4]]],[[[124.45,24.78],[124.36,24.81],[124.27,24.81],[124.21,24.79],[124.14,24.74],[124.11,24.68],[124.01,24.66],[123.96,24.63],[123.85,24.68],[123.74,24.66],[123.67,24.63],[123.55,24.51],[123.45,24.37],[123.36,24.29],[123.34,24.22],[123.35,24.11],[123.4,24.05],[123.48,24],[123.54,23.99],[123.58,23.94],[123.65,23.88],[123.77,23.85],[123.86,23.86],[123.92,23.88],[123.99,23.94],[124.02,24.02],[124.13,24.05],[124.22,24.13],[124.33,24.16],[124.4,24.21],[124.45,24.27],[124.48,24.39],[124.54,24.49],[124.61,24.45],[124.74,24.44],[124.83,24.47],[124.88,24.5],[124.93,24.57],[124.95,24.69],[125.04,24.63],[125.12,24.55],[125.22,24.52],[125.31,24.51],[125.41,24.53],[125.5,24.52],[125.61,24.56],[125.67,24.61],[125.69,24.66],[125.7,24.75],[125.65,24.86],[125.57,24.92],[125.58,25.02],[125.55,25.08],[125.48,25.15],[125.36,25.18],[125.29,25.17],[125.12,25.11],[125.06,25.06],[124.94,24.93],[124.91,24.85],[124.81,24.93],[124.7,24.96],[124.6,24.95],[124.54,24.91],[124.49,24.85],[124.45,24.78]]],[[[127.46,26.64],[127.4,26.74],[127.29,26.8],[127.19,26.8],[127.12,26.78],[127.03,26.7],[126.99,26.74],[126.89,26.79],[126.81,26.79],[126.73,26.78],[126.66,26.73],[126.62,26.67],[126.61,26.55],[126.54,26.5],[126.51,26.45],[126.49,26.32],[126.55,26.21],[126.7,26.1],[126.82,26.07],[126.9,26.08],[127,26.15],[127.04,26.07],[127.12,25.99],[127.23,25.95],[127.4,25.94],[127.5,25.9],[127.68,25.87],[127.74,25.88],[127.97,25.97],[128.09,26.04],[128.14,26.09],[128.42,26.51],[128.54,26.66],[128.56,26.73],[128.54,26.84],[128.64,26.91],[128.68,26.98],[128.68,27.08],[128.66,27.14],[128.79,27.22],[128.9,27.32],[128.93,27.39],[128.94,27.46],[129.06,27.48],[129.16,27.54],[129.23,27.64],[129.25,27.7],[129.26,27.8],[129.32,27.81],[129.42,27.86],[129.66,28.07],[129.74,28.17],[129.81,28.12],[129.92,28.08],[130.01,28.08],[130.11,28.12],[130.15,28.16],[130.25,28.3],[130.26,28.38],[130.24,28.45],[130.16,28.53],[130.08,28.57],[129.95,28.57],[129.94,28.61],[129.99,28.69],[130.01,28.74],[129.99,28.82],[129.94,28.9],[129.83,28.95],[129.72,28.95],[129.64,28.92],[129.58,28.86],[129.55,28.76],[129.56,28.7],[129.07,28.48],[129.02,28.45],[128.94,28.36],[128.91,28.29],[128.9,28.11],[128.81,28.08],[128.74,28.03],[128.68,27.95],[128.65,27.82],[128.66,27.7],[128.68,27.64],[128.56,27.6],[128.46,27.59],[128.4,27.57],[128.32,27.47],[128.3,27.38],[128.34,27.25],[128.24,27.19],[128.12,27.29],[128.03,27.3],[127.89,27.27],[127.76,27.17],[127.71,27.09],[127.54,26.81],[127.46,26.64]]],[[[145.63,44.33],[145.58,44.45],[145.5,44.51],[145.38,44.54],[145.29,44.54],[145.18,44.51],[145.09,44.45],[144.97,44.33],[144.83,44.25],[144.66,44.12],[144.53,44.13],[144.5,44.19],[144.44,44.26],[144.28,44.31],[144.07,44.33],[143.83,44.38],[143.6,44.46],[143.54,44.52],[143.3,44.64],[143.19,44.71],[143.13,44.76],[142.96,44.88],[142.86,45],[142.78,45.12],[142.71,45.2],[142.65,45.23],[142.49,45.36],[142.43,45.43],[142.04,45.51],[142.02,45.54],[141.92,45.58],[141.18,45.71],[140.94,45.7],[140.84,45.69],[140.72,45.61],[140.68,45.54],[140.68,45.4],[140.9,44.74],[141.01,44.39],[141.05,43.84],[140.17,43.5],[140.12,43.46],[139.59,42.72],[139.21,42.34],[139.13,42.2],[139.07,41.5],[139.12,41.38],[139.2,41.32],[139.7,41.17],[139.86,41.16],[140.24,41.36],[140.87,41.69],[140.94,41.66],[141.09,41.68],[141.4,41.68],[141.45,41.79],[141.45,41.86],[141.3,42.26],[141.35,42.28],[141.59,42.41],[141.78,42.38],[141.92,42.3],[142.03,42.27],[142.08,42.24],[142.26,42.14],[142.53,42.02],[142.7,41.96],[142.83,41.93],[142.92,41.89],[143.01,41.81],[143.1,41.75],[143.21,41.72],[143.37,41.73],[143.47,41.79],[143.51,41.85],[143.53,41.93],[143.57,41.99],[143.61,42.16],[143.62,42.31],[143.67,42.38],[143.79,42.5],[144.07,42.71],[144.25,42.79],[144.42,42.74],[144.59,42.75],[144.74,42.73],[144.97,42.76],[145.63,42.98],[145.75,43.04],[145.92,43.15],[145.9,43.28],[145.82,43.43],[145.69,43.54],[145.53,43.51],[145.43,43.64],[145.26,43.73],[145.24,43.78],[145.28,43.9],[145.5,44.11],[145.59,44.22],[145.63,44.33]]],[[[130.3,30.07],[130.38,30.04],[130.47,30.03],[130.57,30.03],[130.65,30.05],[130.74,30.09],[130.81,30.15],[130.91,30.15],[131.06,30.17],[131.15,30.22],[131.19,30.28],[131.21,30.42],[131.26,30.51],[131.32,30.68],[131.32,30.78],[131.3,30.86],[131.26,30.94],[131.11,30.87],[131.04,30.89],[130.99,30.86],[130.95,30.8],[130.82,30.81],[130.79,30.77],[130.78,30.7],[130.32,30.46],[130.27,30.51],[130.18,30.55],[130.11,30.53],[130.09,30.46],[129.94,30.39],[130.08,30.26],[129.99,30.25],[129.91,30.21],[129.82,30.19],[129.76,30.16],[129.69,30.08],[129.54,30.12],[129.44,30.1],[129.35,30.03],[129.31,29.98],[129.3,29.9],[129.33,29.8],[129.3,29.69],[129.31,29.61],[129.37,29.54],[129.36,29.43],[129.28,29.42],[129.08,29.33],[129.01,29.28],[128.96,29.2],[128.96,29.12],[129,29.04],[128.91,29.02],[128.81,28.95],[128.75,28.86],[128.75,28.78],[128.79,28.67],[128.86,28.62],[129,28.59],[129.07,28.6],[129.15,28.64],[129.22,28.74],[129.23,28.84],[129.21,28.93],[129.29,28.94],[129.37,28.98],[129.42,29.03],[129.51,29.08],[129.56,29.13],[129.59,29.25],[129.67,29.25],[129.76,29.29],[129.84,29.39],[129.85,29.45],[129.92,29.51],[129.97,29.62],[130.07,29.67],[130.13,29.75],[130.15,29.86],[130.21,29.89],[130.27,29.97],[130.3,30.07]]],[[[128.47,32.25],[128.34,32.25],[128.33,32.32],[128.25,32.41],[128.17,32.44],[128.04,32.44],[127.96,32.41],[127.9,32.34],[127.87,32.26],[127.9,32.15],[127.99,32.07],[128.11,32.04],[128.12,31.94],[128.17,31.85],[128.24,31.81],[128.32,31.79],[128.41,31.79],[128.53,31.86],[128.63,31.96],[128.66,32.02],[128.64,32.13],[128.56,32.21],[128.47,32.25]]],[[[139.97,34.71],[140.09,34.76],[140.16,34.82],[140.2,34.88],[140.26,34.92],[140.39,34.95],[140.47,34.98],[140.57,35.06],[140.62,35.13],[140.66,35.32],[140.64,35.39],[140.73,35.49],[140.9,35.49],[141.03,35.54],[141.09,35.6],[141.12,35.7],[141.12,35.76],[141.07,35.85],[141,35.91],[140.94,36.03],[140.86,36.11],[140.82,36.22],[140.88,36.38],[140.89,36.5],[141.03,36.74],[141.15,36.83],[141.22,36.94],[141.29,37.3],[141.3,37.49],[141.28,37.6],[141.29,37.66],[141.27,37.76],[141.76,38.12],[141.83,38.21],[141.98,38.59],[142.17,39.05],[142.31,39.41],[142.33,39.53],[142.33,39.59],[142.24,39.93],[142.25,40],[142.24,40.07],[142.16,40.16],[142.09,40.3],[142,40.45],[141.9,40.56],[141.75,40.7],[141.7,40.72],[141.66,40.87],[141.67,40.95],[141.65,41.01],[141.66,41.16],[141.74,41.42],[141.72,41.5],[141.62,41.6],[140.93,41.6],[140.88,41.6],[140.23,41.27],[139.6,40.93],[139.3,40.67],[139.25,40.61],[139.23,40.53],[139.25,40.47],[139.43,40],[139.27,39.23],[139.05,38.66],[138.51,38.54],[138.38,38.52],[138.28,38.46],[138.2,38.38],[138.13,38.34],[138.02,38.2],[137.53,38.13],[136.85,38.05],[136.8,38.03],[136.69,37.95],[136.66,37.88],[136.43,37.22],[136.42,37.14],[136.43,37.08],[136.5,36.96],[136.5,36.89],[136.44,36.78],[136.22,36.54],[136.15,36.51],[136.08,36.45],[136.03,36.44],[135.48,36.15],[135.11,35.96],[134.98,35.92],[134.86,35.86],[134.77,35.87],[134.61,35.86],[134.49,35.87],[134.22,35.78],[134.13,35.74],[133.94,35.73],[133.77,35.7],[133.65,35.73],[133.53,35.73],[133.44,35.78],[133.35,35.79],[133.22,35.78],[133.24,35.84],[133.36,35.97],[133.46,35.99],[133.55,36.06],[133.59,36.12],[133.63,36.24],[133.63,36.31],[133.58,36.41],[133.42,36.52],[133.27,36.56],[133.15,36.53],[133.04,36.46],[132.97,36.39],[132.94,36.33],[132.8,36.25],[132.74,36.19],[132.7,36.1],[132.7,36.04],[132.75,35.95],[132.82,35.87],[132.97,35.78],[132.9,35.74],[132.53,35.62],[132.43,35.56],[132.37,35.46],[132.37,35.4],[132.27,35.35],[132.14,35.22],[131.64,35.12],[131.07,34.99],[131,34.97],[130.4,34.65],[130.01,34.44],[129.89,34.39],[129.8,34.06],[129.64,33.91],[129.12,33.51],[128.86,33.51],[128.62,33.31],[128.59,33.28],[128.37,32.8],[128.35,32.71],[128.36,32.59],[128.39,32.52],[128.45,32.46],[128.61,32.39],[128.81,32.37],[129.52,31.85],[129.44,31.74],[129.19,31.23],[129.18,31.16],[129.19,30.82],[129.22,30.74],[129.27,30.68],[129.39,30.63],[129.85,30.58],[130.1,30.7],[130.34,30.68],[130.48,30.76],[130.93,31.04],[131.66,31.49],[131.7,31.61],[131.72,31.79],[131.71,31.86],[131.72,31.95],[131.8,32.19],[131.85,32.26],[132.59,32.5],[133.04,32.52],[133.14,32.55],[133.22,32.61],[133.26,32.69],[133.3,32.86],[134.23,33.05],[134.35,33.1],[134.63,33.44],[135.2,33.46],[135.33,33.38],[135.51,33.31],[135.58,33.3],[135.68,33.24],[135.77,33.23],[135.93,33.27],[136,33.3],[136.14,33.44],[136.19,33.52],[136.68,33.86],[137.06,34.12],[137.66,34.47],[137.81,34.45],[137.95,34.47],[138.1,34.41],[138.21,34.39],[138.95,34.37],[138.85,34.27],[138.83,34.16],[138.74,34.14],[138.68,34.11],[138.6,34.04],[138.58,33.99],[138.58,33.9],[138.61,33.84],[138.68,33.78],[138.79,33.74],[138.89,33.75],[138.99,33.81],[139.04,33.86],[139.08,33.98],[139.15,33.98],[139.2,33.91],[139.25,33.87],[139.1,33.76],[139.07,33.71],[139.06,33.61],[139.11,33.52],[139.17,33.48],[139.25,33.46],[139.34,33.45],[139.42,33.48],[139.5,33.54],[139.54,33.66],[139.62,33.65],[139.75,33.68],[139.81,33.72],[139.87,33.82],[139.86,33.95],[139.8,34.03],[139.8,34.14],[139.76,34.22],[139.72,34.26],[139.63,34.31],[139.52,34.32],[139.54,34.5],[139.97,34.71]]],[[[131.61,37.24],[131.64,37.15],[131.69,37.1],[131.82,37.04],[131.92,37.04],[132.01,37.07],[132.06,37.11],[132.12,37.19],[132.12,37.27],[132.07,37.37],[131.93,37.44],[131.81,37.44],[131.7,37.4],[131.64,37.34],[131.61,37.24]]],[[[131.21,37.47],[131.22,37.55],[131.16,37.65],[131.1,37.7],[130.96,37.75],[130.85,37.75],[130.68,37.71],[130.59,37.66],[130.53,37.57],[130.52,37.48],[130.55,37.4],[130.66,37.3],[130.83,37.26],[130.93,37.26],[131.02,37.29],[131.14,37.37],[131.21,37.47]]],[[[124.13,39.62],[124.27,39.52],[124.33,39.5],[124.34,39.38],[124.37,39.33],[124.46,39.26],[124.48,39.2],[124.55,39.12],[124.64,39.08],[124.79,39.08],[124.93,39.14],[124.98,39.23],[125.04,39.21],[124.94,39.08],[124.88,38.94],[124.78,38.89],[124.72,38.81],[124.71,38.76],[124.6,38.71],[124.53,38.63],[124.51,38.57],[124.52,38.46],[124.6,38.37],[124.6,38.34],[124.47,38.27],[124.41,38.2],[124.38,38.05],[124.37,37.91],[124.41,37.84],[124.42,37.74],[124.48,37.66],[124.58,37.6],[124.66,37.57],[124.78,37.57],[124.87,37.59],[124.93,37.63],[124.98,37.69],[125.05,37.64],[125.24,37.58],[125.43,37.65],[125.47,37.53],[125.55,37.45],[125.71,37.4],[125.86,37.4],[125.75,37.3],[125.71,37.18],[125.63,37.17],[125.56,37.12],[125.52,37.06],[125.3,36.7],[125.29,36.59],[125.34,36.49],[125.75,36.01],[125.84,35.8],[125.85,35.68],[125.78,35.45],[125.4,35.16],[125.01,34.85],[124.94,34.73],[124.84,34.11],[124.86,34],[124.9,33.94],[124.97,33.88],[125.06,33.85],[125.42,33.8],[126.06,33.7],[126.08,33.58],[126.04,33.54],[125.92,33.41],[125.91,33.35],[125.93,33.23],[126.01,33.12],[126.07,32.99],[126.14,32.94],[126.23,32.91],[126.36,32.92],[126.41,32.95],[126.48,33.02],[126.71,33.02],[126.78,33.05],[126.85,33.1],[126.93,33.12],[127.01,33.17],[127.15,33.34],[127.21,33.47],[127.22,33.54],[127.19,33.6],[127.1,33.68],[126.99,33.71],[126.92,33.76],[127.32,33.8],[127.66,33.84],[127.78,33.88],[128,34.12],[128.31,34.21],[128.82,34.34],[128.79,34.51],[128.95,34.73],[129.1,34.95],[129.17,35.04],[129.27,35.13],[129.47,35.13],[129.59,35.28],[129.61,35.34],[129.67,35.4],[129.72,35.55],[129.71,35.63],[129.74,35.75],[129.78,35.84],[129.78,35.89],[129.83,35.99],[129.83,36.07],[129.8,36.16],[129.71,36.25],[129.63,36.29],[129.66,36.32],[129.7,36.51],[129.69,36.59],[129.72,36.66],[129.73,36.78],[129.67,36.94],[129.67,37.11],[129.62,37.19],[129.62,37.27],[129.57,37.36],[129.5,37.43],[129.46,37.51],[129.38,37.59],[129.28,37.78],[129.14,37.9],[128.94,38.14],[128.87,38.21],[128.82,38.32],[128.71,38.51],[128.63,38.65],[128.62,38.71],[128.56,38.81],[128.46,38.89],[128.34,38.96],[128.35,39.03],[128.32,39.09],[128.27,39.15],[128.18,39.2],[128.1,39.21],[128,39.19],[127.94,39.26],[127.88,39.3],[127.86,39.36],[127.78,39.47],[127.82,39.53],[127.84,39.66],[128,39.71],[128.11,39.79],[128.28,39.79],[128.45,39.85],[128.55,39.92],[128.82,40.03],[128.9,40.1],[128.92,40.15],[129.1,40.27],[129.23,40.32],[129.29,40.35],[129.4,40.48],[129.49,40.45],[129.58,40.45],[129.67,40.47],[129.77,40.53],[129.82,40.65],[129.92,40.71],[130.01,40.86],[130.03,40.95],[129.99,41.04],[129.99,41.16],[130.06,41.32],[130.07,41.39],[130.04,41.48],[129.94,41.56],[130.06,41.64],[130.13,41.74],[130.25,41.88],[130.34,41.92],[130.5,42.03],[130.64,42.05],[130.83,42.12],[130.89,42.15],[130.65,42.32],[130.67,42.38],[130.64,42.42],[130.58,42.43],[130.52,42.54],[130.51,42.62],[130.43,42.55],[130.36,42.62],[130.23,42.73],[130.22,42.79],[130.26,42.88],[130.23,42.9],[130.14,42.9],[130.11,42.99],[130.06,42.97],[129.95,42.98],[129.9,43.01],[129.85,42.96],[129.84,42.87],[129.76,42.7],[129.78,42.68],[129.74,42.56],[129.74,42.47],[129.7,42.43],[129.61,42.44],[129.54,42.36],[129.5,42.41],[129.39,42.45],[129.3,42.42],[129.22,42.26],[129.2,42.21],[129.11,42.14],[129.04,42.14],[128.91,42.01],[128.75,42.05],[128.68,42.01],[128.63,42.04],[128.58,42],[128.46,42.02],[128.08,42.02],[128.03,42],[128.1,41.94],[128.1,41.84],[128.15,41.74],[128.24,41.68],[128.31,41.59],[128.2,41.41],[128.12,41.38],[127.98,41.42],[127.95,41.45],[127.85,41.42],[127.56,41.43],[127.49,41.48],[127.41,41.46],[127.34,41.46],[127.17,41.54],[127.1,41.64],[127.03,41.67],[127.05,41.74],[126.93,41.81],[126.77,41.72],[126.72,41.7],[126.57,41.6],[126.59,41.56],[126.5,41.43],[126.49,41.37],[126.43,41.35],[126.32,41.23],[126.27,41.16],[126.23,41.14],[126.07,41],[126.02,40.9],[125.92,40.88],[125.87,40.91],[125.81,40.86],[125.7,40.86],[125.63,40.8],[125.57,40.78],[125.52,40.72],[125.45,40.67],[125.26,40.61],[125.19,40.61],[125.01,40.52],[125.03,40.49],[124.92,40.45],[124.89,40.48],[124.82,40.4],[124.74,40.37],[124.71,40.31],[124.64,40.3],[124.51,40.22],[124.49,40.18],[124.35,40.08],[124.37,40.02],[124.23,39.92],[124.21,39.86],[124.17,39.83],[124.13,39.62]]],[[[108.09,64.25],[108.26,64.28],[108.36,64.26],[108.5,64.31],[108.52,64.15],[108.61,64.07],[108.76,64.01],[108.71,63.94],[108.8,63.89],[108.73,63.84],[108.62,63.85],[108.5,63.82],[108.36,63.86],[108.29,63.84],[108.3,63.72],[108.23,63.67],[108.13,63.66],[108.17,63.6],[108.5,63.64],[108.7,63.62],[108.93,63.58],[109.08,63.58],[109.19,63.53],[109.2,63.48],[109.32,63.39],[109.41,63.37],[109.45,63.23],[109.46,63.11],[109.51,63.05],[109.49,62.96],[109.68,62.84],[109.52,62.8],[109.46,62.75],[109.48,62.69],[109.38,62.66],[109.39,62.61],[109.25,62.6],[109.3,62.52],[109.43,62.47],[109.67,62.44],[109.91,62.44],[109.89,62.37],[109.99,62.32],[109.92,62.26],[110,62.19],[109.89,62.13],[109.82,62.02],[109.72,62],[109.64,61.93],[109.6,61.75],[109.69,61.66],[109.79,61.63],[109.86,61.57],[109.81,61.48],[109.84,61.43],[109.76,61.33],[110,61.31],[110.11,61.28],[110.14,61.22],[110.22,61.17],[110.38,61.2],[110.52,61.18],[110.54,61.09],[110.46,60.98],[110.37,60.94],[110.26,60.84],[110.3,60.78],[110.29,60.7],[110.1,60.69],[110.14,60.6],[110.07,60.59],[110.02,60.53],[109.91,60.46],[109.95,60.42],[109.8,60.34],[109.82,60.27],[109.74,60.25],[109.69,60.16],[109.69,60.08],[109.76,60.03],[109.67,59.99],[109.66,59.88],[109.56,59.84],[109.47,59.77],[109.48,59.69],[109.54,59.67],[109.4,59.58],[109.25,59.47],[109.34,59.42],[109.24,59.38],[109.29,59.32],[109.45,59.31],[109.51,59.2],[109.63,59.17],[109.62,59.08],[109.73,59.09],[109.81,59],[109.98,59.02],[110.02,59],[110.24,59],[110.4,59.06],[110.47,59.05],[110.6,59.14],[110.55,59.18],[110.64,59.22],[110.72,59.28],[111.04,59.22],[111.22,59.2],[111.3,59.28],[111.45,59.29],[111.56,59.24],[111.65,59.22],[111.79,59.3],[111.9,59.3],[112.08,59.39],[112.09,59.43],[112.25,59.53],[112.34,59.43],[112.28,59.37],[112.36,59.31],[112.54,59.35],[112.65,59.31],[112.64,59.28],[112.51,59.24],[112.45,59.14],[112.44,58.92],[112.52,58.89],[112.6,58.99],[112.51,59.04],[112.53,59.08],[112.75,59.05],[112.81,59.13],[112.93,59.16],[113.11,59.15],[113.2,59.19],[113.28,59.16],[113.33,59.21],[113.43,59.25],[113.46,59.31],[113.53,59.34],[113.43,59.38],[113.46,59.43],[113.61,59.52],[113.59,59.59],[113.71,59.63],[113.76,59.62],[113.97,59.69],[114.1,59.77],[114.22,59.78],[114.23,59.84],[114.3,59.89],[114.53,59.98],[114.5,60.07],[114.65,60.18],[114.77,60.2],[114.9,60.19],[114.99,60.21],[115.15,60.37],[115.1,60.41],[115.3,60.51],[115.37,60.49],[115.7,60.55],[115.76,60.52],[115.87,60.52],[115.94,60.45],[116.01,60.47],[116.27,60.41],[116.32,60.37],[116.54,60.39],[116.62,60.35],[116.61,60.3],[116.76,60.28],[116.77,60.25],[116.94,60.2],[116.94,60.15],[117.01,60.1],[116.99,60.06],[117.1,60.03],[117.21,60.05],[117.35,60.02],[117.15,59.97],[117.08,59.97],[117.01,59.91],[117.1,59.87],[117.22,59.87],[117.23,59.75],[117.21,59.68],[117.11,59.61],[117.19,59.58],[117.25,59.51],[117.44,59.53],[117.5,59.49],[117.65,59.54],[117.78,59.56],[117.83,59.45],[117.97,59.5],[117.94,59.54],[118.03,59.58],[118.03,59.63],[118.24,59.64],[118.35,59.62],[118.36,59.53],[118.77,59.42],[118.75,59.35],[118.82,59.33],[118.67,59.19],[118.71,59.05],[118.82,59.05],[118.87,58.96],[118.77,58.95],[118.75,58.91],[118.87,58.83],[118.86,58.73],[118.78,58.61],[118.86,58.58],[118.99,58.56],[119.12,58.52],[119.13,58.49],[119.06,58.36],[119.14,58.29],[119.12,58.25],[118.81,58.23],[118.68,58.18],[118.58,58.23],[118.47,58.23],[118.25,58.4],[118.12,58.4],[118,58.42],[117.67,58.41],[117.62,58.37],[117.47,58.33],[117.53,58.29],[117.59,58.18],[117.58,58.15],[117.45,58.18],[117.4,58.12],[117.38,58.02],[117.39,57.94],[117.35,57.86],[117.12,57.86],[117.1,57.8],[117.18,57.77],[117.14,57.67],[117.33,57.63],[117.25,57.54],[117.32,57.48],[117.34,57.36],[117.45,57.35],[117.45,57.26],[117.54,57.27],[117.62,57.32],[117.78,57.32],[117.75,57.24],[117.7,57.2],[117.58,57.17],[117.68,57.09],[117.64,56.98],[117.55,56.95],[117.58,56.92],[117.4,56.85],[117.35,56.89],[117.25,56.92],[117.18,56.89],[117.16,56.84],[117.01,56.83],[116.97,56.8],[116.74,56.74],[116.52,56.77],[116.32,56.87],[116.23,56.83],[116.12,56.82],[115.83,56.95],[115.73,56.96],[115.59,56.88],[115.61,56.77],[115.56,56.69],[115.45,56.67],[115.41,56.61],[115.52,56.57],[115.69,56.57],[115.7,56.49],[115.8,56.44],[115.68,56.41],[115.69,56.27],[115.77,56.18],[115.79,56.08],[115.78,55.99],[115.91,55.93],[115.84,55.85],[115.86,55.73],[115.83,55.68],[115.91,55.66],[115.88,55.6],[115.92,55.57],[115.88,55.49],[115.96,55.45],[115.9,55.41],[115.98,55.36],[116.07,55.38],[116.1,55.34],[116.24,55.35],[116.35,55.38],[116.45,55.33],[116.48,55.23],[116.69,55.12],[116.76,55.12],[116.84,55.03],[116.87,54.88],[116.92,54.83],[116.85,54.77],[116.81,54.67],[116.74,54.65],[116.78,54.61],[116.73,54.54],[116.64,54.51],[116.43,54.48],[116.4,54.5],[116.18,54.51],[116.12,54.48],[116.04,54.49],[115.84,54.46],[115.78,54.44],[115.61,54.41],[115.5,54.37],[115.49,54.31],[115.35,54.27],[115.25,54.21],[115.16,54.19],[115.14,54.12],[115.01,54.07],[115.02,54.03],[114.87,53.95],[114.66,53.92],[114.58,53.89],[114.5,53.81],[114.37,53.82],[114.29,53.75],[114.16,53.76],[114.11,53.73],[113.98,53.72],[113.98,53.65],[113.82,53.63],[113.88,53.52],[113.84,53.48],[113.83,53.42],[113.95,53.35],[113.92,53.28],[113.98,53.24],[114.11,53.18],[114.21,53.18],[114.17,53.09],[114.33,53.06],[114.32,52.98],[114.25,52.93],[114.22,52.81],[114.08,52.68],[113.96,52.63],[113.85,52.6],[113.64,52.53],[113.59,52.45],[113.49,52.47],[113.15,52.45],[113.09,52.4],[112.88,52.35],[112.74,52.33],[112.68,52.35],[112.55,52.35],[112.51,52.25],[112.41,52.22],[112.31,52.25],[112.19,52.25],[112.18,52.3],[112.07,52.28],[112.01,52.21],[111.93,52.2],[111.89,52.12],[111.77,52.07],[111.71,51.98],[111.52,51.91],[111.46,51.87],[111.35,51.88],[111.29,51.84],[111.15,51.83],[111.02,51.79],[111,51.72],[110.93,51.72],[110.84,51.65],[110.85,51.59],[110.78,51.58],[110.71,51.52],[110.52,51.5],[110.43,51.52],[110.39,51.57],[110.28,51.6],[110.11,51.6],[110.06,51.62],[109.83,51.55],[109.62,51.45],[109.43,51.43],[109.24,51.37],[109.12,51.43],[109.05,51.51],[108.97,51.44],[108.79,51.44],[108.68,51.5],[108.63,51.49],[108.62,51.41],[108.5,51.41],[108.46,51.3],[108.4,51.28],[108.47,51.21],[108.56,51.18],[108.56,51.12],[108.45,51.05],[108.34,51.06],[108.33,51],[108.26,50.9],[108.26,50.82],[108.06,50.77],[108.07,50.74],[108.18,50.65],[108.24,50.67],[108.34,50.62],[108.48,50.59],[108.51,50.55],[108.68,50.54],[108.66,50.46],[108.53,50.47],[108.34,50.39],[108.22,50.42],[108.17,50.39],[108.11,50.31],[108.02,50.35],[107.97,50.32],[107.93,50.23],[107.84,50.21],[107.73,50.11],[107.79,50.06],[107.79,49.93],[107.97,49.94],[107.92,49.88],[107.97,49.74],[107.93,49.71],[107.97,49.65],[108.16,49.56],[108.3,49.53],[108.36,49.43],[108.43,49.41],[108.43,49.37],[108.52,49.32],[108.65,49.35],[108.72,49.33],[108.96,49.34],[109.06,49.32],[109.17,49.35],[109.33,49.33],[109.41,49.3],[109.49,49.24],[109.56,49.22],[109.68,49.23],[109.9,49.21],[110.23,49.16],[110.33,49.2],[110.39,49.25],[110.52,49.19],[110.68,49.17],[110.82,49.18],[111.08,49.26],[111.28,49.31],[111.37,49.36],[111.51,49.32],[111.67,49.38],[111.91,49.38],[112.19,49.45],[112.28,49.48],[112.49,49.52],[112.69,49.5],[112.81,49.52],[112.91,49.57],[113.04,49.61],[113.22,49.84],[113.47,49.94],[113.49,49.97],[113.65,50],[113.74,50.07],[113.88,50.1],[114.18,50.24],[114.34,50.28],[114.47,50.23],[114.62,50.25],[114.83,50.22],[115.01,50.16],[115.07,50.09],[115.22,49.99],[115.36,49.94],[115.51,49.91],[115.74,49.89],[115.98,49.97],[116.07,50.01],[116.23,50.04],[116.34,50],[116.62,49.93],[116.71,49.85],[117.06,49.69],[117.27,49.63],[117.47,49.63],[117.63,49.56],[117.79,49.52],[117.88,49.52],[117.89,49.59],[117.97,49.62],[118.07,49.61],[118.11,49.66],[118.2,49.69],[118.24,49.74],[118.37,49.79],[118.55,49.92],[118.65,49.95],[118.73,49.94],[118.94,49.99],[119.08,49.98],[119.27,50.1],[119.33,50.17],[119.31,50.22],[119.35,50.36],[119.25,50.34],[119.15,50.36],[119.24,50.45],[119.27,50.6],[119.35,50.63],[119.37,50.68],[119.44,50.69],[119.5,50.77],[119.48,50.88],[119.58,50.98],[119.72,51.05],[119.78,51.17],[119.75,51.21],[119.93,51.35],[120,51.46],[119.98,51.5],[120.04,51.55],[120.03,51.58],[120.09,51.68],[120.14,51.67],[120.36,51.79],[120.39,51.83],[120.63,51.92],[120.71,52.01],[120.68,52.04],[120.76,52.1],[120.78,52.16],[120.74,52.2],[120.75,52.26],[120.62,52.32],[120.62,52.36],[120.68,52.43],[120.69,52.52],[120.62,52.57],[120.48,52.63],[120.28,52.62],[120.18,52.58],[120.08,52.58],[120.03,52.64],[120.06,52.71],[120.03,52.78],[120.28,52.86],[120.36,52.94],[120.56,53.08],[120.64,53.1],[120.68,53.17],[120.82,53.24],[120.82,53.27],[120.94,53.3],[121.13,53.28],[121.28,53.29],[121.33,53.32],[121.41,53.32],[121.57,53.35],[121.69,53.39],[121.95,53.43],[122.08,53.42],[122.17,53.47],[122.24,53.46],[122.35,53.5],[122.43,53.44],[122.6,53.46],[122.83,53.46],[123.06,53.51],[123.14,53.5],[123.22,53.55],[123.3,53.56],[123.48,53.53],[123.63,53.55],[123.69,53.5],[123.88,53.48],[124.05,53.4],[124.11,53.35],[124.23,53.38],[124.32,53.33],[124.37,53.25],[124.5,53.2],[124.64,53.21],[124.71,53.15],[124.82,53.14],[124.98,53.2],[125.16,53.2],[125.3,53.15],[125.5,53.09],[125.61,53.08],[125.64,53.03],[125.73,52.99],[125.73,52.94],[125.67,52.92],[125.66,52.87],[125.83,52.9],[125.94,52.78],[126.01,52.79],[126.05,52.68],[125.98,52.67],[125.97,52.61],[126.07,52.6],[126.2,52.53],[126.18,52.48],[126.26,52.47],[126.35,52.38],[126.31,52.33],[126.35,52.26],[126.3,52.21],[126.49,52.16],[126.56,52.12],[126.51,52.05],[126.44,52.03],[126.47,51.94],[126.54,51.89],[126.62,51.77],[126.72,51.73],[126.71,51.57],[126.83,51.53],[126.78,51.44],[126.9,51.41],[126.97,51.3],[126.89,51.2],[126.92,51.06],[127.05,50.96],[127.14,50.91],[127.23,50.77],[127.29,50.75],[127.29,50.66],[127.37,50.57],[127.31,50.52],[127.29,50.46],[127.35,50.44],[127.36,50.4],[127.33,50.34],[127.38,50.29],[127.6,50.24],[127.6,50.18],[127.5,50.06],[127.5,49.97],[127.54,49.92],[127.53,49.82],[127.65,49.78],[127.69,49.67],[127.82,49.58],[127.91,49.57],[127.95,49.6],[128.03,49.56],[128.2,49.54],[128.28,49.56],[128.33,49.54],[128.38,49.59],[128.55,49.6],[128.66,49.57],[128.8,49.55],[128.76,49.48],[128.86,49.49],[128.98,49.46],[129.07,49.35],[129.17,49.39],[129.26,49.39],[129.31,49.36],[129.38,49.38],[129.37,49.42],[129.43,49.44],[129.54,49.4],[129.55,49.31],[129.6,49.28],[129.69,49.3],[129.74,49.26],[129.75,49.2],[129.84,49.18],[129.86,49.11],[129.93,49.07],[130.05,48.97],[130.19,48.9],[130.22,48.87],[130.42,48.9],[130.51,48.85],[130.63,48.88],[130.74,48.96],[130.86,48.99],[131.02,48.97],[131.02,49.04],[131.07,49.17],[131.13,49.24],[131.18,49.23],[131.29,49.26],[131.43,49.27],[131.5,49.41],[131.52,49.57],[131.45,49.67],[131.38,49.66],[131.37,49.72],[131.48,49.78],[131.52,49.9],[131.39,49.98],[131.43,50.05],[131.38,50.1],[131.39,50.16],[131.44,50.2],[131.39,50.27],[131.31,50.32],[131.05,50.43],[130.93,50.39],[130.89,50.49],[130.93,50.5],[131.03,50.58],[130.98,50.64],[130.91,50.67],[130.76,50.66],[130.72,50.61],[130.64,50.66],[130.7,50.7],[130.67,50.74],[130.85,50.88],[130.83,50.92],[130.76,50.96],[130.8,51.02],[130.93,51.03],[130.97,51.14],[131.03,51.17],[131.04,51.24],[131.16,51.25],[131.25,51.36],[131.36,51.39],[131.41,51.35],[131.49,51.35],[131.47,51.49],[131.39,51.59],[131.43,51.69],[131.6,51.67],[131.78,51.7],[131.86,51.76],[131.96,51.75],[132.07,51.8],[132.12,51.78],[132.22,51.84],[132.26,51.8],[132.42,51.91],[132.42,51.98],[132.53,51.98],[132.54,52.05],[132.65,52.11],[132.75,52.12],[132.82,52.17],[132.94,52.15],[133.06,52.18],[133.17,52.17],[133.32,52.2],[133.43,52.26],[133.34,52.33],[133.32,52.4],[133.24,52.47],[133.3,52.51],[133.23,52.62],[133.26,52.68],[133.59,52.62],[133.71,52.56],[133.82,52.57],[133.87,52.51],[134,52.54],[134.08,52.5],[134.17,52.51],[134.29,52.46],[134.35,52.47],[134.49,52.46],[134.54,52.42],[134.62,52.44],[134.6,52.5],[134.67,52.63],[134.74,52.63],[134.73,52.72],[134.65,52.72],[134.66,52.78],[134.61,52.8],[134.59,52.9],[134.69,52.98],[134.77,53.07],[134.86,53.1],[134.81,53.15],[134.91,53.23],[134.87,53.32],[134.8,53.33],[134.8,53.4],[134.87,53.39],[134.89,53.43],[134.73,53.49],[134.72,53.53],[134.62,53.57],[134.57,53.62],[134.46,53.61],[134.41,53.58],[134.26,53.54],[134.2,53.48],[134.1,53.46],[133.92,53.45],[133.8,53.49],[133.72,53.47],[133.6,53.55],[133.47,53.5],[133.26,53.46],[133.16,53.41],[133.14,53.31],[132.88,53.29],[132.9,53.25],[132.73,53.23],[132.64,53.24],[132.51,53.22],[132.27,53.26],[132.25,53.23],[132.07,53.23],[132.04,53.16],[131.9,53.14],[131.83,53.16],[131.85,53.23],[131.8,53.26],[131.72,53.23],[131.44,53.22],[131.51,53.27],[131.53,53.33],[131.51,53.43],[131.45,53.51],[131.47,53.63],[131.42,53.68],[131.44,53.74],[131.35,53.78],[131.23,53.79],[131.01,53.82],[130.9,53.78],[130.85,53.85],[130.72,53.86],[130.67,53.9],[130.59,53.88],[130.52,53.91],[130.44,53.89],[130.39,53.92],[130.5,54],[130.51,54.12],[130.66,54.22],[130.67,54.26],[130.76,54.3],[130.94,54.34],[131.04,54.29],[131.13,54.37],[131.17,54.47],[131.23,54.56],[131.17,54.64],[131.29,54.66],[131.39,54.74],[131.49,54.75],[131.62,54.79],[131.67,54.78],[131.81,54.86],[132.01,54.93],[132.06,54.97],[132.02,55.03],[132.13,55.07],[132.29,55.06],[132.44,55.09],[132.44,55.12],[132.34,55.22],[132.37,55.25],[132.61,55.24],[132.69,55.3],[132.68,55.36],[132.77,55.35],[132.97,55.42],[132.76,55.46],[132.64,55.56],[132.66,55.63],[132.56,55.71],[132.44,55.74],[132.26,55.74],[132.15,55.68],[132.08,55.7],[131.95,55.71],[131.94,55.67],[131.8,55.65],[131.77,55.69],[131.64,55.71],[131.56,55.66],[131.48,55.7],[131.34,55.65],[131.22,55.69],[131.15,55.65],[131.06,55.66],[130.95,55.71],[130.96,55.8],[130.86,55.92],[130.94,55.96],[130.9,56],[130.98,56.09],[130.99,56.17],[131.11,56.24],[131.14,56.3],[131.1,56.38],[131.17,56.44],[131.22,56.52],[131.41,56.51],[131.49,56.57],[131.64,56.52],[131.62,56.48],[131.73,56.47],[131.69,56.53],[131.7,56.69],[131.83,56.74],[131.71,56.9],[131.61,56.96],[131.43,57.14],[131.33,57.19],[131.2,57.2],[131.2,57.26],[131.26,57.3],[131.51,57.27],[131.61,57.31],[131.61,57.43],[131.78,57.54],[131.72,57.57],[131.85,57.62],[131.94,57.62],[132.07,57.68],[132.05,57.73],[131.88,57.82],[131.81,57.87],[131.8,57.93],[131.71,57.95],[131.62,58.01],[131.64,58.08],[131.52,58.12],[131.5,58.17],[131.56,58.21],[131.72,58.2],[131.83,58.17],[131.97,58.08],[132.07,58.05],[132.14,58.08],[132.1,58.12],[132,58.15],[132.01,58.2],[132.11,58.28],[132.19,58.26],[132.23,58.33],[132.18,58.41],[132.19,58.47],[132.14,58.51],[132.28,58.53],[132.39,58.56],[132.55,58.66],[132.53,58.82],[132.56,58.87],[132.67,58.91],[132.78,58.89],[132.84,58.99],[132.77,59.01],[132.84,59.07],[132.93,59.1],[132.99,59.16],[133.17,59.24],[133.27,59.23],[133.46,59.3],[133.57,59.29],[133.57,59.25],[133.75,59.23],[133.86,59.26],[134.08,59.26],[134.18,59.22],[134.37,59.2],[134.48,59.14],[134.56,59.2],[134.72,59.2],[134.73,59.16],[134.84,59.14],[134.99,59.16],[135.1,59.12],[135.19,59.11],[135.3,59.2],[135.26,59.23],[135.36,59.31],[135.44,59.4],[135.61,59.49],[135.83,59.53],[135.95,59.46],[136.09,59.42],[136.32,59.42],[136.67,59.35],[136.77,59.34],[136.82,59.39],[137.3,59.5],[137.36,59.54],[137.5,59.56],[137.45,59.61],[137.49,59.68],[137.63,59.75],[137.82,59.76],[137.9,59.74],[137.97,59.77],[138.08,59.75],[138.03,59.7],[138.05,59.65],[138.22,59.65],[138.22,59.81],[138.18,59.83],[138.19,59.91],[138.27,59.95],[138.23,59.98],[138.26,60.07],[138.21,60.1],[138.24,60.17],[138.19,60.22],[138.21,60.28],[138.32,60.32],[138.34,60.4],[138.32,60.49],[138.4,60.62],[138.4,60.72],[138.31,60.78],[138.21,60.87],[138.27,60.96],[138.35,60.98],[138.32,61.06],[138.51,61.15],[138.56,61.15],[138.65,61.23],[138.65,61.3],[138.73,61.34],[138.93,61.32],[139.04,61.35],[139.09,61.44],[139.28,61.43],[139.39,61.49],[139.55,61.47],[139.65,61.56],[139.67,61.64],[139.73,61.66],[139.94,61.8],[139.98,61.86],[139.95,61.94],[140.03,61.99],[140.12,61.97],[140.18,62.02],[140.28,62.04],[140.26,62.09],[140.33,62.15],[140.29,62.23],[140.34,62.38],[140.41,62.41],[140.56,62.41],[140.5,62.47],[140.51,62.53],[140.32,62.57],[140.27,62.64],[140.14,62.71],[139.92,62.68],[139.83,62.69],[139.56,62.81],[139.62,62.83],[139.69,62.92],[139.58,62.98],[139.67,63.13],[139.63,63.18],[139.7,63.22],[139.72,63.29],[139.88,63.33],[140.03,63.41],[140.25,63.5],[140.51,63.52],[140.64,63.5],[140.67,63.69],[140.57,63.71],[140.56,63.8],[140.68,63.85],[140.7,63.92],[140.79,64],[140.82,64.1],[140.79,64.16],[140.5,64.21],[140.36,64.32],[140.12,64.36],[140.08,64.39],[140.43,64.5],[140.41,64.57],[140.13,64.64],[139.92,64.74],[139.92,64.76],[139.59,64.89],[139.53,64.94],[139.44,64.95],[139.37,65.04],[139.44,65.06],[139.45,65.12],[139.57,65.17],[139.57,65.24],[139.77,65.35],[139.86,65.36],[139.92,65.41],[139.92,65.48],[140,65.5],[140.14,65.47],[140.24,65.49],[140.34,65.56],[140.21,65.61],[140.24,65.69],[140.4,65.8],[140.18,65.88],[139.99,65.84],[139.83,65.85],[139.52,65.97],[139.3,66.02],[139.02,66.01],[138.93,65.98],[138.68,65.95],[138.56,65.96],[138.47,65.94],[138.25,65.94],[138.15,65.99],[138.02,65.97],[137.7,65.98],[137.63,66.02],[137.32,66.05],[137.29,66.09],[137.14,66.12],[137.05,66.11],[136.81,66.2],[136.71,66.21],[136.53,66.19],[136.45,66.2],[136.23,66.12],[136.1,66.09],[136.01,66.01],[135.86,66.01],[135.74,65.96],[135.68,65.89],[135.49,65.91],[135.37,65.81],[135,65.76],[134.86,65.77],[134.83,65.7],[134.69,65.65],[134.71,65.6],[134.46,65.43],[134.33,65.41],[134.08,65.31],[133.96,65.3],[133.94,65.23],[133.65,65.22],[133.49,65.28],[133.21,65.28],[133.19,65.24],[133.02,65.17],[132.96,65.13],[132.97,65.06],[132.92,64.92],[133,64.83],[133,64.75],[132.84,64.67],[132.87,64.62],[132.75,64.61],[132.55,64.63],[132.41,64.61],[132.29,64.67],[132.36,64.73],[132.35,64.81],[132.27,64.87],[132.29,64.92],[132.17,64.97],[132.14,65.05],[132,65.22],[131.87,65.27],[131.69,65.31],[131.48,65.46],[131.66,65.57],[131.72,65.7],[131.45,65.69],[131.39,65.71],[131.35,65.8],[131.28,65.79],[131.12,65.9],[131.15,65.94],[130.84,65.98],[130.68,66.05],[130.55,66.08],[130.44,66.21],[130.12,66.24],[130.06,66.39],[130.13,66.47],[129.94,66.6],[129.95,66.74],[129.99,66.85],[130.28,66.92],[130.23,67.01],[130.36,67.1],[130.68,67.14],[130.91,67.11],[131.08,67.14],[131.17,67.25],[131.26,67.44],[131.39,67.48],[131.42,67.6],[131.77,67.53],[131.81,67.67],[132.14,67.76],[132.31,67.71],[132.38,67.8],[132.55,67.85],[132.71,67.93],[132.83,68.06],[132.95,68.16],[133.09,68.19],[133.12,68.24],[133.37,68.3],[133.45,68.34],[133.38,68.38],[133.37,68.48],[133.05,68.59],[133.01,68.66],[132.83,68.73],[132.63,68.88],[132.6,68.92],[132.39,68.96],[132.31,69.02],[132.6,69.14],[132.54,69.2],[132.61,69.26],[132.72,69.3],[132.76,69.41],[132.97,69.58],[133.14,69.62],[133.21,69.68],[133.36,69.66],[133.52,69.73],[133.33,69.8],[133.18,69.83],[133.2,69.91],[132.99,69.95],[133.23,70.01],[133.1,70.03],[133.1,70.08],[133.22,70.14],[133.23,70.18],[133.08,70.33],[132.89,70.34],[132.49,70.35],[132.31,70.33],[132.07,70.37],[132.01,70.52],[132.13,70.57],[132.12,70.67],[132.04,70.72],[132.03,70.81],[132.2,70.89],[132.09,71.02],[131.95,71.07],[131.78,71.05],[131.23,71.27],[130.81,71.19],[130.75,71.2],[130.67,71.49],[130.67,71.59],[130.53,71.7],[130.24,71.79],[130.29,72.23],[130.33,72.37],[130.25,73],[130.22,73.05],[130.08,73.13],[128.65,73.61],[128.26,73.69],[127.81,73.72],[126.31,73.86],[125.02,74.12],[124.76,74.14],[124.33,74.12],[123.37,74.19],[123.02,74.18],[122.78,74.15],[122.55,74.08],[122.43,73.99],[122.39,73.82],[122.57,73.72],[122.46,73.53],[122.49,73.41],[122.57,73.31],[122.41,73.29],[121.84,73.26],[121.66,73.23],[121.41,73.16],[121.12,73.14],[121,73.24],[120.68,73.33],[120.29,73.37],[120.05,73.38],[119.44,73.65],[119.16,73.71],[118.71,73.76],[118.12,73.78],[117.56,73.78],[116.79,73.86],[116.36,73.87],[115.76,73.91],[115.34,73.91],[114.99,73.88],[114.54,73.79],[114.32,73.8],[114.03,73.79],[113.88,73.92],[113.74,73.99],[113.58,74.04],[113.78,74.08],[114.11,74.26],[114.21,74.38],[114.15,74.49],[113.71,74.74],[113.57,74.89],[112.91,74.87],[112.37,74.65],[111.06,74.44],[110.53,74.34],[110.55,74.3],[111.14,74.19],[111.67,74.14],[111.87,74.11],[111.88,73.99],[111.23,73.82],[110.99,73.81],[110.79,73.74],[110.8,73.71],[111.19,73.66],[111.28,73.61],[111.06,73.57],[110.82,73.55],[110.69,73.49],[110.65,73.43],[110.48,73.4],[110.31,73.41],[110.14,73.38],[110.42,73.34],[110.62,73.26],[110.35,73.2],[110.47,73.15],[110.85,73.16],[110.75,73.1],[110.86,73.06],[110.66,72.99],[110.89,72.95],[110.64,72.86],[110.73,72.83],[110.7,72.71],[110.86,72.6],[111.03,72.56],[111.18,72.56],[111.3,72.5],[111.03,72.4],[111.32,72.32],[111.57,72.32],[111.67,72.26],[111.58,72.23],[111.9,72.13],[112,72.12],[112,71.4],[112.22,71.38],[112.47,71.28],[112.59,71.29],[112.72,71.25],[112.68,71.2],[112.52,71.18],[112.6,71.11],[112.36,71.07],[112.18,71.01],[112.03,71.05],[111.95,70.98],[111.48,70.93],[111.33,70.86],[111.03,70.84],[110.81,70.79],[110.72,70.8],[110.51,70.77],[110.51,70.72],[110.12,70.64],[110.09,70.54],[110.13,70.47],[110.32,70.43],[110.06,70.4],[109.64,70.37],[109.58,70.25],[109.3,70.21],[109.3,70.14],[109.42,70.05],[109.53,69.99],[109.4,69.96],[109.38,69.83],[109.2,69.75],[108.94,69.77],[108.9,69.84],[108.8,69.83],[108.25,69.85],[108.01,69.75],[107.95,69.67],[107.84,69.69],[107.61,69.66],[107.39,69.61],[107.17,69.59],[106.86,69.52],[106.63,69.53],[106.49,69.58],[106.37,69.53],[106.34,69.48],[106.14,69.41],[106.91,68.86],[106.92,68.25],[106.87,67.84],[106.87,67.67],[106.82,67.33],[106.68,67.25],[106.5,67.28],[106.34,67.2],[106.22,67.17],[106.07,67.17],[106.07,67.12],[105.96,67.05],[105.87,67.03],[105.51,67.02],[105.55,66.98],[105.7,66.93],[106.08,66.9],[106.09,66.86],[105.98,66.8],[106.08,66.78],[106.17,66.71],[106.24,66.69],[106.23,66.57],[106.32,66.52],[106.33,66.47],[106.14,66.4],[106.1,66.34],[106.14,66.25],[106.11,66.2],[106.2,66.15],[106.33,66.16],[106.37,66.09],[106.52,66],[106.46,65.93],[106.45,65.72],[106.4,65.7],[106.63,65.61],[106.7,65.54],[106.97,65.51],[106.78,65.39],[106.54,65.38],[106.44,65.32],[106.42,65.23],[106.31,65.17],[106.19,65.13],[106.16,65.09],[105.95,65.04],[106.07,64.98],[106.03,64.92],[105.92,64.9],[105.82,64.76],[105.87,64.68],[105.78,64.67],[105.71,64.6],[105.79,64.53],[105.92,64.5],[105.99,64.53],[106.13,64.49],[106.09,64.43],[106.18,64.42],[106.26,64.45],[106.56,64.46],[106.55,64.52],[106.65,64.53],[106.74,64.42],[106.89,64.44],[107.13,64.35],[107.26,64.35],[107.3,64.28],[107.37,64.26],[107.56,64.31],[107.64,64.31],[107.89,64.2],[108.06,64.19],[108.09,64.25]]],[[[147.79,76.76],[147.63,76.68],[147.62,76.62],[147.75,76.53],[148,76.47],[148.3,76.44],[148.9,76.44],[149.31,76.43],[149.66,76.46],[150.05,76.57],[150.35,76.72],[150.35,76.79],[150.24,76.86],[150.01,76.92],[149.57,76.96],[149.25,76.95],[148.49,76.91],[147.93,76.8],[147.79,76.76]]],[[[157.72,76.6],[157.99,76.58],[158.36,76.59],[158.81,76.66],[159,76.76],[159,76.84],[158.91,76.89],[158.65,76.96],[158.37,76.99],[157.93,77],[157.44,76.95],[157.26,76.89],[157.16,76.82],[157.2,76.73],[157.35,76.67],[157.72,76.6]]],[[[155.61,77.13],[155.58,77.07],[155.71,76.97],[155.96,76.91],[156.34,76.88],[156.62,76.87],[157.06,76.9],[157.31,76.95],[157.52,77.04],[157.44,77.19],[157.27,77.24],[157.03,77.29],[156.65,77.31],[156.1,77.28],[155.72,77.2],[155.61,77.13]]],[[[151.66,75.76],[151.64,75.7],[151.71,75.63],[151.91,75.56],[152.28,75.51],[152.56,75.51],[152.97,75.56],[153.13,75.6],[153.26,75.67],[153.27,75.75],[153.08,75.85],[153.11,75.91],[153.48,75.97],[153.62,76.04],[153.68,76.16],[153.66,76.23],[153.53,76.3],[153.13,76.37],[152.71,76.38],[152.4,76.37],[152.13,76.34],[151.8,76.24],[151.71,76.15],[151.74,76.09],[151.91,76.01],[152.31,75.92],[151.86,75.85],[151.66,75.76]]],[[[134.71,74.26],[134.72,74.14],[134.86,74.04],[135.45,73.81],[135.76,73.72],[136.03,73.68],[136.33,73.68],[136.71,73.74],[136.92,73.81],[137.01,73.89],[136.96,74.04],[136.62,74.2],[136.04,74.38],[135.53,74.44],[135.24,74.43],[135.03,74.41],[134.83,74.35],[134.71,74.26]]],[[[144.37,72.92],[144.32,73.22],[144.31,73.43],[144.25,73.52],[144.03,73.64],[143.77,73.75],[143.35,73.87],[143.1,73.96],[142.65,74.03],[141.84,74.19],[141.8,74.26],[142.96,74.62],[144.12,74.7],[144.51,74.77],[145.39,75.04],[145.49,75.11],[145.84,75.01],[146.28,74.94],[146.77,74.83],[147.19,74.78],[147.64,74.64],[147.97,74.59],[148.61,74.54],[149.29,74.53],[149.73,74.55],[150.06,74.58],[150.36,74.63],[150.95,74.68],[151.21,74.73],[151.38,74.81],[151.47,74.94],[151.72,75.07],[151.74,75.14],[151.57,75.26],[151.24,75.32],[150.33,75.4],[150.05,75.41],[149.6,75.45],[148.59,75.59],[148.19,75.6],[147.12,75.72],[146.92,75.76],[146.58,75.79],[146.11,75.77],[145.82,75.71],[145.42,75.79],[145.24,75.84],[144.8,75.89],[144.3,76],[143.95,76.04],[143.45,76.05],[143.1,76.03],[142.46,76.23],[141.81,76.35],[140.76,76.48],[140.3,76.5],[140.12,76.49],[138.95,76.4],[138.59,76.39],[138.1,76.33],[137.7,76.27],[137.5,76.21],[137.12,76.14],[136.85,76.07],[136.64,75.94],[136.52,75.93],[136.27,76.02],[135.98,76.06],[135.67,76.07],[135.21,76.03],[135.03,75.98],[134.88,75.88],[134.8,75.69],[134.84,75.59],[134.7,75.45],[134.74,75.34],[134.91,75.25],[135.09,75.21],[135.36,75.17],[135.85,75.17],[136.22,75.2],[136.55,75.02],[136.77,74.93],[137.2,74.83],[137.31,74.75],[137.56,74.64],[137.88,74.57],[138.35,74.53],[138.66,74.47],[139.45,74.14],[139.51,73.98],[139.16,73.5],[139.08,73.4],[139.11,73.34],[139.32,73.22],[139.48,73.18],[139.71,73.04],[140.85,73.11],[142.16,72.99],[143.13,72.96],[144.37,72.92]]],[[[115.21,74.32],[115.31,74.19],[115.52,74.12],[115.79,74.09],[116.14,74.08],[116.39,74.1],[116.64,74.15],[116.84,74.21],[116.93,74.34],[116.82,74.44],[116.65,74.5],[116.29,74.56],[115.82,74.56],[115.51,74.5],[115.27,74.39],[115.21,74.32]]],[[[127.75,3.41],[127.09,2.9],[126.25,2.04],[125.91,1.74],[125.53,0.94],[125.52,0.25],[124.87,-0.55],[123.92,-1.46],[124.26,-2.31],[124.4,-2.56],[124.96,-2.8],[124.95,-3.39],[124.96,-3.76],[125.6,-4.73],[125.55,-6.76],[125.5,-8.2],[125.44,-8.25],[125.27,-8.44],[125.16,-8.46],[125.12,-8.49],[125,-8.53],[124.98,-8.61],[124.98,-8.73],[124.96,-8.88],[124.93,-8.99],[124.94,-9.05],[124.98,-9.07],[125.09,-9.01],[125.11,-8.97],[125.19,-9.03],[125.18,-9.17],[125.1,-9.2],[125.01,-9.17],[124.98,-9.19],[125.01,-9.3],[125.08,-9.39],[125.09,-9.46],[125.19,-9.53],[125.24,-9.61],[125.33,-9.57],[125.44,-9.47],[125.63,-9.4],[125.75,-9.39],[125.82,-9.35],[126.03,-9.32],[126.19,-9.22],[126.23,-9.18],[126.36,-9.17],[126.49,-9.15],[126.6,-9.1],[126.66,-9.04],[126.69,-8.99],[126.74,-8.96],[126.86,-8.96],[126.95,-8.93],[127.02,-8.88],[127.11,-8.86],[127.16,-8.82],[127.24,-8.73],[127.35,-8.65],[127.43,-8.62],[127.48,-8.59],[127.53,-8.52],[127.54,-8.42],[127.62,-8.44],[128.49,-8.55],[128.53,-8.55],[129.82,-8.43],[130.73,-8.55],[130.86,-8.54],[130.99,-8.48],[131.23,-8.35],[131.44,-8.2],[131.86,-7.81],[131.9,-7.77],[132.15,-7.35],[132.89,-6.29],[134.08,-7.12],[134.38,-7.27],[134.48,-7.3],[134.54,-7.3],[134.61,-7.29],[134.76,-7.21],[134.84,-7.15],[134.97,-6.92],[135.03,-6.69],[135.11,-6.37],[135.12,-6.32],[135.11,-6],[135.04,-5.68],[135.59,-5.28],[136.15,-4.87],[136.68,-5.09],[137.57,-5.54],[137.88,-6.08],[137.91,-6.11],[138.17,-6.4],[137.66,-7.75],[137.49,-8.16],[137.44,-8.38],[137.45,-8.47],[137.46,-8.53],[137.52,-8.6],[137.61,-8.65],[137.68,-8.66],[137.76,-8.65],[138.91,-8.64],[138.97,-8.63],[139.41,-8.49],[140.72,-9.25],[140.78,-9.33],[140.87,-9.38],[140.92,-9.3],[141.02,-9.14],[141.02,-8.45],[141.02,-7.66],[141.02,-6.89],[140.98,-6.9],[140.92,-6.87],[140.85,-6.72],[140.89,-6.61],[140.96,-6.49],[140.94,-6.37],[141,-6.32],[141,-5.29],[141,-4.53],[141,-3.93],[141,-3.02],[141,-2.59],[141.01,-2.4],[140.69,-2.26],[140.24,-2.14],[138.81,-1.4],[138.75,-1.38],[137.97,-1.26],[136.47,-0.89],[135.97,-0.54],[135.41,-0.24],[135.18,0.09],[134.51,1.05],[134.45,1.1],[134.33,1.14],[134.24,1.13],[134.17,1.09],[133.52,0.56],[132.98,0.11],[132.65,-0.16],[132.43,-0.14],[132.27,-0.14],[131.81,0.6],[131.45,1.18],[131.37,1.25],[131.31,1.28],[131.24,1.29],[131.17,1.27],[131.12,1.23],[130.66,0.75],[129.64,0.87],[129.27,0.91],[128.93,1.63],[128.9,2.44],[128.87,2.53],[128.75,2.74],[128.72,2.78],[127.75,3.41]],[[126.66,-8.22],[126.57,-8.26],[126.48,-8.22],[126.38,-8.22],[126.29,-8.24],[126.19,-8.3],[126.08,-8.31],[125.95,-8.28],[125.85,-8.27],[125.83,-8.25],[126.46,-8.18],[126.66,-8.22]]],[[[124.48,-9.17],[124.47,-9.12],[124.49,-8.97],[124.41,-8.97],[124.26,-9],[124.08,-9.07],[124.09,-9.21],[124.06,-9.29],[124.07,-9.37],[124.1,-9.41],[124.15,-9.43],[124.22,-9.37],[124.27,-9.41],[124.29,-9.49],[124.35,-9.49],[124.35,-9.42],[124.38,-9.36],[124.44,-9.33],[124.48,-9.17]]],[[[132.89,6.47],[132.07,5.49],[132.04,5.45],[131.49,4.27],[131.33,3.94],[130.94,3.1],[130.92,3.01],[130.94,2.92],[130.97,2.87],[131.06,2.81],[131.7,2.61],[131.75,2.6],[131.87,2.63],[131.93,2.69],[132.43,3.5],[133.68,5.5],[134.42,6.69],[134.82,7.31],[134.85,7.4],[134.93,8.06],[134.92,8.14],[134.87,8.23],[134.75,8.35],[134.71,8.38],[134.62,8.41],[134.52,8.38],[134.46,8.33],[134.2,8.03],[133.87,7.64],[133.57,7.29],[133.26,6.91],[132.89,6.47]]]]},"properties":{"tzid":"Asia/Tokyo"}},
{"type":"Feature","geometry":{"type":"MultiPolygon","coordinates":[[[[94.15,13.62],[94.1,13.58],[94.05,13.47],[94.05,13.4],[94.08,13.34],[94.14,13.27],[94.2,13.24],[94.33,13.24],[94.43,13.32],[94.48,13.41],[94.47,13.52],[94.44,13.58],[94.33,13.65],[94.28,13.66],[94.2,13.65],[94.15,13.62]]],[[[93.86,12.49],[93.74,12.45],[93.68,12.39],[93.65,12.32],[93.65,12.24],[93.68,12.16],[93.74,12.1],[93.82,12.07],[93.91,12.07],[93.99,12.1],[94.05,12.16],[94.08,12.24],[94.08,12.32],[94.05,12.39],[93.99,12.45],[93.86,12.49]]],[[[93.05,13.87],[92.91,13.85],[92.76,13.75],[92.71,13.69],[92.62,13.49],[92.49,13.15],[92.44,12.86],[92.46,12.57],[92.22,12.08],[92.01,11.67],[91.99,11.58],[92.01,10.97],[92.02,10.9],[92.18,10.5],[92.2,10.45],[92.39,9.64],[92.53,9.09],[92.68,8.72],[92.89,8.2],[93.15,7.64],[93.48,6.92],[93.63,6.66],[93.67,6.61],[93.75,6.56],[93.85,6.55],[93.96,6.59],[94.03,6.66],[94.08,6.71],[94.11,6.84],[94.14,6.9],[94.15,7],[94.14,7.07],[94.09,7.15],[94.08,7.25],[94.04,7.36],[93.97,7.45],[93.93,7.52],[93.84,7.6],[93.72,7.67],[93.59,7.72],[93.67,7.75],[93.73,7.8],[93.78,7.91],[93.8,8.06],[93.78,8.17],[93.76,8.22],[93.81,8.26],[93.85,8.33],[93.86,8.4],[93.83,8.56],[93.8,8.65],[93.76,8.72],[93.68,8.77],[93.58,8.78],[93.51,8.76],[93.43,8.67],[93.4,8.58],[93.42,8.41],[93.39,8.39],[93.32,8.45],[93.25,8.52],[93.21,8.59],[93.14,8.65],[93.06,8.84],[93.04,8.92],[92.99,9.02],[93.03,9.12],[93.03,9.19],[93,9.29],[92.92,9.4],[92.86,9.44],[92.79,9.72],[92.64,10.35],[92.7,10.4],[92.76,10.51],[92.8,10.69],[92.79,10.82],[92.86,10.92],[92.87,11],[92.92,11.06],[92.94,11.13],[92.91,11.24],[92.93,11.36],[92.91,11.42],[92.96,11.62],[93.02,11.59],[93.13,11.58],[93.18,11.61],[93.26,11.68],[93.29,11.76],[93.29,11.81],[93.25,11.97],[93.31,12.06],[93.33,12.12],[93.3,12.31],[93.24,12.44],[93.18,12.49],[93.16,12.62],[93.18,12.69],[93.16,12.82],[93.23,13.01],[93.23,13.11],[93.29,13.28],[93.3,13.39],[93.3,13.47],[93.26,13.56],[93.26,13.71],[93.23,13.78],[93.13,13.82],[93.05,13.87]]],[[[72.2,12.41],[72.02,12.55],[71.94,12.59],[71.85,12.6],[71.78,12.58],[71.71,12.52],[71.67,12.45],[71.53,12.03],[71.52,11.94],[71.56,11.81],[71.8,11.12],[71.88,10.71],[72.03,9.98],[72.05,9.94],[72.35,9.25],[72.61,8.69],[72.83,8.19],[72.88,8.12],[72.95,8.08],[73.03,8.07],[73.1,8.07],[73.16,8.1],[73.22,8.16],[73.27,8.26],[73.51,8.99],[73.65,9.41],[73.84,10],[73.87,10.13],[73.91,10.8],[73.89,10.9],[73.82,10.98],[73.42,11.37],[73.13,11.65],[72.9,11.83],[72.58,12.09],[72.2,12.41]]],[[[80.86,30.17],[81.03,30.2],[81.03,30.25],[80.93,30.27],[80.91,30.3],[80.83,30.31],[80.72,30.41],[80.61,30.47],[80.54,30.45],[80.5,30.49],[80.42,30.52],[80.35,30.52],[80.32,30.56],[80.21,30.59],[80.19,30.67],[80.25,30.72],[80.18,30.81],[80.11,30.78],[80.05,30.84],[79.99,30.88],[79.93,30.88],[79.86,30.98],[79.78,30.99],[79.6,30.94],[79.55,30.96],[79.51,31.03],[79.43,31.02],[79.41,31.11],[79.32,31.14],[79.3,31.22],[79.23,31.26],[79.25,31.29],[79.22,31.35],[79.14,31.43],[79.08,31.46],[79.02,31.43],[79.02,31.35],[78.94,31.37],[78.91,31.31],[78.83,31.29],[78.78,31.31],[78.75,31.38],[78.8,31.44],[78.72,31.51],[78.74,31.54],[78.85,31.61],[78.76,31.67],[78.7,31.81],[78.73,31.83],[78.74,31.9],[78.78,31.97],[78.74,32],[78.68,32.11],[78.63,32.13],[78.5,32.28],[78.48,32.33],[78.47,32.44],[78.39,32.54],[78.42,32.57],[78.5,32.58],[78.55,32.62],[78.64,32.61],[78.63,32.65],[78.72,32.67],[78.78,32.62],[78.76,32.57],[78.81,32.43],[78.87,32.41],[78.97,32.34],[78.99,32.37],[79.1,32.37],[79.12,32.45],[79.25,32.52],[79.31,32.56],[79.41,32.52],[79.4,32.6],[79.46,32.71],[79.41,32.79],[79.3,32.89],[79.31,32.93],[79.16,33.02],[79.14,33.11],[79.16,33.18],[79.07,33.22],[79.03,33.32],[78.96,33.34],[78.94,33.39],[78.84,33.42],[78.8,33.49],[78.73,33.57],[78.74,33.68],[78.77,33.74],[78.77,33.84],[78.73,33.92],[78.74,34],[78.65,34.05],[78.71,34.09],[78.83,34.12],[78.86,34.17],[78.93,34.15],[78.99,34.31],[79.04,34.33],[78.95,34.39],[78.88,34.4],[78.74,34.45],[78.71,34.53],[78.64,34.54],[78.56,34.51],[78.55,34.57],[78.39,34.61],[78.29,34.62],[78.27,34.7],[78.21,34.72],[78.24,34.87],[78.18,34.93],[78.2,34.97],[78.11,35.03],[78.14,35.08],[78.1,35.12],[78.1,35.17],[78.02,35.22],[78.01,35.36],[78.1,35.43],[78.1,35.5],[77.97,35.5],[77.91,35.46],[77.81,35.52],[77.72,35.46],[77.63,35.46],[77.56,35.49],[77.45,35.46],[77.38,35.47],[77.3,35.55],[77.2,35.52],[77.07,35.59],[76.96,35.6],[76.85,35.67],[76.78,35.66],[76.79,35.59],[76.76,35.52],[76.84,35.44],[76.86,35.39],[76.95,35.39],[77.01,35.29],[76.97,35.25],[77.02,35.18],[77.09,35.17],[77.08,35.1],[77.05,35.05],[76.96,35.02],[76.9,34.93],[76.79,34.95],[76.75,34.89],[76.74,34.81],[76.7,34.75],[76.64,34.73],[76.53,34.77],[76.49,34.8],[76.44,34.75],[76.33,34.72],[76.28,34.72],[76.25,34.68],[76.16,34.63],[76.12,34.64],[76.03,34.69],[75.79,34.51],[75.67,34.54],[75.37,34.54],[75.27,34.64],[75.16,34.66],[75.03,34.63],[74.94,34.67],[74.73,34.68],[74.65,34.71],[74.58,34.76],[74.45,34.78],[74.31,34.78],[74.14,34.66],[73.97,34.69],[73.93,34.64],[73.95,34.56],[73.91,34.53],[73.88,34.45],[73.8,34.42],[73.75,34.37],[73.77,34.33],[73.86,34.32],[73.94,34.34],[73.95,34.28],[73.99,34.27],[74,34.19],[73.93,34.13],[73.9,34.06],[73.97,34.01],[74.02,34.04],[74.13,34.05],[74.23,34.02],[74.28,33.97],[74.28,33.9],[74.19,33.84],[74.06,33.82],[74.01,33.78],[73.98,33.71],[73.98,33.64],[74.03,33.58],[74.14,33.56],[74.19,33.48],[74.17,33.34],[74.13,33.3],[74.02,33.27],[74.02,33.21],[74.07,33.19],[74.15,33.14],[74.17,33.07],[74.32,33.03],[74.34,32.96],[74.42,32.89],[74.45,32.79],[74.52,32.75],[74.63,32.77],[74.66,32.83],[74.7,32.82],[74.65,32.7],[74.65,32.56],[74.73,32.48],[74.86,32.49],[74.94,32.45],[75.02,32.46],[75.03,32.5],[75.11,32.46],[75.14,32.41],[75.19,32.43],[75.34,32.32],[75.37,32.28],[75.26,32.1],[75.18,32.08],[75.12,32.08],[75.01,32.04],[74.93,32.07],[74.83,32],[74.82,31.96],[74.68,31.93],[74.62,31.89],[74.57,31.84],[74.56,31.76],[74.49,31.72],[74.54,31.68],[74.56,31.61],[74.62,31.56],[74.59,31.5],[74.64,31.48],[74.64,31.42],[74.6,31.42],[74.54,31.33],[74.51,31.13],[74.55,31.09],[74.69,31.13],[74.67,31.05],[74.55,31.03],[74.55,30.99],[74.48,30.97],[74.37,30.89],[74.32,30.85],[74.27,30.74],[74.15,30.63],[74.13,30.63],[74.07,30.52],[73.99,30.51],[73.95,30.47],[73.9,30.35],[73.96,30.27],[73.97,30.2],[73.81,30.07],[73.6,30.02],[73.4,29.95],[73.28,29.57],[73.08,29.24],[73,29.15],[72.95,29.03],[72.73,28.95],[72.48,28.81],[72.4,28.78],[72.3,28.67],[72.21,28.39],[72.13,28.31],[72,28.22],[71.93,28.12],[71.9,27.96],[71.67,27.88],[71.38,27.87],[71.21,27.84],[70.91,27.71],[70.76,27.72],[70.68,27.83],[70.68,27.92],[70.59,28.01],[70.51,28.04],[70.37,28.01],[70.3,27.94],[70.23,27.9],[70.13,27.81],[70.03,27.56],[69.93,27.5],[69.86,27.4],[69.7,27.28],[69.59,27.18],[69.51,27.01],[69.48,26.8],[69.51,26.74],[69.73,26.65],[69.79,26.6],[69.89,26.58],[70.06,26.6],[70.17,26.55],[70.19,26.37],[70.16,26.29],[70.18,26.25],[70.14,26.16],[70.09,26.08],[70.1,25.94],[70.17,25.83],[70.22,25.79],[70.27,25.71],[70.39,25.67],[70.53,25.68],[70.61,25.71],[70.67,25.68],[70.66,25.4],[70.74,25.33],[70.75,25.28],[70.89,25.15],[70.94,24.94],[71.03,24.81],[71.07,24.72],[71.09,24.69],[71.01,24.64],[70.99,24.6],[71,24.52],[71,24.44],[71.1,24.44],[71.05,24.36],[70.99,24.37],[70.88,24.3],[70.85,24.24],[70.81,24.22],[70.64,24.22],[70.59,24.28],[70.56,24.35],[70.57,24.42],[70.25,24.33],[70.11,24.3],[70.07,24.2],[70.03,24.17],[69.73,24.17],[69.59,24.29],[69.5,24.27],[69.44,24.28],[69.31,24.28],[69.19,24.24],[69.09,24.27],[69.01,24.22],[68.98,24.23],[68.95,24.3],[68.86,24.21],[68.83,24.31],[68.77,24.27],[68.75,23.97],[68.4,23.97],[68.36,23.99],[68.33,23.93],[68.28,23.93],[68.21,23.87],[68.18,23.68],[68.1,23.63],[67.95,23.47],[68.2,23.25],[68.42,23.07],[68.63,22.52],[68.77,22.13],[68.89,22],[69.08,21.8],[69.4,21.52],[69.45,21.47],[69.51,21.43],[69.6,21.34],[69.8,21.12],[69.95,20.96],[70.12,20.82],[70.34,20.67],[70.52,20.59],[70.73,20.51],[71.49,20.15],[72,19.92],[72.45,19.7],[72.49,19.5],[72.54,19.3],[72.56,19.12],[72.58,18.91],[72.61,18.66],[72.71,18.23],[72.83,17.88],[72.93,17.51],[72.96,17.37],[73.05,16.99],[73.1,16.5],[73.26,15.83],[73.27,15.8],[73.58,15.25],[73.72,15],[73.87,14.72],[74.18,14.27],[74.12,14.02],[74.14,13.92],[74.45,13.34],[74.47,13.17],[74.49,13.1],[74.62,12.8],[74.82,12.33],[75.02,11.91],[75.35,11.39],[75.73,10.7],[75.84,10.45],[76.03,9.92],[76.11,9.47],[76.14,9.36],[76.19,9.24],[76.32,8.95],[76.37,8.8],[76.44,8.72],[76.48,8.69],[76.53,8.62],[76.78,8.32],[76.83,8.25],[77.03,8.09],[77.11,8.02],[77.25,7.93],[77.53,7.87],[77.65,7.9],[77.84,8],[78.18,8.2],[78.25,8.28],[78.32,8.42],[78.4,8.64],[78.68,8.91],[79.08,8.99],[79.48,8.9],[79.58,8.87],[79.69,8.87],[79.72,8.86],[79.72,8.78],[79.74,8.71],[79.66,8.68],[79.63,8.64],[79.58,8.55],[79.58,8.43],[79.56,8.36],[79.51,8.3],[79.49,8.21],[79.51,8.02],[79.55,7.88],[79.6,7.68],[79.59,7.6],[79.59,7.51],[79.63,7.29],[79.62,7.23],[79.62,7.14],[79.66,7.03],[79.64,6.9],[79.68,6.72],[79.76,6.54],[79.78,6.4],[79.83,6.28],[79.85,6.2],[79.88,6.1],[79.94,6.01],[80.01,5.93],[80.14,5.84],[80.21,5.81],[80.41,5.75],[80.57,5.72],[80.65,5.73],[80.79,5.77],[80.9,5.85],[81.06,5.91],[81.17,5.93],[81.26,5.97],[81.43,6.03],[81.51,6.08],[81.75,6.27],[81.87,6.38],[81.95,6.53],[82.02,6.71],[82.08,6.99],[82.06,7.12],[82.07,7.3],[82.06,7.38],[82.02,7.51],[81.99,7.62],[81.94,7.76],[81.87,7.85],[81.78,7.95],[81.73,8.09],[81.66,8.16],[81.6,8.29],[81.59,8.39],[81.54,8.57],[81.51,8.63],[81.42,8.7],[81.4,8.79],[81.35,8.86],[81.28,8.92],[81.22,9.01],[81.18,9.04],[81.12,9.12],[81.05,9.24],[80.98,9.4],[80.94,9.45],[80.8,9.58],[80.5,9.81],[80.39,9.97],[80.34,10.01],[80.26,10.03],[80.19,10.03],[80.08,10.02],[80,10.02],[79.89,9.99],[79.76,9.94],[79.63,9.82],[79.58,9.74],[79.5,9.68],[79.45,9.58],[79.4,9.51],[79.32,9.53],[79.25,9.52],[79.18,9.49],[79.12,9.51],[79.16,9.59],[79.3,9.75],[79.33,9.82],[79.44,9.93],[79.47,10.02],[79.46,10.11],[79.73,10.07],[79.87,10.08],[79.97,10.11],[80.03,10.16],[80.08,10.25],[80.07,10.88],[80.06,11.21],[80.05,11.38],[79.99,11.68],[80.18,12.13],[80.34,12.37],[80.41,12.55],[80.45,12.73],[80.55,13.24],[80.55,13.32],[80.53,13.48],[80.46,13.81],[80.4,14.57],[80.42,15.35],[80.96,15.52],[81.01,15.53],[81.13,15.59],[81.2,15.64],[81.23,15.72],[81.3,15.82],[81.79,16.11],[82.04,16.21],[82.42,16.39],[82.48,16.44],[82.94,16.97],[83.36,17.45],[83.83,17.82],[84.27,18.16],[84.52,18.42],[84.7,18.64],[85.18,18.95],[85.76,19.32],[86.15,19.57],[86.49,19.78],[86.52,19.81],[86.94,20.2],[87.24,20.58],[87.64,20.74],[88.24,20.97],[88.82,21.2],[89.2,21.36],[89.19,21.44],[89.17,21.57],[89.04,21.77],[89.04,21.84],[89.03,21.92],[89.07,21.93],[89.08,21.99],[89.04,22.1],[89.07,22.19],[88.99,22.33],[89,22.43],[88.93,22.64],[88.96,22.68],[88.91,22.76],[88.96,22.82],[88.95,22.88],[88.91,22.88],[88.87,23],[88.88,23.04],[88.87,23.1],[88.92,23.13],[88.94,23.21],[88.91,23.23],[88.85,23.23],[88.81,23.26],[88.72,23.26],[88.75,23.48],[88.65,23.56],[88.64,23.61],[88.59,23.64],[88.56,23.71],[88.59,23.8],[88.59,23.87],[88.67,23.87],[88.74,23.92],[88.72,24],[88.75,24.03],[88.7,24.08],[88.7,24.15],[88.74,24.19],[88.74,24.24],[88.71,24.3],[88.65,24.29],[88.5,24.32],[88.37,24.41],[88.11,24.52],[88.08,24.63],[88.01,24.67],[88.06,24.73],[88.11,24.81],[88.16,24.86],[88.17,24.95],[88.23,24.96],[88.26,24.89],[88.34,24.87],[88.44,25.01],[88.46,25.08],[88.44,25.2],[88.48,25.21],[88.58,25.18],[88.62,25.21],[88.72,25.21],[88.8,25.17],[88.83,25.21],[88.87,25.18],[88.95,25.18],[88.95,25.25],[89.01,25.3],[88.92,25.31],[88.84,25.37],[88.83,25.49],[88.76,25.53],[88.71,25.48],[88.65,25.48],[88.6,25.52],[88.55,25.52],[88.45,25.6],[88.45,25.66],[88.4,25.67],[88.36,25.72],[88.24,25.81],[88.17,25.79],[88.1,25.83],[88.09,25.93],[88.19,26.06],[88.16,26.1],[88.18,26.15],[88.32,26.2],[88.35,26.28],[88.43,26.33],[88.52,26.36],[88.48,26.46],[88.42,26.47],[88.35,26.51],[88.4,26.63],[88.45,26.54],[88.56,26.46],[88.65,26.43],[88.7,26.34],[88.67,26.27],[88.8,26.31],[88.84,26.23],[88.88,26.29],[88.92,26.29],[88.95,26.24],[89.05,26.24],[89.04,26.28],[88.98,26.31],[88.91,26.37],[88.98,26.42],[89.09,26.39],[89.15,26.21],[89.16,26.14],[89.23,26.12],[89.25,26.06],[89.36,26.01],[89.52,26.01],[89.59,25.98],[89.59,26.04],[89.64,26.06],[89.6,26.15],[89.66,26.22],[89.68,26.16],[89.74,26.16],[89.8,26.08],[89.82,26.01],[89.89,25.95],[89.83,25.87],[89.84,25.72],[89.88,25.62],[89.86,25.52],[89.82,25.39],[89.84,25.3],[89.97,25.3],[90.12,25.22],[90.17,25.22],[90.45,25.15],[90.53,25.17],[90.63,25.17],[90.7,25.16],[90.77,25.18],[90.85,25.16],[90.93,25.16],[91.07,25.2],[91.26,25.2],[91.48,25.13],[91.58,25.17],[91.64,25.12],[91.71,25.16],[91.91,25.18],[91.98,25.17],[92.05,25.19],[92.19,25.14],[92.23,25.1],[92.35,25.05],[92.43,25.03],[92.42,24.97],[92.5,24.9],[92.42,24.85],[92.25,24.91],[92.3,24.73],[92.26,24.68],[92.23,24.53],[92.17,24.53],[92.17,24.44],[92.09,24.37],[92,24.39],[91.92,24.33],[91.95,24.26],[91.91,24.14],[91.82,24.21],[91.75,24.24],[91.76,24.15],[91.73,24.14],[91.65,24.17],[91.64,24.11],[91.59,24.07],[91.47,24.1],[91.38,24.11],[91.4,24.05],[91.36,23.98],[91.27,23.96],[91.23,23.88],[91.25,23.83],[91.21,23.75],[91.17,23.75],[91.16,23.69],[91.17,23.59],[91.25,23.49],[91.26,23.44],[91.3,23.35],[91.29,23.32],[91.32,23.24],[91.33,23.16],[91.37,23.07],[91.41,23.08],[91.38,23.19],[91.42,23.26],[91.5,23.19],[91.5,23.15],[91.55,23.04],[91.56,22.98],[91.62,22.94],[91.64,22.97],[91.72,22.99],[91.83,23.09],[91.81,23.14],[91.76,23.31],[91.85,23.41],[91.97,23.48],[91.95,23.62],[91.93,23.68],[91.98,23.74],[92,23.67],[92.07,23.65],[92.14,23.73],[92.2,23.7],[92.28,23.73],[92.27,23.64],[92.31,23.58],[92.32,23.49],[92.38,23.35],[92.4,23.24],[92.35,23.23],[92.36,23.1],[92.39,23.06],[92.37,22.97],[92.46,22.86],[92.48,22.75],[92.52,22.72],[92.54,22.49],[92.61,22.14],[92.58,22.12],[92.61,21.97],[92.68,22.04],[92.68,22.11],[92.73,22.15],[92.86,22.03],[92.92,21.99],[92.99,22.06],[93.04,22.14],[93.04,22.2],[93.07,22.21],[93.16,22.19],[93.14,22.24],[93.2,22.26],[93.19,22.34],[93.19,22.43],[93.13,22.47],[93.11,22.56],[93.14,22.59],[93.11,22.64],[93.09,22.71],[93.1,22.81],[93.15,22.93],[93.12,23.01],[93.14,23.05],[93.21,23.05],[93.25,23.01],[93.32,23.03],[93.37,23.12],[93.39,23.22],[93.36,23.35],[93.39,23.36],[93.4,23.51],[93.42,23.54],[93.42,23.64],[93.44,23.68],[93.39,23.75],[93.39,23.92],[93.35,23.95],[93.33,24.05],[93.34,24.09],[93.4,24.09],[93.47,23.97],[93.51,23.95],[93.63,24.01],[93.76,24.01],[93.82,23.92],[93.89,23.95],[93.97,23.92],[94.02,23.93],[94.16,23.85],[94.17,23.93],[94.26,24.08],[94.26,24.16],[94.41,24.44],[94.46,24.57],[94.51,24.59],[94.54,24.64],[94.55,24.71],[94.61,24.71],[94.63,24.75],[94.63,24.84],[94.71,24.93],[94.75,25.06],[94.73,25.13],[94.6,25.18],[94.59,25.27],[94.69,25.47],[94.81,25.5],[94.83,25.55],[94.91,25.61],[94.94,25.67],[95.04,25.74],[95.05,25.79],[95.01,25.9],[95.1,25.96],[95.19,26.07],[95.12,26.1],[95.11,26.23],[95.13,26.39],[95.07,26.47],[95.15,26.62],[95.23,26.68],[95.3,26.65],[95.43,26.7],[95.48,26.75],[95.54,26.84],[95.61,26.81],[95.67,26.9],[95.72,26.88],[95.8,27.02],[95.88,27.02],[95.95,27.05],[96.02,27.18],[96.09,27.22],[96.23,27.28],[96.31,27.29],[96.39,27.28],[96.46,27.31],[96.52,27.29],[96.61,27.37],[96.8,27.35],[96.89,27.23],[96.86,27.19],[96.96,27.16],[97.06,27.1],[97.14,27.1],[97.16,27.14],[97.09,27.24],[97,27.32],[96.96,27.4],[96.9,27.45],[96.93,27.51],[96.91,27.61],[96.98,27.66],[97.02,27.74],[97.1,27.77],[97.24,27.9],[97.3,27.92],[97.38,27.89],[97.36,27.97],[97.4,28.01],[97.35,28.07],[97.33,28.14],[97.36,28.17],[97.35,28.22],[97.24,28.27],[97.24,28.29],[97.13,28.36],[97.08,28.37],[97.02,28.32],[96.98,28.33],[96.89,28.39],[96.86,28.48],[96.76,28.52],[96.75,28.57],[96.65,28.62],[96.63,28.73],[96.52,28.87],[96.53,28.93],[96.45,28.94],[96.44,28.99],[96.36,29.04],[96.37,29.08],[96.31,29.13],[96.32,29.15],[96.27,29.24],[96.15,29.3],[96.14,29.34],[96.07,29.37],[95.94,29.36],[95.88,29.31],[95.81,29.35],[95.71,29.21],[95.61,29.24],[95.57,29.18],[95.52,29.14],[95.31,29.14],[95.27,29.1],[95.1,29.11],[95.08,29.15],[94.93,29.16],[94.75,29.23],[94.73,29.29],[94.69,29.32],[94.59,29.27],[94.56,29.23],[94.46,29.21],[94.45,29.18],[94.38,29.15],[94.3,29.15],[94.28,29.11],[94.31,29.08],[94.34,29],[94.27,28.97],[94.26,28.93],[94.18,28.94],[94.13,28.89],[94.08,28.88],[93.97,28.82],[93.9,28.75],[93.79,28.73],[93.71,28.66],[93.64,28.66],[93.62,28.69],[93.52,28.67],[93.5,28.63],[93.46,28.61],[93.39,28.53],[93.33,28.52],[93.25,28.55],[93.17,28.45],[93.15,28.37],[92.99,28.27],[92.94,28.26],[92.92,28.2],[92.83,28.17],[92.79,28.19],[92.74,28.15],[92.68,28.15],[92.66,28.07],[92.74,28.04],[92.7,27.96],[92.64,27.91],[92.48,27.84],[92.42,27.84],[92.32,27.8],[92.29,27.87],[92.24,27.89],[92.05,27.78],[91.98,27.78],[91.92,27.72],[91.87,27.72],[91.83,27.79],[91.73,27.78],[91.66,27.83],[91.57,27.82],[91.61,27.82],[91.64,27.77],[91.63,27.7],[91.57,27.66],[91.57,27.58],[91.65,27.48],[91.78,27.47],[92.02,27.48],[92.06,27.4],[92.06,27.33],[92.12,27.29],[92.07,27.24],[92.03,27.16],[92.04,27.05],[92.08,27.04],[92.12,26.97],[92.12,26.89],[92.06,26.85],[91.99,26.86],[91.89,26.92],[91.82,26.86],[91.72,26.81],[91.63,26.82],[91.5,26.79],[91.41,26.84],[91.34,26.78],[91.23,26.81],[91.1,26.82],[91.05,26.78],[91,26.79],[90.69,26.77],[90.55,26.82],[90.42,26.9],[90.36,26.9],[90.3,26.85],[90.23,26.86],[90.18,26.8],[90.19,26.77],[90.04,26.73],[89.9,26.72],[89.86,26.7],[89.77,26.7],[89.68,26.74],[89.65,26.78],[89.56,26.81],[89.46,26.81],[89.38,26.86],[89.32,26.85],[89.26,26.82],[89.13,26.81],[89.1,26.89],[89.02,26.94],[88.98,26.92],[88.92,26.99],[88.87,26.95],[88.88,27.07],[88.85,27.11],[88.77,27.14],[88.76,27.17],[88.8,27.25],[88.91,27.27],[88.92,27.33],[88.81,27.41],[88.78,27.47],[88.77,27.56],[88.84,27.66],[88.86,27.82],[88.89,27.86],[88.84,27.95],[88.84,28.02],[88.75,28.08],[88.67,28.08],[88.63,28.12],[88.49,28.05],[88.47,28.02],[88.19,27.94],[88.14,27.97],[88.13,27.88],[88.2,27.84],[88.2,27.79],[88.16,27.74],[88.14,27.67],[88.08,27.59],[88.04,27.48],[88.08,27.43],[88.04,27.37],[88.07,27.34],[88.03,27.29],[88.01,27.14],[88.04,27.04],[88.12,26.99],[88.14,26.9],[88.17,26.87],[88.19,26.75],[88.16,26.65],[88.11,26.56],[88.1,26.47],[88.08,26.42],[87.99,26.37],[87.92,26.43],[87.85,26.44],[87.79,26.47],[87.77,26.42],[87.68,26.42],[87.59,26.39],[87.47,26.44],[87.39,26.42],[87.31,26.37],[87.25,26.41],[87.16,26.4],[87.09,26.45],[87.07,26.54],[86.93,26.52],[86.89,26.46],[86.83,26.44],[86.77,26.46],[86.69,26.45],[86.57,26.5],[86.54,26.54],[86.31,26.62],[86.14,26.62],[86.03,26.67],[85.97,26.66],[85.86,26.57],[85.85,26.61],[85.75,26.64],[85.72,26.67],[85.73,26.8],[85.64,26.85],[85.54,26.84],[85.45,26.78],[85.41,26.79],[85.33,26.74],[85.21,26.76],[85.18,26.81],[85.19,26.87],[85.1,26.87],[85.06,26.85],[84.96,26.96],[84.86,26.99],[84.82,27.02],[84.76,27],[84.64,27.05],[84.67,27.09],[84.68,27.24],[84.62,27.34],[84.29,27.38],[84.25,27.45],[84.18,27.47],[84.11,27.52],[84.05,27.44],[83.87,27.43],[83.83,27.37],[83.61,27.47],[83.39,27.48],[83.41,27.41],[83.34,27.33],[83.29,27.34],[83.27,27.38],[83.19,27.45],[83.03,27.45],[82.95,27.47],[82.93,27.5],[82.74,27.5],[82.76,27.59],[82.71,27.72],[82.61,27.71],[82.47,27.68],[82.4,27.7],[82.21,27.84],[82.12,27.87],[82.06,27.92],[81.97,27.93],[81.9,27.85],[81.8,27.9],[81.7,27.99],[81.64,27.99],[81.48,28.08],[81.45,28.16],[81.32,28.2],[81.23,28.29],[81.21,28.36],[81.08,28.38],[81.03,28.43],[80.91,28.47],[80.77,28.57],[80.71,28.57],[80.67,28.64],[80.61,28.64],[80.54,28.69],[80.5,28.66],[80.52,28.55],[80.45,28.63],[80.38,28.63],[80.12,28.83],[80.06,28.84],[80.06,28.92],[80.13,29.01],[80.15,29.1],[80.19,29.14],[80.26,29.14],[80.26,29.21],[80.32,29.3],[80.28,29.35],[80.25,29.45],[80.3,29.45],[80.35,29.56],[80.41,29.6],[80.42,29.65],[80.38,29.67],[80.37,29.75],[80.42,29.8],[80.49,29.8],[80.55,29.85],[80.6,29.96],[80.67,29.96],[80.74,30],[80.81,30.09],[80.88,30.13],[80.86,30.17]]]]},"properties":{"tzid":"Asia/Kolkata"}},
{"type":"Feature","geometry":{"type":"MultiPolygon","coordinates":[[[[26.5,36.45],[26.5,36.38],[26.56,36.34],[26.6,36.24],[26.64,36.21],[26.75,36.2],[26.81,36.22],[26.86,36.29],[26.85,36.34],[26.72,36.43],[26.66,36.5],[26.58,36.52],[26.57,36.61],[26.48,36.69],[26.35,36.72],[26.23,36.68],[26.17,36.64],[26.12,36.64],[26.04,36.59],[26.03,36.54],[26.08,36.47],[26.3,36.43],[26.38,36.43],[26.5,36.45]]],[[[25.96,36.34],[25.94,36.4],[25.82,36.47],[25.71,36.47],[25.64,36.4],[25.63,36.34],[25.75,36.21],[25.83,36.19],[25.9,36.19],[25.98,36.23],[25.99,36.29],[25.96,36.34]]],[[[25.18,36.15],[25.24,36.14],[25.31,36.17],[25.35,36.27],[25.44,36.25],[25.55,36.3],[25.59,36.35],[25.57,36.45],[25.48,36.54],[25.41,36.56],[25.33,36.55],[25.27,36.51],[25.23,36.46],[25.2,36.34],[25.13,36.31],[25.1,36.25],[25.11,36.21],[25.18,36.15]]],[[[26.14,35.9],[26.12,35.84],[26.16,35.79],[26.25,35.78],[26.3,35.8],[26.34,35.87],[26.32,35.92],[26.25,35.95],[26.19,35.94],[26.14,35.9]]],[[[26.56,35.86],[26.6,35.9],[26.58,35.98],[26.54,36],[26.49,36.11],[26.4,36.16],[26.34,36.15],[26.29,36.1],[26.3,36.05],[26.35,35.96],[26.41,35.9],[26.35,35.82],[26.37,35.78],[26.43,35.74],[26.5,35.74],[26.56,35.78],[26.56,35.86]]],[[[26.72,35.86],[26.76,35.81],[26.85,35.8],[26.91,35.83],[26.94,35.9],[26.92,35.95],[26.87,35.99],[26.78,35.98],[26.72,35.91],[26.72,35.86]]],[[[27.02,35.32],[27.2,35.33],[27.32,35.44],[27.34,35.49],[27.31,35.58],[27.27,35.63],[27.32,35.71],[27.34,35.83],[27.34,35.93],[27.3,35.97],[27.21,35.99],[27.15,35.96],[27.09,35.89],[27.06,35.76],[26.95,35.6],[27,35.52],[26.91,35.54],[26.8,35.51],[26.74,35.47],[26.72,35.42],[26.74,35.32],[26.84,35.26],[26.92,35.26],[27.02,35.32]]],[[[24.17,34.73],[24.23,34.79],[24.22,34.86],[24.18,34.93],[24.11,34.95],[24.01,35.02],[23.96,35.02],[23.89,34.95],[23.91,34.89],[23.98,34.78],[24.08,34.73],[24.17,34.73]]],[[[25.53,35.53],[25.64,35.53],[25.67,35.57],[25.67,35.63],[25.63,35.67],[25.56,35.68],[25.49,35.65],[25.48,35.56],[25.53,35.53]]],[[[24.94,35.51],[24.83,35.5],[24.7,35.51],[24.61,35.5],[24.55,35.46],[24.36,35.44],[24.28,35.6],[24.22,35.66],[24.1,35.68],[24.04,35.67],[23.98,35.62],[23.88,35.61],[23.86,35.71],[23.77,35.77],[23.67,35.76],[23.63,35.72],[23.53,35.72],[23.48,35.67],[23.4,35.64],[23.37,35.59],[23.41,35.52],[23.46,35.5],[23.41,35.3],[23.46,35.2],[23.56,35.15],[23.67,35.14],[23.83,35.16],[23.99,35.12],[24.18,35.11],[24.28,35.09],[24.33,35.1],[24.48,35.05],[24.49,34.96],[24.54,34.93],[24.63,34.93],[24.65,34.87],[24.72,34.84],[24.85,34.85],[24.97,34.84],[25.21,34.87],[25.38,34.91],[25.52,34.9],[25.58,34.88],[25.62,34.8],[25.71,34.78],[25.83,34.83],[25.83,34.92],[25.94,34.95],[26.02,34.93],[26.04,34.87],[26.15,34.84],[26.23,34.89],[26.26,34.95],[26.32,34.99],[26.42,35.16],[26.45,35.27],[26.45,35.3],[26.38,35.38],[26.27,35.4],[26.2,35.46],[26.13,35.46],[26.08,35.42],[26.06,35.32],[25.91,35.27],[25.86,35.28],[25.87,35.36],[25.8,35.42],[25.67,35.43],[25.47,35.38],[25.38,35.42],[25.34,35.5],[25.23,35.55],[25.14,35.53],[25.06,35.49],[24.94,35.51]]],[[[23.18,35.86],[23.25,35.77],[23.32,35.74],[23.39,35.76],[23.43,35.82],[23.4,35.92],[23.35,35.96],[23.34,36.01],[23.28,36.06],[23.2,36.05],[23.12,36],[23.11,35.94],[23.18,35.86]]],[[[23.85,36.92],[23.8,36.9],[23.77,36.85],[23.8,36.79],[23.89,36.76],[23.96,36.78],[23.99,36.87],[23.93,36.92],[23.85,36.92]]],[[[23.63,36.69],[23.7,36.76],[23.68,36.83],[23.62,36.85],[23.53,36.83],[23.5,36.78],[23.53,36.72],[23.63,36.69]]],[[[23.35,36.93],[23.41,36.84],[23.5,36.83],[23.56,36.87],[23.57,36.92],[23.51,37],[23.4,37],[23.35,36.93]]],[[[25.28,38.25],[25.21,38.21],[25.19,38.17],[25.25,38.09],[25.35,38.09],[25.4,38.16],[25.34,38.24],[25.28,38.25]]],[[[25.67,38.66],[25.62,38.68],[25.5,38.68],[25.44,38.64],[25.39,38.52],[25.42,38.48],[25.51,38.44],[25.63,38.46],[25.7,38.5],[25.72,38.56],[25.71,38.63],[25.67,38.66]]],[[[24.62,39],[24.5,39.09],[24.45,39.1],[24.37,39.04],[24.35,38.93],[24.26,38.89],[24.24,38.83],[24.26,38.79],[24.33,38.75],[24.42,38.74],[24.56,38.68],[24.67,38.68],[24.78,38.75],[24.78,38.83],[24.69,38.91],[24.68,38.96],[24.62,39]]],[[[24.9,39.58],[24.87,39.52],[24.89,39.44],[24.95,39.39],[25.04,39.4],[25.13,39.47],[25.16,39.56],[25.13,39.6],[25,39.64],[24.93,39.62],[24.9,39.58]]],[[[25.05,40.07],[24.98,40.05],[24.93,39.99],[24.95,39.9],[24.95,39.8],[25.01,39.76],[25.14,39.72],[25.27,39.72],[25.34,39.71],[25.43,39.73],[25.47,39.79],[25.46,39.85],[25.53,39.94],[25.55,40.04],[25.53,40.07],[25.43,40.11],[25.29,40.07],[25.11,40.1],[25.05,40.07]]],[[[25.76,40.52],[25.7,40.56],[25.58,40.59],[25.51,40.58],[25.38,40.53],[25.34,40.47],[25.39,40.41],[25.5,40.34],[25.6,40.32],[25.75,40.36],[25.8,40.43],[25.76,40.52]]],[[[21.27,37.26],[21.22,37.37],[21.14,37.43],[21.05,37.46],[20.92,37.45],[20.8,37.38],[20.76,37.31],[20.76,37.2],[20.78,37.14],[20.87,37.07],[20.97,37.04],[21.06,37.04],[21.14,37.07],[21.21,37.11],[21.27,37.2],[21.27,37.26]]],[[[29.65,36.03],[29.68,36.08],[29.59,36.18],[29.54,36.16],[29.39,36.16],[29.41,36.1],[29.5,36.05],[29.65,36.03]]],[[[27.1,37.43],[27.07,37.54],[27.01,37.56],[26.92,37.56],[26.85,37.53],[26.83,37.44],[26.88,37.39],[26.98,37.31],[26.99,37.24],[27.03,37.21],[27.1,37.2],[27.16,37.22],[27.2,37.26],[27.1,37.39],[27.1,37.43]]],[[[28.15,36.52],[28.14,36.5],[28.02,36.47],[27.81,36.38],[27.78,36.35],[27.73,36.37],[27.6,36.33],[27.56,36.34],[27.57,36.4],[27.51,36.47],[27.41,36.55],[27.31,36.56],[27.3,36.62],[27.27,36.66],[27.27,36.73],[27.28,36.75],[27.39,36.8],[27.46,36.85],[27.45,36.88],[27.39,36.93],[27.32,36.92],[27.23,36.94],[27.12,37.01],[27.14,37.03],[27.15,37.08],[27.13,37.14],[27.04,37.16],[27,37.15],[26.91,37.25],[26.89,37.36],[26.76,37.48],[26.69,37.49],[26.64,37.55],[26.68,37.62],[26.73,37.56],[26.81,37.54],[26.95,37.58],[26.94,37.64],[26.99,37.69],[27.1,37.7],[27.16,37.78],[27.14,37.84],[27,37.88],[26.92,37.87],[26.74,37.89],[26.63,37.87],[26.52,37.82],[26.46,37.72],[26.36,37.77],[26.25,37.75],[26.18,37.71],[26.07,37.71],[25.99,37.68],[25.89,37.57],[25.87,37.52],[25.9,37.46],[25.95,37.43],[26.07,37.44],[26.16,37.48],[26.23,37.49],[26.31,37.53],[26.37,37.46],[26.34,37.41],[26.36,37.36],[26.43,37.33],[26.43,37.26],[26.51,37.2],[26.6,37.19],[26.67,37.15],[26.74,37.06],[26.79,37.03],[26.78,36.99],[26.86,36.82],[26.83,36.79],[26.82,36.7],[26.84,36.66],[26.93,36.6],[26.86,36.52],[26.89,36.44],[26.96,36.42],[27.02,36.43],[27.1,36.49],[27.18,36.48],[27.21,36.38],[27.33,36.31],[27.43,36.28],[27.44,36.16],[27.5,36.13],[27.59,36.13],[27.64,36.05],[27.61,36.01],[27.6,35.91],[27.67,35.83],[27.72,35.8],[27.79,35.8],[27.91,35.85],[28.01,35.97],[28.1,35.94],[28.17,35.96],[28.19,36],[28.2,36.12],[28.24,36.17],[28.35,36.39],[28.34,36.46],[28.27,36.53],[28.19,36.54],[28.15,36.52]]],[[[26.2,38.19],[26.17,38.26],[26.22,38.35],[26.23,38.44],[26.34,38.49],[26.32,38.54],[26.25,38.61],[26.07,38.68],[25.99,38.68],[25.83,38.66],[25.76,38.62],[25.73,38.55],[25.77,38.45],[25.87,38.37],[25.79,38.31],[25.76,38.25],[25.81,38.16],[26.01,38.05],[26.06,38.06],[26.2,38.19]]],[[[26.64,39.19],[26.56,39.22],[26.49,39.28],[26.47,39.4],[26.44,39.43],[26.35,39.44],[26.17,39.42],[26.07,39.39],[25.98,39.36],[25.86,39.37],[25.78,39.3],[25.72,39.22],[25.73,39.16],[25.82,39.09],[25.91,39.04],[26.05,39],[26.1,38.95],[26.22,38.94],[26.3,38.9],[26.39,38.88],[26.52,38.89],[26.59,38.9],[26.69,38.98],[26.71,39.06],[26.64,39.19]]],[[[27.96,36.48],[27.93,36.53],[27.93,36.64],[27.87,36.7],[27.76,36.69],[27.7,36.61],[27.65,36.58],[27.67,36.51],[27.87,36.43],[27.96,36.48]]],[[[25.95,40.69],[26.04,40.73],[26.13,40.74],[26.16,40.81],[26.25,40.88],[26.3,40.9],[26.33,40.98],[26.37,41.02],[26.31,41.08],[26.34,41.14],[26.31,41.17],[26.32,41.25],[26.41,41.25],[26.5,41.33],[26.58,41.32],[26.63,41.34],[26.59,41.53],[26.6,41.61],[26.53,41.62],[26.47,41.67],[26.39,41.69],[26.33,41.74],[26.37,41.82],[26.54,41.82],[26.64,41.97],[26.75,41.96],[26.79,41.99],[26.97,42],[27.03,42.08],[27.07,42.09],[27.19,42.06],[27.22,42.1],[27.31,42.09],[27.38,42.05],[27.45,41.97],[27.57,41.94],[27.71,41.98],[27.78,41.97],[27.87,42],[27.91,41.97],[28.32,41.98],[28.28,42.09],[28.17,42.22],[28.1,42.25],[28.07,42.32],[28.17,42.66],[28.18,42.9],[28.16,42.98],[28.29,43.18],[28.43,43.16],[28.52,43.16],[28.65,43.21],[28.76,43.31],[28.83,43.4],[28.89,43.54],[28.85,43.67],[28.86,43.75],[28.94,43.94],[28.97,44.07],[29.13,44.44],[29.22,44.54],[29.57,44.58],[29.67,44.61],[29.82,44.7],[29.88,44.77],[30.04,45.07],[30.24,45.05],[30.35,45.08],[30.41,45.11],[30.48,45.2],[30.48,45.31],[30.41,45.4],[30.28,45.45],[30.17,45.46],[30.07,45.43],[30.07,45.51],[30.21,45.58],[30.26,45.62],[30.45,45.73],[30.64,45.91],[30.67,45.96],[30.75,45.99],[30.93,46.14],[30.97,46.23],[31.02,46.3],[31.05,46.38],[31.16,46.41],[31.24,46.4],[31.25,46.26],[31.31,46.17],[31.39,46.11],[31.48,46.07],[31.62,46.04],[31.89,46],[32.08,45.95],[32.25,45.92],[32.45,45.87],[32.77,45.83],[32.87,45.83],[32.97,45.87],[33.54,46.01],[33.59,46.06],[33.57,46.1],[33.64,46.15],[33.62,46.23],[33.74,46.19],[33.81,46.2],[34.05,46.11],[34.12,46.11],[34.25,46.05],[34.32,46.07],[34.44,45.96],[34.5,45.94],[34.56,45.99],[34.67,45.97],[34.75,45.91],[34.8,45.9],[34.8,45.81],[34.98,45.76],[35.23,45.79],[35.15,45.93],[35.27,45.96],[35.34,45.99],[35.47,46.15],[35.58,46.26],[35.65,46.29],[35.72,46.35],[35.84,46.41],[35.89,46.36],[36,46.31],[36.14,46.3],[36.28,46.34],[36.36,46.42],[36.55,46.54],[36.63,46.48],[36.78,46.46],[36.93,46.5],[37.01,46.58],[37.02,46.64],[37.1,46.69],[37.17,46.71],[37.33,46.69],[37.44,46.72],[37.62,46.83],[38.14,46.86],[38.34,46.98],[38.23,47.12],[38.23,47.23],[38.32,47.26],[38.34,47.31],[38.22,47.31],[38.26,47.37],[38.3,47.39],[38.28,47.54],[38.35,47.62],[38.46,47.64],[38.62,47.64],[38.67,47.7],[38.77,47.69],[38.79,47.82],[38.84,47.87],[39.08,47.87],[39.11,47.84],[39.24,47.87],[39.39,47.87],[39.57,47.84],[39.74,47.83],[39.79,47.87],[39.82,48],[39.88,48.04],[39.88,48.12],[39.94,48.18],[39.94,48.23],[40.02,48.25],[39.84,48.33],[39.95,48.35],[39.9,48.45],[39.85,48.47],[39.86,48.56],[39.8,48.59],[39.69,48.59],[39.67,48.62],[39.72,48.69],[39.73,48.75],[39.78,48.79],[39.8,48.84],[39.98,48.79],[40.08,48.87],[40.06,48.9],[39.85,48.89],[39.7,49],[39.69,49.05],[39.94,49.08],[40.03,49.18],[40.08,49.19],[40.19,49.28],[40.2,49.35],[40.11,49.39],[40.03,49.45],[40.04,49.52],[40.17,49.57],[40.14,49.62],[39.95,49.6],[39.89,49.56],[39.81,49.56],[39.75,49.6],[39.66,49.61],[39.59,49.72],[39.44,49.76],[39.38,49.74],[39.29,49.76],[39.23,49.81],[39.18,49.89],[39.07,49.82],[38.93,49.8],[38.9,49.87],[38.85,49.86],[38.74,49.9],[38.72,49.93],[38.58,49.98],[38.49,49.96],[38.35,50.01],[38.33,50.09],[38.18,50.08],[38.22,49.98],[38.17,49.94],[38.06,49.92],[37.96,49.98],[37.93,50.03],[37.76,50.08],[37.62,50.22],[37.63,50.29],[37.48,50.36],[37.47,50.43],[37.33,50.44],[37.29,50.4],[37.11,50.35],[36.94,50.35],[36.69,50.27],[36.65,50.22],[36.56,50.25],[36.49,50.31],[36.42,50.33],[36.36,50.29],[36.16,50.43],[36.07,50.45],[35.83,50.43],[35.74,50.35],[35.63,50.35],[35.58,50.4],[35.59,50.45],[35.48,50.49],[35.44,50.53],[35.39,50.64],[35.46,50.69],[35.49,50.78],[35.41,50.81],[35.4,50.9],[35.33,50.95],[35.33,50.99],[35.41,51.05],[35.3,51.08],[35.21,51.05],[35.17,51.08],[35.12,51.17],[35.15,51.22],[34.95,51.23],[34.82,51.17],[34.67,51.2],[34.66,51.25],[34.48,51.24],[34.38,51.27],[34.33,51.24],[34.24,51.29],[34.31,51.33],[34.22,51.43],[34.31,51.52],[34.17,51.65],[34.22,51.7],[34.42,51.72],[34.41,51.83],[34.23,51.91],[34.06,52.07],[34.12,52.14],[34.05,52.17],[33.79,52.37],[33.6,52.33],[33.38,52.37],[33.35,52.35],[33.21,52.38],[33.07,52.33],[33,52.27],[32.83,52.28],[32.76,52.26],[32.69,52.27],[32.55,52.33],[32.35,52.32],[32.4,52.25],[32.32,52.22],[32.35,52.18],[32.29,52.1],[32.07,52.03],[31.96,52.05],[31.86,52.11],[31.47,52.12],[31.4,52.14],[31.33,52.11],[31.25,52.04],[31.14,52.1],[30.93,52.08],[30.94,52.01],[30.89,51.97],[30.81,51.95],[30.65,51.82],[30.67,51.79],[30.62,51.71],[30.51,51.63],[30.53,51.56],[30.59,51.5],[30.66,51.38],[30.62,51.29],[30.54,51.26],[30.4,51.31],[30.32,51.36],[30.34,51.42],[30.18,51.51],[30.12,51.49],[30.04,51.5],[29.89,51.49],[29.8,51.45],[29.75,51.46],[29.72,51.53],[29.54,51.48],[29.5,51.4],[29.42,51.42],[29.34,51.39],[29.31,51.45],[29.25,51.5],[29.17,51.65],[29.11,51.65],[29,51.57],[28.91,51.59],[28.81,51.55],[28.76,51.49],[28.68,51.44],[28.65,51.57],[28.47,51.59],[28.36,51.54],[28.28,51.62],[28.27,51.68],[28.17,51.64],[28.12,51.58],[27.95,51.56],[27.92,51.61],[27.83,51.61],[27.85,51.55],[27.74,51.48],[27.68,51.54],[27.73,51.59],[27.62,51.61],[27.55,51.64],[27.46,51.61],[27.27,51.61],[27.21,51.67],[27.2,51.77],[26.99,51.77],[26.95,51.74],[26.76,51.8],[26.61,51.82],[26.55,51.8],[26.47,51.8],[26.37,51.86],[26.19,51.86],[26.09,51.91],[25.99,51.93],[25.94,51.92],[25.82,51.93],[25.71,51.92],[25.53,51.94],[25.47,51.92],[25.34,51.93],[25.26,51.97],[25.1,51.95],[24.93,51.89],[24.81,51.91],[24.75,51.88],[24.63,51.9],[24.39,51.88],[24.3,51.81],[24.32,51.75],[24.27,51.72],[24.12,51.67],[24,51.58],[23.88,51.61],[23.87,51.64],[23.78,51.67],[23.68,51.65],[23.61,51.62],[23.66,51.58],[23.62,51.51],[23.67,51.47],[23.7,51.4],[23.64,51.32],[23.7,51.29],[23.82,51.16],[23.88,51.08],[24,50.93],[24.1,50.88],[24.09,50.84],[23.99,50.84],[23.96,50.79],[24.07,50.72],[24.1,50.6],[24.07,50.5],[24,50.41],[23.8,50.4],[23.7,50.38],[23.58,50.27],[23.47,50.22],[23.28,50.09],[23.03,49.88],[22.97,49.84],[22.85,49.71],[22.64,49.53],[22.7,49.5],[22.75,49.36],[22.75,49.22],[22.71,49.17],[22.88,49.1],[22.87,49.04],[22.64,49.06],[22.55,49.08],[22.55,49.01],[22.48,48.99],[22.35,48.77],[22.34,48.68],[22.19,48.61],[22.16,48.57],[22.14,48.43],[22.27,48.41],[22.27,48.36],[22.37,48.25],[22.49,48.25],[22.57,48.18],[22.59,48.11],[22.68,48.09],[22.74,48.12],[22.83,48.1],[22.88,48.05],[22.84,47.99],[22.89,47.95],[22.85,47.91],[22.77,47.88],[22.69,47.79],[22.55,47.77],[22.45,47.8],[22.43,47.75],[22.26,47.73],[22.17,47.59],[22.13,47.6],[22.02,47.52],[22.04,47.43],[22.01,47.38],[21.94,47.37],[21.85,47.24],[21.86,47.19],[21.79,47.12],[21.73,47.1],[21.68,47],[21.6,46.86],[21.52,46.84],[21.48,46.76],[21.53,46.72],[21.42,46.64],[21.33,46.63],[21.32,46.58],[21.26,46.5],[21.32,46.45],[21.28,46.41],[21.21,46.4],[21.17,46.3],[21.12,46.3],[21.02,46.27],[20.92,46.26],[20.87,46.29],[20.75,46.25],[20.71,46.17],[20.63,46.13],[20.5,46.19],[20.46,46.14],[20.36,46.17],[20.3,46.15],[20.27,46.1],[20.35,46.05],[20.35,46],[20.48,45.95],[20.52,45.89],[20.66,45.83],[20.7,45.75],[20.8,45.74],[20.8,45.66],[20.77,45.61],[20.83,45.54],[20.77,45.5],[20.88,45.45],[21.02,45.32],[21.1,45.3],[21.18,45.31],[21.2,45.27],[21.48,45.19],[21.53,45.14],[21.48,45.12],[21.45,45.06],[21.36,45.02],[21.41,44.98],[21.55,44.93],[21.56,44.89],[21.49,44.87],[21.37,44.87],[21.36,44.82],[21.42,44.77],[21.59,44.76],[21.64,44.66],[21.79,44.66],[21.99,44.63],[22.04,44.54],[22.13,44.48],[22.18,44.48],[22.27,44.62],[22.33,44.68],[22.43,44.71],[22.48,44.71],[22.57,44.64],[22.67,44.62],[22.75,44.57],[22.7,44.52],[22.6,44.55],[22.55,44.48],[22.47,44.48],[22.52,44.34],[22.56,44.31],[22.68,44.27],[22.67,44.22],[22.62,44.16],[22.62,44.06],[22.53,44.05],[22.52,44.02],[22.41,44],[22.41,43.94],[22.36,43.81],[22.41,43.7],[22.49,43.64],[22.49,43.57],[22.53,43.47],[22.68,43.39],[22.77,43.38],[22.83,43.33],[22.9,43.23],[22.98,43.2],[22.98,43.11],[22.92,43.08],[22.9,43.04],[22.78,42.98],[22.74,42.89],[22.68,42.87],[22.62,42.9],[22.54,42.88],[22.44,42.82],[22.5,42.74],[22.44,42.57],[22.56,42.49],[22.52,42.4],[22.48,42.39],[22.46,42.33],[22.37,42.32],[22.43,42.26],[22.53,42.14],[22.68,42.06],[22.87,42.02],[22.9,41.88],[22.97,41.77],[23.03,41.72],[22.95,41.64],[22.97,41.56],[22.95,41.42],[22.97,41.35],[22.76,41.32],[22.75,41.16],[22.71,41.14],[22.65,41.18],[22.62,41.13],[22.42,41.12],[22.22,41.17],[22.13,41.12],[22.07,41.16],[21.97,41.13],[21.91,41.05],[21.8,40.97],[21.76,40.93],[21.71,40.94],[21.6,40.87],[21.53,40.91],[21.42,40.92],[21.36,40.88],[21.27,40.86],[21.21,40.88],[21.16,40.86],[20.98,40.85],[20.96,40.77],[21.06,40.67],[21.04,40.56],[20.97,40.52],[20.97,40.49],[20.84,40.48],[20.79,40.43],[20.79,40.36],[20.71,40.28],[20.72,40.22],[20.68,40.19],[20.68,40.1],[20.55,40.06],[20.45,40.07],[20.39,40],[20.32,39.97],[20.41,39.84],[20.39,39.79],[20.3,39.82],[20.32,39.73],[20.23,39.69],[20.22,39.65],[20.13,39.65],[20.02,39.7],[19.99,39.64],[19.93,39.69],[19.98,39.79],[19.96,39.83],[19.76,39.92],[19.62,40.01],[19.45,40.03],[19.31,40.06],[19.18,40],[19.14,39.94],[19.11,39.86],[19.14,39.76],[19.18,39.71],[19.35,39.61],[19.46,39.56],[19.6,39.46],[19.64,39.36],[19.75,39.25],[19.87,39.22],[19.9,39.13],[19.97,39.05],[20.11,38.96],[20.21,38.93],[20.34,38.94],[20.42,38.98],[20.45,38.96],[20.32,38.8],[20.28,38.72],[20.29,38.54],[20.23,38.51],[20.17,38.44],[20.11,38.31],[20.08,38.21],[20.09,38.14],[20.14,38.05],[20.24,37.98],[20.38,37.93],[20.37,37.79],[20.39,37.73],[20.54,37.58],[20.66,37.49],[20.73,37.46],[20.84,37.44],[20.91,37.45],[21.02,37.5],[21.1,37.52],[21.16,37.47],[21.26,37.44],[21.34,37.43],[21.42,37.36],[21.35,37.27],[21.29,37.06],[21.3,37],[21.36,36.9],[21.42,36.86],[21.44,36.74],[21.47,36.65],[21.57,36.56],[21.73,36.5],[21.87,36.49],[22.01,36.51],[22.1,36.57],[22.1,36.49],[22.16,36.36],[22.26,36.3],[22.33,36.23],[22.44,36.19],[22.54,36.19],[22.67,36.26],[22.72,36.32],[22.75,36.41],[22.74,36.54],[22.77,36.59],[22.84,36.53],[22.82,36.48],[22.84,36.42],[22.79,36.31],[22.8,36.18],[22.85,36.11],[22.9,36.09],[22.93,36.03],[23.01,36.01],[23.17,36.05],[23.2,36.11],[23.18,36.16],[23.21,36.21],[23.21,36.27],[23.13,36.34],[23.22,36.36],[23.28,36.39],[23.3,36.47],[23.24,36.58],[23.15,36.64],[23.2,36.74],[23.2,36.8],[23.12,36.95],[23.1,37.04],[23.07,37.13],[23.07,37.17],[23.17,37.14],[23.27,37.18],[23.38,37.19],[23.49,37.18],[23.55,37.25],[23.64,37.3],[23.68,37.35],[23.64,37.43],[23.63,37.53],[23.58,37.63],[23.66,37.74],[23.7,37.7],[23.8,37.69],[23.88,37.59],[23.82,37.54],[23.8,37.48],[23.85,37.41],[23.9,37.39],[23.99,37.39],[24.04,37.44],[24.01,37.53],[23.94,37.56],[24.16,37.58],[24.17,37.52],[24.21,37.46],[24.27,37.44],[24.28,37.37],[24.27,37.27],[24.35,37.22],[24.31,37.14],[24.32,37.09],[24.37,37.05],[24.49,37.03],[24.54,37.01],[24.58,36.93],[24.51,36.92],[24.43,36.86],[24.34,36.85],[24.23,36.89],[24.17,36.87],[24.12,36.82],[24.15,36.72],[24.22,36.69],[24.21,36.63],[24.13,36.64],[24.07,36.6],[24.04,36.55],[24.1,36.48],[24.17,36.47],[24.25,36.54],[24.39,36.57],[24.49,36.58],[24.59,36.61],[24.64,36.66],[24.74,36.69],[24.77,36.76],[24.75,36.82],[24.89,36.89],[24.96,36.86],[25.07,36.86],[25.16,36.9],[25.31,36.93],[25.34,36.89],[25.22,36.85],[25.17,36.8],[25.05,36.76],[24.97,36.71],[24.88,36.74],[24.77,36.72],[24.74,36.64],[24.78,36.58],[24.88,36.52],[24.95,36.51],[25.12,36.56],[25.24,36.63],[25.29,36.58],[25.35,36.56],[25.44,36.58],[25.48,36.62],[25.49,36.75],[25.6,36.78],[25.69,36.72],[25.62,36.7],[25.57,36.65],[25.61,36.57],[25.69,36.54],[25.75,36.56],[25.82,36.69],[25.94,36.73],[26.04,36.81],[26.19,36.82],[26.27,36.89],[26.37,36.91],[26.47,36.91],[26.57,36.95],[26.6,37],[26.56,37.07],[26.44,37.1],[26.33,37.07],[26.26,37.07],[26.19,37.04],[26.17,36.99],[26.11,36.98],[26.03,37.02],[25.97,37.01],[25.81,36.94],[25.74,36.96],[25.78,37.01],[25.86,37.01],[25.94,37.09],[25.93,37.16],[26,37.18],[26.03,37.23],[26.01,37.29],[25.94,37.32],[25.85,37.29],[25.83,37.22],[25.68,37.17],[25.65,37.22],[25.57,37.28],[25.44,37.26],[25.37,37.21],[25.26,37.24],[25.16,37.21],[25.12,37.26],[25.03,37.27],[24.98,37.24],[24.96,37.19],[25,37.11],[24.87,36.99],[24.74,37.1],[24.66,37.12],[24.65,37.18],[24.71,37.26],[24.68,37.31],[24.58,37.37],[24.58,37.44],[24.52,37.53],[24.47,37.56],[24.51,37.62],[24.5,37.69],[24.42,37.76],[24.33,37.77],[24.27,37.75],[24.16,37.85],[24.21,37.9],[24.31,37.9],[24.43,37.89],[24.53,37.85],[24.6,37.87],[24.68,37.78],[24.75,37.75],[24.73,37.71],[24.6,37.67],[24.55,37.63],[24.55,37.58],[24.63,37.53],[24.78,37.5],[24.76,37.37],[24.8,37.31],[24.87,37.28],[24.99,37.31],[25.04,37.29],[25.14,37.32],[25.2,37.29],[25.28,37.29],[25.48,37.36],[25.58,37.33],[25.65,37.36],[25.68,37.41],[25.64,37.49],[25.43,37.57],[25.35,37.58],[25.34,37.65],[25.28,37.69],[25.1,37.75],[25.09,37.8],[25.05,37.92],[25.01,37.97],[24.93,37.98],[24.86,38.06],[24.79,38.08],[24.69,38.06],[24.7,38.16],[24.67,38.22],[24.62,38.24],[24.47,38.22],[24.36,38.26],[24.29,38.45],[24.34,38.52],[24.31,38.57],[24.35,38.65],[24.34,38.7],[24.27,38.74],[24.19,38.73],[24.04,38.76],[23.94,38.75],[23.83,38.77],[23.75,38.84],[23.66,38.84],[23.55,38.9],[23.55,38.96],[23.5,39.04],[23.56,39.05],[23.61,39.02],[23.71,38.99],[23.83,39.03],[23.91,38.99],[23.98,38.99],[24.04,38.96],[24.1,38.96],[24.19,39],[24.22,39.05],[24.19,39.15],[24.11,39.22],[24.16,39.24],[24.23,39.3],[24.31,39.25],[24.4,39.28],[24.43,39.39],[24.38,39.44],[24.28,39.44],[24.28,39.53],[24.2,39.58],[24.14,39.58],[24.08,39.53],[24.08,39.46],[23.99,39.42],[23.95,39.37],[23.9,39.36],[23.76,39.22],[23.67,39.27],[23.61,39.29],[23.54,39.27],[23.46,39.29],[23.41,39.28],[23.37,39.34],[23.2,39.5],[23.17,39.55],[23.01,39.63],[22.95,39.82],[22.82,39.92],[22.8,39.99],[22.68,40.06],[22.65,40.14],[22.76,40.36],[22.83,40.31],[22.92,40.3],[22.95,40.27],[23.1,40.21],[23.22,40.17],[23.21,40.08],[23.27,40],[23.26,39.94],[23.29,39.9],[23.35,39.88],[23.45,39.89],[23.57,39.85],[23.71,39.83],[23.8,39.85],[23.85,39.89],[23.94,39.86],[24.05,39.88],[24.08,39.91],[24.13,40.02],[24.09,40.14],[24.01,40.22],[24.1,40.21],[24.21,40.08],[24.28,40.04],[24.36,40.05],[24.45,40.07],[24.5,40.13],[24.49,40.18],[24.44,40.25],[24.37,40.29],[24.31,40.37],[24.2,40.43],[24.13,40.44],[24.1,40.49],[24.03,40.53],[24.01,40.57],[23.91,40.63],[23.87,40.69],[24.03,40.64],[24.18,40.67],[24.48,40.8],[24.42,40.68],[24.41,40.63],[24.47,40.56],[24.55,40.51],[24.62,40.48],[24.81,40.54],[24.88,40.62],[24.88,40.75],[24.86,40.78],[24.94,40.85],[25.04,40.87],[25.08,40.89],[25.27,40.85],[25.31,40.85],[25.51,40.79],[25.62,40.79],[25.74,40.77],[25.92,40.76],[25.95,40.69]]],[[[20.16,63.17],[20.42,62.72],[20.66,62.37],[20.81,61.99],[20.9,61.65],[20.77,61.13],[20.44,60.9],[20.03,60.73],[19.64,60.69],[19.21,60.61],[19.21,60.59],[19.13,60.3],[19.08,60.19],[19.66,59.79],[19.94,59.6],[19.99,59.59],[20.28,59.47],[20.38,59.46],[20.81,59.47],[21.21,59.5],[21.53,59.48],[22.4,59.51],[22.63,59.61],[22.86,59.64],[23.35,59.66],[24.21,59.78],[24.49,59.82],[24.93,59.92],[25.17,59.94],[25.58,59.93],[26.02,59.98],[26.08,60.01],[26.29,60.05],[26.49,60.15],[26.61,60.16],[26.76,60.2],[27.29,60.2],[27.46,60.22],[27.73,60.39],[27.77,60.53],[27.87,60.6],[28.14,60.74],[28.52,60.96],[28.66,60.95],[28.71,61.04],[28.82,61.12],[28.99,61.17],[29.23,61.27],[29.33,61.36],[29.5,61.46],[29.74,61.58],[29.82,61.66],[30.05,61.77],[30.31,61.96],[30.42,62.02],[30.6,62.14],[30.66,62.21],[30.72,62.21],[31.14,62.44],[31.22,62.5],[31.35,62.64],[31.44,62.78],[31.59,62.91],[31.46,63.02],[31.27,63.12],[31.24,63.22],[31.15,63.26],[30.98,63.31],[30.93,63.36],[30.79,63.41],[30.48,63.47],[30.38,63.55],[30.24,63.61],[29.97,63.76],[30.26,63.82],[30.32,63.91],[30.53,64.05],[30.55,64.13],[30.47,64.2],[30.48,64.26],[30.04,64.4],[30.06,64.45],[29.99,64.53],[29.99,64.59],[30.14,64.65],[30.04,64.74],[30.04,64.79],[29.74,64.79],[29.64,64.87],[29.6,65],[29.63,65.06],[29.73,65.09],[29.89,65.19],[29.6,65.26],[29.75,65.35],[29.73,65.47],[29.86,65.56],[29.72,65.64],[30.02,65.7],[30.14,65.67],[30.07,65.89],[30,65.98],[29.92,66.13],[29.71,66.27],[29.52,66.5],[29.35,66.64],[29.12,66.8],[29.03,66.93],[29.07,67],[29.52,67.28],[29.64,67.33],[29.86,67.49],[29.93,67.52],[30.02,67.67],[29.66,67.8],[29.33,68.07],[28.65,68.2],[28.43,68.54],[28.71,68.73],[28.8,68.87],[28.47,68.89],[28.5,68.93],[28.93,69.05],[28.81,69.11],[28.83,69.22],[29.22,69.4],[29.34,69.48],[29.13,69.7],[28.4,69.82],[28.35,69.88],[28.16,69.92],[27.98,70.01],[27.96,70.09],[27.62,70.07],[27.53,70.03],[27.43,70.02],[27.31,69.96],[27.03,69.91],[26.99,69.94],[26.68,69.96],[26.47,69.94],[26.36,69.84],[26.11,69.73],[26.01,69.72],[25.9,69.66],[25.98,69.61],[25.88,69.53],[25.81,69.43],[25.85,69.39],[25.74,69.32],[25.69,69.2],[25.74,69.14],[25.72,69.08],[25.78,69.02],[25.63,68.89],[25.48,68.91],[25.27,68.85],[25.16,68.8],[25.07,68.62],[24.92,68.61],[24.61,68.68],[24.3,68.72],[24.08,68.78],[23.98,68.83],[23.78,68.82],[23.67,68.71],[23.44,68.69],[23.17,68.63],[23.05,68.69],[22.8,68.69],[22.54,68.74],[22.37,68.72],[22.34,68.83],[22.19,68.92],[22.18,68.96],[21.72,69.21],[21.63,69.28],[21.28,69.31],[21.1,69.26],[20.99,69.19],[21.11,69.1],[21.06,69.04],[20.72,69.12],[20.55,69.06],[20.77,69.03],[20.91,68.97],[20.9,68.9],[21,68.9],[21.41,68.75],[21.42,68.7],[21.7,68.63],[21.7,68.6],[21.89,68.58],[22.05,68.48],[22.35,68.48],[22.47,68.44],[22.65,68.42],[22.92,68.33],[23.07,68.3],[23.14,68.25],[23.14,68.16],[23.28,68.16],[23.4,68.04],[23.64,67.97],[23.64,67.92],[23.51,67.88],[23.47,67.82],[23.49,67.66],[23.54,67.58],[23.39,67.49],[23.76,67.43],[23.72,67.39],[23.78,67.34],[23.73,67.29],[23.58,67.27],[23.55,67.17],[23.74,67.02],[23.86,66.95],[24,66.82],[23.88,66.77],[23.87,66.58],[23.65,66.45],[23.69,66.39],[23.65,66.3],[23.73,66.19],[23.93,66.15],[23.94,66.08],[24.04,66.01],[24.04,65.96],[24.15,65.86],[24.13,65.77],[24.18,65.66],[24.13,65.52],[24.15,65.29],[24.08,65.08],[23.84,64.67],[23.21,64.5],[23.06,64.45],[23,64.39],[22.96,64.22],[22.6,64.14],[22.4,64.07],[22.21,63.95],[22.12,63.85],[21.88,63.7],[21.66,63.67],[21.5,63.67],[21.37,63.63],[20.94,63.52],[20.69,63.49],[20.4,63.33],[20.16,63.17]]],[[[23.51,53.96],[23.63,53.93],[23.77,53.92],[23.91,53.97],[23.98,53.92],[24.2,53.97],[24.35,53.9],[24.45,53.9],[24.51,53.96],[24.63,54.01],[24.73,53.97],[24.84,54.02],[24.78,54.1],[24.95,54.17],[25.02,54.14],[25.09,54.15],[25.2,54.22],[25.21,54.26],[25.35,54.26],[25.51,54.31],[25.59,54.23],[25.52,54.18],[25.65,54.13],[25.71,54.17],[25.78,54.16],[25.79,54.23],[25.68,54.32],[25.55,54.31],[25.56,54.37],[25.68,54.54],[25.76,54.58],[25.73,54.68],[25.73,54.8],[25.86,54.91],[25.96,54.95],[26.08,54.95],[26.19,54.99],[26.27,55.08],[26.23,55.11],[26.36,55.15],[26.46,55.13],[26.68,55.16],[26.73,55.25],[26.84,55.29],[26.79,55.32],[26.67,55.34],[26.55,55.32],[26.44,55.35],[26.55,55.39],[26.56,55.46],[26.52,55.51],[26.63,55.57],[26.66,55.71],[26.8,55.7],[26.87,55.71],[26.92,55.79],[27.02,55.83],[27.15,55.85],[27.29,55.79],[27.36,55.81],[27.43,55.8],[27.62,55.79],[27.65,55.93],[27.81,55.99],[27.97,56.12],[28.03,56.12],[28.18,56.18],[28.24,56.27],[28.17,56.37],[28.19,56.44],[28.09,56.51],[28.13,56.58],[28.04,56.59],[28.01,56.67],[27.9,56.75],[27.9,56.82],[27.87,56.87],[27.66,56.83],[27.69,56.92],[27.74,56.92],[27.77,57.01],[27.76,57.13],[27.82,57.14],[27.87,57.3],[27.6,57.42],[27.52,57.42],[27.57,57.51],[27.5,57.54],[27.35,57.53],[27.32,57.58],[27.4,57.61],[27.38,57.67],[27.51,57.77],[27.55,57.83],[27.74,57.83],[27.81,57.86],[27.66,57.96],[27.62,58.01],[27.6,58.12],[27.49,58.22],[27.49,58.3],[27.55,58.37],[27.36,58.79],[27.73,58.97],[27.81,59.13],[27.87,59.16],[27.9,59.24],[27.95,59.27],[28.13,59.29],[28.21,59.37],[28.19,59.4],[28.04,59.47],[27.96,59.49],[27.81,59.55],[27.39,59.65],[27.05,59.62],[26.82,59.66],[26.63,59.82],[26.44,59.94],[26.15,59.9],[26.02,59.82],[25.58,59.83],[24.48,59.7],[23.95,59.58],[23.52,59.48],[23.19,59.48],[23.12,59.46],[22.73,59.29],[22.5,59.29],[22.31,59.25],[21.85,59.06],[21.65,58.92],[21.7,58.83],[21.61,58.69],[21.45,58.6],[21.42,58.54],[21.38,58.3],[21.61,57.9],[21.72,57.79],[21.55,57.75],[21.39,57.68],[21.29,57.56],[21.2,57.5],[21.07,57.36],[21.04,57.28],[21.05,57.11],[20.98,57.06],[20.8,56.98],[20.73,56.93],[20.69,56.85],[20.7,56.74],[20.68,56.67],[20.62,56.61],[20.6,56.55],[20.63,56.45],[20.61,56.39],[20.62,56.23],[20.64,56.15],[20.71,56.05],[20.69,55.92],[20.72,55.73],[20.75,55.64],[20.75,55.56],[20.71,55.46],[20.66,55.38],[20.95,55.28],[21.1,55.26],[21.27,55.25],[21.38,55.29],[21.51,55.19],[21.65,55.18],[21.72,55.13],[21.97,55.07],[22.1,55.02],[22.16,55.06],[22.29,55.06],[22.47,55.04],[22.59,55.07],[22.6,55.01],[22.73,54.96],[22.86,54.89],[22.87,54.79],[22.74,54.73],[22.75,54.63],[22.69,54.59],[22.7,54.45],[22.79,54.36],[22.84,54.41],[22.98,54.39],[23.09,54.3],[23.2,54.29],[23.34,54.25],[23.42,54.18],[23.49,54.15],[23.53,54.07],[23.48,54],[23.51,53.96]],[[23.21,57.59],[23.41,57.59],[23.58,57.67],[23.65,57.78],[23.6,57.9],[23.97,57.9],[23.96,57.85],[23.99,57.55],[24.03,57.38],[24,57.3],[23.6,57.25],[23.55,57.28],[23.48,57.42],[23.42,57.49],[23.21,57.59]]],[[[33.98,34.88],[33.99,34.77],[34.07,34.75],[34.18,34.77],[34.3,34.85],[34.33,34.93],[34.31,35.07],[34.23,35.18],[34.29,35.24],[34.45,35.33],[34.72,35.49],[34.77,35.53],[34.83,35.62],[34.85,35.73],[34.8,35.84],[34.7,35.9],[34.59,35.91],[34.51,35.9],[34.08,35.75],[33.94,35.67],[33.68,35.6],[33.55,35.56],[33.3,35.55],[32.9,35.6],[32.81,35.58],[32.72,35.52],[32.67,35.4],[32.56,35.39],[32.44,35.36],[32.36,35.31],[32.25,35.31],[32.17,35.29],[32.06,35.21],[32.03,35.13],[32.03,35.01],[32.08,34.83],[32.22,34.62],[32.41,34.51],[32.63,34.45],[32.74,34.44],[32.78,34.6],[32.85,34.61],[32.89,34.54],[32.92,34.52],[33.04,34.51],[33.09,34.55],[33.09,34.59],[33.15,34.61],[33.27,34.5],[33.47,34.55],[33.7,34.63],[33.79,34.68],[33.84,34.74],[33.76,34.88],[33.9,34.9],[33.94,34.93],[33.98,34.88]]]]},"properties":{"tzid":"Europe/Athens"}},
{"type":"Feature","geometry":{"type":"MultiPolygon","coordinates":[[[[34.05,31.47],[34.22,31.33],[34.27,31.22],[34.37,31.29],[34.38,31.39],[34.57,31.54],[34.49,31.6],[34.3,31.71],[34.17,31.56],[34.05,31.47]]],[[[35.55,32.39],[35.42,32.42],[35.4,32.5],[35.3,32.51],[35.22,32.55],[35.07,32.45],[35.05,32.37],[35.02,32.34],[35.03,32.27],[34.96,32.18],[34.99,32.15],[35.01,32.02],[34.99,31.96],[35.04,31.91],[35.03,31.86],[35.18,31.81],[35.26,31.83],[35.24,31.71],[35.13,31.73],[35.09,31.69],[35,31.64],[34.95,31.59],[34.94,31.51],[34.88,31.39],[34.92,31.34],[35.02,31.36],[35.13,31.36],[35.23,31.37],[35.4,31.49],[35.48,31.49],[35.49,31.62],[35.53,31.72],[35.56,31.76],[35.54,31.8],[35.54,31.93],[35.52,32.04],[35.57,32.19],[35.55,32.39]]]]},"properties":{"tzid":"Asia/Gaza"}},
{"type":"Feature","geometry":{"type":"Polygon","coordinates":[[[35.55,32.39],[35.55,32.51],[35.58,32.55],[35.57,32.64],[35.63,32.69],[35.75,32.74],[35.84,32.83],[35.85,32.89],[35.9,32.94],[35.87,32.98],[35.84,33.17],[35.82,33.24],[35.78,33.28],[35.77,33.34],[35.72,33.33],[35.66,33.27],[35.58,33.27],[35.55,33.24],[35.5,33.09],[35.35,33.06],[35.29,33.11],[35.24,33.09],[35.1,33.09],[34.88,33.17],[34.84,33],[34.74,32.92],[34.69,32.73],[34.68,32.61],[34.6,32.29],[34.49,32.03],[34.41,31.9],[34.4,31.85],[34.3,31.71],[34.49,31.6],[34.57,31.54],[34.38,31.39],[34.37,31.29],[34.27,31.22],[34.4,30.86],[34.5,30.68],[34.52,30.53],[34.56,30.49],[34.54,30.41],[34.61,30.37],[34.71,30.12],[34.85,29.76],[34.88,29.64],[34.88,29.54],[34.92,29.45],[34.97,29.52],[35.01,29.64],[35.03,29.77],[35.08,29.89],[35.08,29.96],[35.11,30.04],[35.15,30.06],[35.15,30.28],[35.19,30.35],[35.16,30.44],[35.19,30.5],[35.2,30.58],[35.26,30.66],[35.3,30.76],[35.34,30.82],[35.33,30.87],[35.37,30.93],[35.42,30.95],[35.43,31.05],[35.45,31.1],[35.45,31.16],[35.4,31.24],[35.41,31.28],[35.47,31.39],[35.48,31.49],[35.49,31.62],[35.53,31.72],[35.56,31.76],[35.54,31.8],[35.54,31.93],[35.52,32.04],[35.57,32.19],[35.55,32.39]],[[35.3,32.4],[35.25,32.41],[35.24,32.46],[35.3,32.49],[35.3,32.4]],[[35.39,32.32],[35.3,32.25],[35.2,32.29],[35.26,32.35],[35.27,32.39],[35.36,32.39],[35.39,32.32]],[[35.08,32.39],[35.2,32.42],[35.2,32.36],[35.18,32.29],[35.09,32.32],[35.08,32.39]],[[35.16,32.09],[35.25,32.04],[35.24,32.01],[35.11,32.02],[35.16,32.09]],[[35.17,31.55],[35.23,31.56],[35.25,31.52],[35.23,31.48],[35.14,31.52],[35.17,31.55]],[[35.14,31.42],[35.08,31.42],[35.06,31.46],[35.11,31.49],[35.14,31.42]],[[35.01,31.53],[35.11,31.55],[35.1,31.5],[35.03,31.49],[35,31.4],[34.94,31.43],[35.01,31.53]]]},"properties":{"tzid":"Asia/Jerusalem"}},
{"type":"Feature","geometry":{"type":"Polygon","coordinates":[[[60.87,29.86],[61.56,29.66],[62.47,29.39],[63.23,29.46],[63.58,29.49],[63.84,29.45],[63.98,29.39],[64.03,29.41],[64.1,29.38],[64.18,29.48],[64.26,29.52],[64.34,29.53],[64.57,29.59],[65.07,29.53],[65.49,29.64],[65.7,29.7],[65.81,29.73],[66.25,29.85],[66.37,29.97],[66.23,30.06],[66.29,30.15],[66.33,30.25],[66.36,30.48],[66.29,30.53],[66.29,30.58],[66.39,30.92],[66.41,30.95],[66.58,30.98],[66.69,31.08],[66.72,31.2],[66.81,31.22],[66.83,31.26],[66.96,31.31],[67.03,31.31],[67.02,31.26],[67.07,31.21],[67.17,31.25],[67.2,31.22],[67.28,31.2],[67.4,31.21],[67.68,31.29],[67.72,31.33],[67.79,31.33],[67.8,31.38],[67.75,31.42],[67.65,31.39],[67.57,31.52],[67.72,31.51],[67.86,31.62],[67.97,31.64],[68.07,31.7],[68.15,31.8],[68.26,31.8],[68.28,31.76],[68.43,31.76],[68.57,31.71],[68.59,31.75],[68.45,31.76],[68.58,31.83],[68.64,31.78],[68.71,31.77],[68.73,31.7],[68.79,31.62],[68.91,31.6],[68.96,31.65],[69.04,31.66],[69.12,31.7],[69.19,31.85],[69.32,31.94],[69.27,32.16],[69.31,32.3],[69.25,32.42],[69.24,32.46],[69.27,32.52],[69.38,32.56],[69.45,32.65],[69.44,32.73],[69.39,32.77],[69.44,32.8],[69.51,32.9],[69.5,33.02],[69.58,33.1],[69.69,33.09],[69.8,33.13],[69.88,33.09],[69.94,33.13],[70.02,33.14],[70.07,33.22],[70.17,33.22],[70.33,33.34],[70.32,33.4],[70.25,33.47],[70.2,33.49],[70.17,33.54],[70.2,33.62],[70.14,33.66],[70.15,33.69],[69.97,33.76],[69.92,33.89],[69.86,33.95],[69.9,34.04],[70.05,34.04],[70.09,34.01],[70.15,34.01],[70.19,33.98],[70.41,33.97],[70.46,33.95],[70.55,33.94],[70.88,33.97],[71.03,34.05],[71.13,34.16],[71.13,34.28],[71.17,34.36],[71.12,34.38],[71.11,34.43],[71.02,34.45],[71.01,34.53],[71.11,34.63],[71.09,34.68],[71.28,34.8],[71.3,34.88],[71.35,34.91],[71.48,34.95],[71.51,35.01],[71.55,35.02],[71.53,35.09],[71.62,35.14],[71.68,35.21],[71.63,35.23],[71.54,35.31],[71.66,35.44],[71.59,35.5],[71.62,35.57],[71.52,35.61],[71.55,35.72],[71.49,35.75],[71.48,35.82],[71.43,35.89],[71.4,35.89],[71.37,35.97],[71.32,35.96],[71.2,36.04],[71.21,36.08],[71.36,36.2],[71.44,36.23],[71.45,36.27],[71.58,36.35],[71.66,36.48],[71.81,36.4],[71.81,36.51],[71.92,36.51],[71.94,36.55],[72,36.56],[72.09,36.6],[72.1,36.65],[72.21,36.66],[72.18,36.71],[72.25,36.75],[72.5,36.78],[72.56,36.83],[72.65,36.85],[72.72,36.84],[72.93,36.84],[73.08,36.89],[73.18,36.88],[73.4,36.9],[73.55,36.89],[73.69,36.92],[73.8,36.89],[73.84,36.93],[73.89,36.91],[73.96,36.84],[74.05,36.83],[74.12,36.84],[74.18,36.92],[74.24,36.89],[74.31,36.92],[74.42,37.01],[74.54,36.97],[74.56,37.03],[74.48,37.1],[74.46,37.15],[74.5,37.24],[74.66,37.23],[74.75,37.28],[74.81,37.21],[74.89,37.23],[74.8,37.36],[74.67,37.39],[74.57,37.37],[74.48,37.41],[74.4,37.39],[74.38,37.42],[74.28,37.4],[74.19,37.33],[73.96,37.3],[73.85,37.26],[73.84,37.23],[73.63,37.25],[73.67,37.31],[73.77,37.34],[73.78,37.44],[73.64,37.43],[73.51,37.47],[73.38,37.45],[73.3,37.46],[73.21,37.4],[73.15,37.4],[73.09,37.32],[72.95,37.29],[72.89,37.24],[72.82,37.23],[72.78,37.19],[72.74,37.12],[72.66,37.02],[72.47,36.99],[72.44,37.01],[72.33,36.98],[72.02,36.81],[71.96,36.76],[71.84,36.68],[71.68,36.67],[71.56,36.76],[71.51,36.9],[71.47,36.95],[71.46,37.03],[71.43,37.06],[71.45,37.21],[71.49,37.24],[71.5,37.45],[71.53,37.48],[71.5,37.53],[71.55,37.74],[71.6,37.81],[71.59,37.92],[71.52,37.95],[71.33,37.89],[71.26,37.92],[71.28,38],[71.32,38.07],[71.37,38.26],[71.3,38.31],[71.25,38.31],[71.18,38.35],[71.16,38.39],[71.05,38.41],[71.03,38.46],[70.96,38.44],[70.77,38.46],[70.76,38.43],[70.67,38.4],[70.68,38.36],[70.61,38.35],[70.61,38.28],[70.55,38.24],[70.49,38.12],[70.37,38.06],[70.26,37.94],[70.17,37.93],[70.19,37.85],[70.28,37.82],[70.3,37.7],[70.27,37.61],[70.15,37.52],[70,37.57],[69.94,37.61],[69.84,37.6],[69.71,37.57],[69.56,37.57],[69.53,37.59],[69.46,37.49],[69.39,37.45],[69.38,37.34],[69.47,37.25],[69.4,37.17],[69.25,37.09],[69.11,37.19],[68.96,37.32],[68.81,37.31],[68.75,37.28],[68.67,37.28],[68.65,37.21],[68.48,37.15],[68.39,37.1],[68.29,37.1],[68.29,37.03],[68.24,37],[68.16,37],[68.06,36.93],[68.01,36.93],[67.9,37.02],[67.89,37.07],[67.8,37.08],[67.78,37.19],[67.71,37.22],[67.56,37.22],[67.52,37.27],[67.45,37.24],[67.27,37.18],[67.22,37.24],[67.11,37.29],[67.11,37.33],[67.04,37.38],[66.95,37.4],[66.85,37.35],[66.69,37.36],[66.65,37.32],[66.59,37.37],[66.43,37.32],[66.31,37.32],[66.25,37.36],[66.17,37.37],[66.08,37.44],[65.89,37.48],[65.8,37.52],[65.71,37.54],[65.65,37.44],[65.64,37.33],[65.56,37.24],[65.28,37.23],[65.23,37.25],[65.12,37.24],[64.99,37.22],[64.76,37.11],[64.8,36.92],[64.71,36.8],[64.62,36.64],[64.64,36.44],[64.58,36.35],[64.45,36.24],[64.32,36.21],[64.28,36.15],[64.17,36.16],[64.06,36.1],[64.07,36],[63.99,36.04],[63.7,35.97],[63.54,35.95],[63.5,35.9],[63.3,35.86],[63.12,35.86],[63.11,35.83],[63.19,35.71],[63.25,35.68],[63.09,35.62],[63.13,35.54],[63.1,35.43],[63.02,35.41],[62.79,35.3],[62.71,35.24],[62.61,35.23],[62.48,35.28],[62.33,35.14],[62.3,35.14],[62.29,35.26],[62.27,35.3],[62.15,35.34],[62.06,35.43],[61.97,35.45],[61.78,35.41],[61.59,35.44],[61.39,35.57],[61.37,35.63],[61.27,35.6],[61.28,35.54],[61.19,35.4],[61.19,35.29],[61.09,35.26],[61.09,35.18],[61.14,35.1],[61.11,35.03],[61.1,34.95],[61.06,34.91],[61.07,34.81],[61,34.71],[60.98,34.62],[60.92,34.62],[60.9,34.57],[60.85,34.54],[60.74,34.53],[60.81,34.46],[60.86,34.37],[60.92,34.3],[60.69,34.31],[60.54,34.15],[60.52,34.06],[60.58,33.81],[60.55,33.73],[60.63,33.58],[60.7,33.55],[60.9,33.54],[60.85,33.48],[60.87,33.42],[60.82,33.4],[60.63,33.23],[60.58,33.13],[60.63,33.02],[60.71,32.7],[60.81,32.48],[60.86,32.27],[60.88,32.2],[60.82,32.01],[60.83,31.98],[60.82,31.89],[60.81,31.71],[60.86,31.49],[61.71,31.38],[61.78,31.3],[61.78,31.21],[61.83,31.09],[61.82,31],[61.79,30.93],[61.8,30.84],[61.54,30.57],[61.1,30.1],[60.87,29.86]]]},"properties":{"tzid":"Asia/Kabul"}},
{"type":"Feature","geometry":{"type":"Polygon","coordinates":[[[81.03,30.2],[81.03,30.25],[80.93,30.27],[80.91,30.3],[80.83,30.31],[80.72,30.41],[80.61,30.47],[80.54,30.45],[80.61,30.44],[80.67,30.34],[80.75,30.31],[80.8,30.24],[80.86,30.17],[80.88,30.13],[80.81,30.09],[80.74,30],[80.67,29.96],[80.6,29.96],[80.55,29.85],[80.49,29.8],[80.42,29.8],[80.37,29.75],[80.38,29.67],[80.42,29.65],[80.41,29.6],[80.35,29.56],[80.3,29.45],[80.25,29.45],[80.28,29.35],[80.32,29.3],[80.26,29.21],[80.26,29.14],[80.19,29.14],[80.15,29.1],[80.13,29.01],[80.06,28.92],[80.06,28.84],[80.12,28.83],[80.38,28.63],[80.45,28.63],[80.52,28.55],[80.5,28.66],[80.54,28.69],[80.61,28.64],[80.67,28.64],[80.71,28.57],[80.77,28.57],[80.91,28.47],[81.03,28.43],[81.08,28.38],[81.21,28.36],[81.23,28.29],[81.32,28.2],[81.45,28.16],[81.48,28.08],[81.64,27.99],[81.7,27.99],[81.8,27.9],[81.9,27.85],[81.97,27.93],[82.06,27.92],[82.12,27.87],[82.21,27.84],[82.4,27.7],[82.47,27.68],[82.61,27.71],[82.71,27.72],[82.76,27.59],[82.74,27.5],[82.93,27.5],[82.95,27.47],[83.03,27.45],[83.19,27.45],[83.27,27.38],[83.29,27.34],[83.34,27.33],[83.41,27.41],[83.39,27.48],[83.61,27.47],[83.83,27.37],[83.87,27.43],[84.05,27.44],[84.11,27.52],[84.18,27.47],[84.25,27.45],[84.29,27.38],[84.62,27.34],[84.68,27.24],[84.67,27.09],[84.64,27.05],[84.76,27],[84.82,27.02],[84.86,26.99],[84.96,26.96],[85.06,26.85],[85.1,26.87],[85.19,26.87],[85.18,26.81],[85.21,26.76],[85.33,26.74],[85.41,26.79],[85.45,26.78],[85.54,26.84],[85.64,26.85],[85.73,26.8],[85.72,26.67],[85.75,26.64],[85.85,26.61],[85.86,26.57],[85.97,26.66],[86.03,26.67],[86.14,26.62],[86.31,26.62],[86.54,26.54],[86.57,26.5],[86.69,26.45],[86.77,26.46],[86.83,26.44],[86.89,26.46],[86.93,26.52],[87.07,26.54],[87.09,26.45],[87.16,26.4],[87.25,26.41],[87.31,26.37],[87.39,26.42],[87.47,26.44],[87.59,26.39],[87.68,26.42],[87.77,26.42],[87.79,26.47],[87.85,26.44],[87.92,26.43],[87.99,26.37],[88.08,26.42],[88.1,26.47],[88.11,26.56],[88.16,26.65],[88.19,26.75],[88.17,26.87],[88.14,26.9],[88.12,26.99],[88.04,27.04],[88.01,27.14],[88.03,27.29],[88.07,27.34],[88.04,27.37],[88.08,27.43],[88.04,27.48],[88.08,27.59],[88.14,27.67],[88.16,27.74],[88.2,27.79],[88.2,27.84],[88.13,27.88],[88.1,27.87],[88.03,27.91],[87.99,27.89],[87.93,27.92],[87.87,27.91],[87.83,27.95],[87.73,27.81],[87.66,27.84],[87.61,27.82],[87.58,27.86],[87.45,27.82],[87.43,27.86],[87.32,27.83],[87.26,27.85],[87.23,27.82],[87.11,27.85],[87.04,27.95],[86.93,27.96],[86.87,28.02],[86.83,28.02],[86.75,28.04],[86.74,28.1],[86.69,28.11],[86.64,28.07],[86.6,28.1],[86.54,28.05],[86.51,27.96],[86.41,27.91],[86.29,27.98],[86.23,27.98],[86.2,28.08],[86.22,28.11],[86.16,28.14],[86.08,28.09],[86.08,28.02],[86.12,27.93],[86.06,27.9],[85.95,27.94],[85.98,27.99],[85.9,28.05],[85.9,28.11],[85.85,28.17],[85.75,28.24],[85.74,28.32],[85.68,28.38],[85.66,28.3],[85.46,28.34],[85.41,28.32],[85.38,28.28],[85.29,28.29],[85.11,28.35],[85.13,28.39],[85.12,28.49],[85.15,28.49],[85.19,28.57],[85.16,28.64],[85.12,28.69],[85.06,28.68],[84.95,28.58],[84.86,28.57],[84.7,28.64],[84.63,28.74],[84.49,28.74],[84.44,28.77],[84.44,28.82],[84.39,28.86],[84.33,28.86],[84.23,28.89],[84.25,29.04],[84.19,29.08],[84.17,29.2],[84.12,29.27],[83.96,29.33],[83.81,29.3],[83.77,29.24],[83.71,29.24],[83.63,29.16],[83.52,29.22],[83.51,29.26],[83.44,29.3],[83.41,29.42],[83.37,29.43],[83.35,29.5],[83.28,29.5],[83.22,29.6],[83.15,29.62],[83.07,29.61],[83.04,29.65],[82.96,29.66],[82.93,29.7],[82.82,29.7],[82.77,29.73],[82.74,29.81],[82.7,29.86],[82.6,29.89],[82.53,29.97],[82.5,29.95],[82.42,30.01],[82.28,30.06],[82.17,30.08],[82.2,30.14],[82.13,30.23],[82.11,30.35],[81.99,30.32],[81.94,30.35],[81.75,30.39],[81.62,30.45],[81.56,30.43],[81.54,30.37],[81.44,30.42],[81.4,30.32],[81.42,30.31],[81.4,30.21],[81.28,30.12],[81.27,30.04],[81.17,30.01],[81.09,30.05],[81.11,30.09],[81.03,30.2]]]},"properties":{"tzid":"Asia/Kathmandu"}},
{"type":"Feature","geometry":{"type":"MultiPolygon","coordinates":[[[[140.95,46.36],[140.93,46.3],[140.93,46.19],[141.02,46.08],[141.15,46.03],[141.28,46.02],[141.44,46.07],[141.52,46.14],[141.56,46.28],[141.53,46.35],[141.49,46.4],[141.37,46.47],[141.2,46.49],[141.05,46.45],[140.95,46.36]]],[[[141.42,51.62],[141.56,51.54],[141.64,51.46],[141.75,51.39],[141.84,51.27],[141.93,51.08],[141.76,50.89],[141.72,50.81],[141.74,50.65],[141.73,50.52],[141.79,50.38],[141.86,50.13],[141.82,49.96],[141.84,49.8],[141.83,49.54],[141.77,49.4],[141.76,49.28],[141.73,49.19],[141.71,49.06],[141.56,48.84],[141.55,48.74],[141.58,48.63],[141.71,48.44],[141.84,48.29],[141.88,48.05],[141.81,47.93],[141.79,47.86],[141.68,47.67],[141.66,47.54],[141.67,47.28],[141.69,47.23],[141.76,47.13],[141.72,47],[141.65,46.88],[141.52,46.64],[141.52,46.53],[141.54,46.43],[141.6,46.28],[141.64,46.02],[141.68,45.94],[141.82,45.79],[141.92,45.73],[141.97,45.72],[142.21,45.6],[142.35,45.61],[142.48,45.7],[142.51,45.82],[142.43,45.93],[142.52,46.13],[142.54,46.24],[142.63,46.41],[142.77,46.41],[142.89,46.42],[143.04,46.4],[143.12,46.22],[143.11,46.09],[143.13,45.98],[143.18,45.91],[143.26,45.85],[143.34,45.83],[143.45,45.82],[143.55,45.84],[143.67,45.92],[143.74,46.05],[143.77,46.14],[143.9,46.33],[143.88,46.46],[143.83,46.53],[143.8,46.74],[143.75,46.89],[143.72,46.94],[143.6,47.02],[143.52,47.04],[143.36,47.04],[143.33,47.09],[143.33,47.16],[143.3,47.32],[143.15,47.49],[142.93,47.62],[142.87,47.69],[142.82,47.8],[142.83,47.93],[142.87,48.09],[143.01,48.4],[143.03,48.48],[143.14,48.67],[143.27,48.85],[143.29,48.95],[143.26,49.04],[143.44,49.11],[143.6,49.12],[143.89,49.08],[143.95,49.04],[144.12,48.9],[144.25,48.82],[144.34,48.74],[144.37,48.61],[144.33,48.49],[144.39,48.37],[144.5,48.32],[144.64,48.3],[144.76,48.32],[144.89,48.4],[144.93,48.49],[145,48.53],[145.05,48.61],[145.04,48.69],[144.99,48.9],[144.9,49.01],[144.66,49.16],[144.59,49.29],[144.55,49.4],[144.53,49.58],[144.43,49.69],[144.43,49.78],[144.31,49.97],[144.29,50.08],[144.13,50.3],[144.06,50.44],[144.02,50.59],[143.98,50.82],[143.95,50.9],[143.85,51.25],[143.79,51.37],[143.75,51.52],[143.65,51.76],[143.54,51.93],[143.48,52.07],[143.47,52.21],[143.59,52.39],[143.65,52.59],[143.66,52.86],[143.59,53.2],[143.53,53.36],[143.46,53.49],[143.24,53.86],[143.34,54.07],[143.28,54.22],[143.15,54.35],[143.04,54.49],[142.98,54.56],[142.83,54.61],[142.7,54.63],[142.57,54.61],[142.48,54.58],[142.36,54.51],[142.15,54.5],[142.04,54.47],[141.95,54.4],[141.92,54.28],[141.97,54.2],[142.03,54.15],[142.18,54],[142.35,53.88],[142.31,53.85],[142.09,53.72],[141.76,53.63],[141.57,53.59],[141.49,53.56],[141.59,53.34],[141.71,53.24],[141.64,53.16],[141.52,52.43],[141.59,52.21],[141.59,52.13],[141.42,51.62]]],[[[156.95,-4.49],[156.89,-4.5],[156.83,-4.53],[156.76,-4.6],[156.72,-4.69],[156.72,-4.78],[156.74,-4.85],[156.79,-4.93],[156.9,-4.99],[157.06,-4.99],[157.16,-4.93],[157.23,-4.83],[157.24,-4.74],[157.21,-4.64],[157.16,-4.58],[157.1,-4.53],[157.03,-4.5],[156.95,-4.49]]],[[[159.33,-4.24],[159.23,-4.27],[159.15,-4.37],[159.12,-4.53],[159.12,-4.62],[159.17,-4.72],[159.24,-4.76],[159.32,-4.79],[159.43,-4.81],[159.52,-4.79],[159.6,-4.75],[159.66,-4.69],[159.69,-4.63],[159.69,-4.55],[159.67,-4.47],[159.61,-4.37],[159.52,-4.29],[159.43,-4.25],[159.33,-4.24]]],[[[154,-5.27],[154.32,-5.34],[154.37,-5.75],[154.39,-5.82],[154.43,-5.87],[154.53,-5.93],[154.57,-6.05],[154.68,-6.17],[154.77,-6.22],[154.79,-6.29],[154.86,-6.36],[154.98,-6.61],[155,-6.65],[155.3,-7.02],[155.33,-7.1],[155.32,-7.39],[155.35,-7.51],[155.42,-7.6],[156.38,-8.46],[156.43,-8.49],[157.24,-8.9],[157.34,-8.93],[157.58,-8.99],[157.78,-9.01],[158.45,-9.33],[158.67,-9.44],[159.6,-9.88],[159.72,-9.97],[159.79,-9.99],[159.99,-10.02],[160.84,-10.47],[161.4,-10.76],[161.51,-10.84],[161.67,-10.94],[161.81,-10.98],[162.41,-11.1],[162.54,-11.09],[162.6,-11.05],[162.66,-10.96],[162.68,-10.82],[162.66,-10.75],[162.36,-10.07],[162.18,-9.64],[162.13,-9.57],[161.83,-9.24],[161.18,-8.51],[160.82,-7.78],[160.78,-7.73],[160.72,-7.69],[160.63,-7.67],[160.5,-7.66],[159.05,-7.56],[158.93,-7.44],[158.8,-7.33],[158.7,-7.28],[158.15,-7.12],[157.92,-7.01],[156.74,-6.45],[156.6,-6.4],[156.43,-6.38],[156.22,-6.41],[156.16,-6.38],[156.1,-6.28],[156.04,-6.25],[155.98,-6.15],[155.87,-6.08],[155.78,-6.01],[155.68,-5.95],[155.42,-5.06],[155.54,-5.03],[155.62,-4.96],[155.67,-4.85],[155.66,-4.71],[155.6,-4.6],[155.53,-4.52],[155.44,-4.47],[155.32,-4.46],[155.25,-4.48],[154.87,-3.2],[154.81,-3.11],[154.55,-2.94],[154.46,-2.91],[154.39,-2.91],[154,-3],[154,-5],[154,-5.27]]],[[[162.76,-8.21],[162.7,-8.28],[162.67,-8.35],[162.67,-8.45],[162.71,-8.55],[162.79,-8.61],[162.87,-8.63],[162.99,-8.61],[163.05,-8.59],[163.1,-8.54],[163.15,-8.46],[163.15,-8.39],[163.13,-8.32],[163.04,-8.23],[162.9,-8.17],[162.82,-8.18],[162.76,-8.21]]],[[[159.24,-6],[159.2,-6.02],[159.14,-6.08],[159.1,-6.17],[159.1,-6.27],[159.12,-6.34],[159.21,-6.43],[159.31,-6.47],[159.38,-6.47],[159.46,-6.44],[159.55,-6.36],[159.58,-6.3],[159.59,-6.2],[159.58,-6.12],[159.54,-6.04],[159.43,-5.97],[159.36,-5.96],[159.24,-6]]],[[[170.02,-12.02],[170.07,-12.08],[170.12,-12.1],[170.21,-12.11],[170.28,-12.1],[170.34,-12.06],[170.37,-12],[170.4,-11.91],[170.38,-11.83],[170.34,-11.77],[170.27,-11.72],[170.15,-11.71],[170.06,-11.75],[169.99,-11.85],[169.98,-11.92],[170.02,-12.02]]],[[[168.75,-12.5],[168.82,-12.51],[168.88,-12.5],[168.96,-12.46],[169.02,-12.41],[169.05,-12.34],[169.04,-12.24],[169.01,-12.18],[168.93,-12.1],[168.84,-12.08],[168.77,-12.09],[168.7,-12.13],[168.63,-12.21],[168.61,-12.27],[168.61,-12.34],[168.64,-12.42],[168.75,-12.5]]],[[[169.79,-11.42],[169.7,-11.47],[169.64,-11.59],[169.65,-11.66],[169.68,-11.72],[169.73,-11.77],[169.8,-11.81],[169.89,-11.81],[169.96,-11.79],[170.03,-11.72],[170.05,-11.66],[170.05,-11.56],[170.01,-11.48],[169.92,-11.42],[169.86,-11.41],[169.79,-11.42]]],[[[167.22,-9.62],[167.1,-9.56],[167,-9.56],[166.94,-9.59],[166.88,-9.67],[166.86,-9.74],[166.86,-9.81],[166.95,-9.95],[167.03,-10.03],[167.08,-10.07],[167.19,-10.12],[167.25,-10.13],[167.35,-10.1],[167.42,-10.03],[167.45,-9.93],[167.43,-9.82],[167.38,-9.77],[167.22,-9.62]]],[[[166.38,-9.99],[166.13,-9.88],[166.07,-9.87],[165.74,-9.83],[165.66,-9.84],[165.58,-9.88],[165.52,-9.96],[165.49,-10.11],[165.54,-10.8],[165.58,-10.93],[165.62,-10.98],[166.7,-11.89],[166.79,-11.93],[166.87,-11.95],[166.95,-11.95],[167.07,-11.92],[167.19,-11.83],[167.23,-11.73],[167.22,-11.59],[167.2,-11.51],[166.56,-10.17],[166.44,-10.04],[166.38,-9.99]]],[[[160.62,-11.55],[159.92,-11.12],[159.8,-11.07],[159.7,-11.07],[159.63,-11.1],[159.58,-11.15],[159.55,-11.25],[159.55,-11.32],[159.86,-12.37],[159.88,-12.43],[160.12,-12.79],[160.39,-13.12],[160.5,-13.22],[160.57,-13.24],[160.64,-13.24],[160.71,-13.21],[160.81,-13.12],[160.85,-13],[160.86,-11.86],[160.84,-11.79],[160.79,-11.7],[160.62,-11.55]]],[[[159.25,-5.68],[159.54,-5.73],[159.69,-5.73],[159.76,-5.71],[159.82,-5.67],[159.88,-5.6],[159.91,-5.53],[159.92,-5.47],[159.89,-5.3],[159.86,-5.25],[159.53,-4.9],[159.44,-4.84],[159.33,-4.81],[159.26,-4.82],[159.18,-4.85],[159.11,-4.9],[159.04,-5.03],[159.02,-5.1],[158.98,-5.33],[158.99,-5.45],[159.03,-5.52],[159.15,-5.63],[159.25,-5.68]]],[[[171.48,-22.17],[171.4,-22.14],[171.26,-22.16],[171.16,-22.24],[171.13,-22.34],[171.15,-22.4],[171.19,-22.47],[171.24,-22.52],[171.34,-22.55],[171.47,-22.52],[171.54,-22.46],[171.58,-22.35],[171.57,-22.28],[171.48,-22.17]]],[[[171.87,-22.39],[171.91,-22.51],[171.98,-22.57],[172.07,-22.6],[172.17,-22.58],[172.24,-22.54],[172.29,-22.46],[172.3,-22.34],[172.25,-22.26],[172.14,-22.2],[172.05,-22.19],[171.98,-22.22],[171.92,-22.26],[171.88,-22.32],[171.87,-22.39]]],[[[168.74,-22.68],[168.81,-22.77],[168.86,-22.8],[168.96,-22.81],[169.04,-22.79],[169.09,-22.76],[169.15,-22.69],[169.17,-22.64],[169.17,-22.55],[169.13,-22.46],[169.03,-22.39],[168.94,-22.38],[168.83,-22.42],[168.78,-22.47],[168.73,-22.59],[168.74,-22.68]]],[[[158.15,-19.15],[158.11,-19.23],[158.08,-19.37],[158,-19.55],[157.99,-19.67],[158.05,-19.8],[158.08,-19.91],[158.14,-19.99],[158.19,-20.05],[158.42,-20.17],[158.53,-20.17],[158.63,-20.12],[159.09,-19.56],[159.18,-19.36],[159.25,-19.14],[159.24,-19.05],[159.12,-18.9],[159.08,-18.82],[158.96,-18.75],[158.86,-18.75],[158.4,-18.83],[158.34,-18.85],[158.19,-18.99],[158.16,-19.05],[158.15,-19.15]]],[[[164.28,-18.76],[164.37,-18.8],[164.46,-18.8],[164.56,-18.77],[164.62,-18.69],[164.64,-18.61],[164.63,-18.53],[164.58,-18.42],[164.53,-18.35],[164.47,-18.31],[164.35,-18.3],[164.28,-18.33],[164.17,-18.44],[164.14,-18.52],[164.15,-18.6],[164.23,-18.72],[164.28,-18.76]]],[[[165.95,-19.65],[165.7,-19.52],[165.57,-19.5],[165.49,-19.53],[165.43,-19.57],[165.38,-19.65],[165.32,-19.8],[165.3,-19.88],[165.34,-19.98],[165.38,-20.04],[165.5,-20.08],[165.81,-20.09],[165.89,-20.08],[165.99,-20.01],[166.06,-19.86],[166.05,-19.78],[166.03,-19.72],[165.95,-19.65]]],[[[165.9,-20.35],[165.91,-20.42],[165.99,-20.64],[166.03,-20.69],[166.25,-20.87],[166.34,-20.92],[166.47,-20.93],[166.87,-21.08],[166.94,-21.18],[167.02,-21.25],[167.14,-21.29],[167.24,-21.36],[167.29,-21.38],[167.43,-21.47],[167.69,-21.74],[167.76,-21.78],[167.89,-21.84],[167.96,-21.86],[168.05,-21.86],[168.21,-21.81],[168.3,-21.74],[168.33,-21.65],[168.33,-21.58],[168.35,-21.49],[168.33,-21.36],[168.28,-21.3],[168.14,-21.2],[168.02,-21.01],[167.98,-20.95],[167.43,-20.57],[167.3,-20.49],[167.09,-20.46],[166.8,-20.3],[166.75,-20.25],[166.66,-20.2],[166.33,-20.14],[166.18,-20.09],[166.1,-20.09],[166.02,-20.12],[165.92,-20.22],[165.9,-20.35]]],[[[164.87,-21.62],[164.97,-21.69],[165.17,-21.78],[165.29,-21.82],[165.4,-21.93],[165.51,-21.97],[165.62,-22.07],[165.73,-22.13],[165.79,-22.18],[165.85,-22.26],[165.92,-22.3],[166.01,-22.42],[166.19,-22.59],[166.23,-22.62],[166.32,-22.73],[166.43,-22.78],[166.71,-23.07],[166.85,-23.18],[166.97,-23.22],[167.11,-23.2],[167.67,-22.94],[167.76,-22.88],[167.8,-22.81],[167.81,-22.7],[167.76,-22.54],[167.72,-22.45],[167.6,-22.35],[167.44,-22.29],[167.3,-22.22],[167.23,-22.15],[167.16,-22.06],[167.13,-21.94],[167.09,-21.86],[167.03,-21.8],[166.77,-21.64],[166.57,-21.45],[166.46,-21.38],[166.39,-21.31],[166.26,-21.24],[166.17,-21.16],[165.89,-20.99],[165.76,-20.87],[165.65,-20.76],[165.48,-20.63],[165.44,-20.52],[165.34,-20.43],[165.2,-20.38],[165.06,-20.37],[164.96,-20.33],[164.72,-20.13],[164.69,-20.08],[164.56,-19.94],[164.49,-19.89],[164.42,-19.8],[164.29,-19.72],[164.18,-19.58],[163.98,-19.26],[163.99,-19.12],[163.95,-19.05],[163.71,-18.74],[163.46,-18.51],[163.42,-18.34],[163.38,-18.27],[163.34,-17.98],[163.32,-17.92],[163.27,-17.86],[163.22,-17.82],[163,-17.71],[162.9,-17.69],[162.79,-17.72],[162.7,-17.82],[162.61,-18.07],[162.61,-18.16],[162.63,-18.48],[162.65,-18.57],[162.7,-18.64],[162.86,-19.12],[162.9,-19.28],[162.95,-19.4],[162.96,-19.46],[163.06,-19.63],[163.15,-19.73],[163.24,-19.85],[163.35,-19.98],[163.44,-20.06],[163.53,-20.18],[163.61,-20.26],[163.69,-20.38],[163.77,-20.52],[163.86,-20.66],[164.01,-20.79],[164.11,-20.97],[164.23,-21.06],[164.32,-21.17],[164.51,-21.25],[164.64,-21.44],[164.67,-21.48],[164.87,-21.62]]],[[[159.51,-21.19],[159.37,-21.15],[159.26,-21.17],[159.19,-21.21],[159.15,-21.27],[159.08,-21.24],[158.98,-21.24],[158.91,-21.21],[158.82,-21.21],[158.74,-21.24],[158.66,-21.32],[158.64,-21.38],[158.64,-21.48],[158.7,-21.56],[158.77,-21.61],[158.9,-21.65],[158.99,-21.67],[159.08,-21.66],[159.17,-21.62],[159.23,-21.54],[159.33,-21.58],[159.39,-21.58],[159.43,-21.62],[159.37,-21.68],[159.28,-21.72],[159.23,-21.77],[159.2,-21.86],[159.2,-21.93],[159.25,-22.02],[159.35,-22.09],[159.45,-22.11],[159.62,-22.06],[159.71,-22.01],[159.77,-21.89],[159.77,-21.76],[159.74,-21.71],[159.67,-21.63],[159.74,-21.57],[159.77,-21.51],[159.78,-21.43],[159.77,-21.34],[159.73,-21.27],[159.65,-21.21],[159.57,-21.19],[159.51,-21.19]]],[[[158.71,-20.82],[158.65,-20.69],[158.55,-20.62],[158.42,-20.61],[158.36,-20.63],[158.3,-20.68],[158.25,-20.76],[158.24,-20.84],[158.26,-20.89],[158.31,-20.98],[158.35,-21.09],[158.45,-21.18],[158.56,-21.22],[158.65,-21.22],[158.72,-21.18],[158.77,-21.14],[158.8,-21.07],[158.81,-20.98],[158.78,-20.92],[158.72,-20.85],[158.71,-20.82]]],[[[146.95,59.15],[147.15,59.12],[147.36,59.06],[147.51,59.04],[147.82,59.06],[148.58,59.05],[148.77,58.94],[149.02,58.92],[149.89,58.85],[150.41,58.8],[150.67,58.81],[150.98,58.77],[151.04,58.72],[151.16,58.66],[151.34,58.64],[151.69,58.64],[152.15,58.69],[152.41,58.76],[152.65,58.71],[152.9,58.71],[153.05,58.72],[153.2,58.78],[153.29,58.88],[153.43,58.89],[153.62,58.95],[153.74,58.9],[153.92,58.86],[154.1,58.85],[154.42,58.9],[154.59,58.95],[154.74,58.93],[154.92,58.94],[155.11,58.97],[155.57,59],[155.71,59.02],[155.82,59.06],[155.9,59.13],[155.97,59.26],[155.99,59.34],[155.94,59.44],[155.78,59.52],[155.11,59.68],[154.98,59.7],[154.88,59.9],[154.89,59.95],[154.98,60.05],[155.18,60.19],[155.63,60.34],[155.78,60.4],[155.96,60.49],[156.15,60.54],[156.25,60.6],[156.31,60.67],[156.37,60.83],[156.44,60.89],[156.6,60.96],[156.89,61.03],[156.99,61.08],[157.06,61.16],[157.06,61.29],[157.18,61.39],[157.52,61.5],[157.92,61.54],[158.15,61.53],[158.64,61.6],[158.77,61.62],[159.07,61.61],[159.19,61.55],[159.33,61.22],[159.37,60.92],[159.39,60.88],[159.77,60.5],[159.91,60.41],[160.08,60.38],[160.2,60.37],[160.4,60.41],[160.5,60.44],[160.75,60.47],[161.08,60.39],[161.35,60.53],[162,60.87],[162.25,61.33],[162.47,61.67],[162.46,61.73],[162.4,61.76],[162.47,61.8],[162.3,61.94],[162.49,61.95],[162.54,62.02],[162.52,62.08],[162.39,62.1],[162.17,62.15],[162.26,62.2],[162.4,62.24],[162.69,62.25],[162.79,62.31],[162.76,62.42],[162.78,62.45],[162.68,62.57],[162.83,62.66],[162.76,62.71],[162.66,62.7],[162.56,62.74],[162.63,62.78],[162.56,62.83],[162.28,62.9],[162.26,62.93],[162.3,63.06],[162.6,63.12],[162.58,63.15],[162.76,63.17],[162.78,63.23],[162.74,63.27],[162.75,63.39],[162.93,63.45],[162.97,63.48],[163,63.62],[162.9,63.64],[162.86,63.72],[162.74,63.74],[162.72,63.82],[162.84,63.85],[162.95,63.92],[162.93,63.97],[162.82,64.01],[162.85,64.05],[162.8,64.1],[162.87,64.16],[162.99,64.19],[163.18,64.16],[163.27,64.3],[163.34,64.3],[163.41,64.45],[163.2,64.53],[163.18,64.62],[163.23,64.7],[163.07,64.66],[162.75,64.66],[162.65,64.74],[162.42,64.76],[162.32,64.74],[162.22,64.79],[162.14,64.78],[161.85,64.82],[161.75,64.91],[161.72,65],[161.52,65.05],[161.32,65.15],[161.22,65.15],[161.02,65.18],[160.87,65.14],[160.67,65.15],[160.5,65.18],[160.51,65.2],[160.33,65.32],[160.21,65.36],[160.24,65.43],[160.09,65.5],[159.81,65.54],[159.71,65.58],[159.45,65.64],[158.95,65.73],[158.9,65.81],[158.93,65.89],[159.02,65.95],[159.03,65.99],[159.17,66.07],[159.26,66.16],[159.22,66.22],[158.9,66.27],[158.78,66.27],[158.72,66.32],[158.55,66.34],[158.37,66.43],[158.5,66.46],[158.54,66.55],[158.64,66.57],[158.72,66.64],[158.71,66.69],[158.93,66.77],[158.79,66.89],[158.82,66.94],[158.71,67.04],[158.4,67.1],[158.09,67.23],[157.92,67.26],[157.81,67.31],[157.91,67.42],[157.79,67.45],[157.73,67.52],[157.81,67.67],[157.94,67.72],[158.12,67.7],[158.36,67.72],[158.25,67.82],[158.11,67.82],[158.1,67.91],[158.21,67.94],[158.37,68.08],[158.65,68.13],[158.9,68.1],[159.26,68.19],[159.4,68.19],[159.66,68.22],[159.8,68.19],[159.83,68.25],[160.06,68.27],[160.52,68.24],[160.73,68.25],[161.03,68.28],[161.33,68.37],[161.65,68.37],[161.71,68.35],[161.96,68.36],[162.39,68.27],[162.55,68.33],[162.62,68.44],[162.56,68.48],[162.75,68.58],[162.71,68.66],[162.6,68.69],[162.59,68.78],[162.73,68.77],[162.8,68.82],[162.73,68.93],[162.58,68.96],[162.51,69.07],[162.53,69.11],[162.77,69.18],[162.7,69.24],[162.51,69.33],[162.54,69.37],[162.35,69.41],[162.43,69.45],[162.32,69.53],[162.45,69.62],[162.53,69.87],[161.79,69.88],[161.19,69.89],[160.65,69.92],[160.54,70.1],[160.66,70.2],[160.68,70.3],[160.61,70.41],[160.43,70.6],[160.8,70.6],[161.07,70.63],[161.16,70.55],[161.43,70.48],[161.76,70.46],[161.92,70.47],[162.08,70.44],[162.37,70.42],[162.77,70.45],[162.96,70.51],[163.06,70.57],[163.11,70.64],[163.01,70.75],[162.88,70.8],[162.52,70.85],[162.27,70.85],[162.13,70.98],[161.9,71.08],[161.71,71.12],[161.51,71.13],[161.29,71.12],[160.97,71.06],[160.72,71.1],[160.5,71.11],[160.16,71.09],[159.93,71.02],[159.82,70.89],[159.31,71.03],[158.67,71.14],[157.97,71.22],[157.06,71.27],[156.41,71.27],[156.16,71.28],[155.75,71.27],[155.4,71.23],[154.97,71.21],[154.33,71.15],[153.61,71.06],[153.38,71.06],[152.98,71.02],[152.81,71.02],[152.28,71.36],[151.72,71.66],[151.57,71.72],[151.4,71.75],[150.83,71.82],[150.73,71.95],[150.48,72.12],[150.19,72.23],[150,72.29],[149.5,72.39],[149.04,72.44],[148.8,72.48],[148.44,72.52],[147.95,72.52],[147.62,72.53],[147.2,72.51],[146.52,72.63],[145.72,72.72],[145.22,72.76],[144.77,72.4],[144.49,72.23],[144.31,72.28],[144.16,72.18],[143.86,72.17],[143.72,72.15],[143.67,72.08],[143.44,72.07],[143.37,72.04],[143.46,71.99],[143.34,71.97],[143.34,71.92],[143.19,71.85],[143.09,71.78],[143.06,71.71],[142.71,71.65],[142.63,71.58],[142.53,71.35],[142.47,71.24],[142.54,71.22],[142.6,71.11],[142.42,71.06],[142.31,70.99],[142.14,70.95],[141.63,70.74],[141.64,70.68],[141.72,70.65],[141.55,70.54],[140.8,70.16],[140.88,70.05],[141.02,69.99],[141.12,70.02],[141.3,69.99],[141.34,69.93],[141.62,69.86],[141.79,69.88],[142.14,69.88],[142.28,69.81],[142.17,69.77],[142.14,69.71],[142.05,69.68],[142.22,69.59],[142.37,69.58],[142.45,69.48],[142.66,69.43],[142.63,69.35],[142.7,69.32],[142.66,69.26],[142.48,69.28],[141.91,69.26],[141.8,69.28],[141.5,69.2],[141.57,69.09],[141.63,69.07],[141.62,69],[141.7,68.94],[141.69,68.89],[141.86,68.77],[141.46,68.7],[141.49,68.63],[141.43,68.58],[141.32,68.56],[141.15,68.49],[141.11,68.43],[140.93,68.4],[141.01,68.29],[141.16,68.2],[141.03,68.1],[141.08,68.01],[141,67.83],[140.78,67.84],[140.37,67.88],[140.33,67.85],[140,67.88],[139.91,67.82],[139.68,67.74],[139.54,67.66],[139.22,67.58],[139.18,67.55],[139.02,67.57],[138.75,67.55],[138.82,67.5],[138.79,67.44],[138.98,67.41],[138.92,67.37],[138.94,67.31],[138.7,67.26],[138.79,67.21],[138.81,67.15],[139.17,67.1],[139.28,67.11],[139.49,67.05],[139.46,67.02],[139.56,66.93],[139.55,66.9],[139.77,66.83],[139.94,66.82],[139.99,66.77],[140.15,66.69],[140.21,66.69],[140.35,66.63],[140.34,66.49],[140.44,66.5],[140.58,66.48],[140.46,66.35],[140.23,66.4],[140.1,66.4],[140.03,66.33],[139.82,66.3],[139.73,66.27],[139.86,66.15],[139.86,66.1],[140.14,66.02],[140.06,65.92],[140.18,65.88],[140.4,65.8],[140.24,65.69],[140.21,65.61],[140.34,65.56],[140.51,65.56],[140.67,65.53],[140.72,65.56],[140.9,65.54],[141.09,65.54],[141.26,65.5],[141.6,65.45],[141.71,65.44],[141.85,65.47],[141.88,65.41],[142.1,65.39],[142.5,65.32],[142.81,65.33],[142.99,65.25],[142.99,65.17],[143.14,65.18],[143.55,65.11],[143.79,65.03],[143.95,65.05],[144.03,65.03],[144.27,65.02],[144.35,64.89],[144.54,64.86],[144.7,64.75],[144.54,64.67],[144.73,64.6],[144.77,64.57],[144.93,64.57],[145.06,64.53],[145.15,64.54],[145.28,64.45],[145.67,64.41],[145.74,64.44],[145.86,64.41],[145.88,64.35],[146.08,64.27],[146.15,64.2],[146.29,64.21],[146.38,64.18],[146.33,64.07],[146.23,64.01],[146.17,63.93],[146.01,63.92],[145.58,63.82],[145.65,63.79],[145.67,63.67],[145.61,63.64],[145.49,63.51],[145.38,63.3],[145.26,63.24],[145.25,63.15],[145.37,62.98],[145.41,62.87],[145.35,62.75],[145.44,62.63],[145.43,62.53],[145.38,62.5],[145.23,62.5],[145.15,62.4],[145.21,62.3],[145.1,62.23],[144.99,62.23],[144.99,62.16],[144.74,62.1],[144.76,62.04],[144.86,62.06],[144.99,62.05],[145.05,62],[145.15,62],[145.21,61.97],[145.29,62],[145.45,61.95],[145.65,61.99],[145.66,62.03],[145.99,61.99],[146.24,61.9],[146.35,61.84],[146.39,61.74],[146.52,61.66],[146.6,61.64],[146.59,61.55],[146.74,61.47],[146.71,61.42],[146.74,61.38],[146.7,61.3],[146.76,61.21],[146.69,61.09],[146.72,60.99],[146.71,60.95],[146.5,60.94],[146.52,60.85],[146.45,60.75],[146.44,60.67],[146.34,60.65],[146.2,60.7],[146.16,60.74],[145.92,60.66],[145.93,60.62],[145.71,60.59],[145.66,60.53],[145.53,60.49],[145.55,60.42],[145.64,60.41],[145.66,60.36],[145.57,60.34],[145.64,60.26],[145.79,60.21],[145.86,60.17],[145.98,60.2],[146.22,60.21],[146.37,60.25],[146.48,60.19],[146.5,60.12],[146.69,60.09],[146.7,59.97],[146.8,59.91],[146.94,59.95],[147.04,59.95],[147.12,59.89],[147.22,59.74],[147.13,59.7],[147.15,59.5],[147.1,59.47],[147.11,59.41],[146.94,59.39],[146.95,59.15]]],[[[152.57,47.1],[152.7,47.14],[152.8,47.22],[152.84,47.3],[153,47.34],[153.08,47.4],[153.15,47.52],[153.28,47.59],[153.33,47.65],[153.36,47.75],[153.34,47.84],[153.49,47.9],[153.56,47.97],[153.59,48.03],[153.59,48.11],[153.54,48.2],[153.57,48.29],[153.51,48.42],[153.36,48.49],[153.18,48.5],[153.07,48.47],[152.99,48.41],[152.94,48.32],[152.94,48.25],[152.87,48.14],[152.87,48.04],[152.9,47.98],[152.77,47.92],[152.68,47.79],[152.66,47.71],[152.58,47.66],[152.5,47.58],[152.36,47.57],[152.24,47.52],[152.13,47.41],[152.12,47.36],[151.99,47.31],[151.81,47.13],[151.58,47.03],[151.46,46.95],[151.42,46.88],[151.43,46.76],[151.51,46.67],[151.57,46.62],[151.75,46.57],[151.87,46.58],[152,46.62],[152.1,46.69],[152.2,46.74],[152.35,46.85],[152.43,46.95],[152.54,47.03],[152.57,47.1]]],[[[145.92,43.15],[146.02,43.14],[146.1,43.15],[146.35,43.27],[146.44,43.37],[146.57,43.39],[146.64,43.43],[146.7,43.5],[146.76,43.52],[146.96,43.58],[147.12,43.69],[147.18,43.77],[147.2,43.84],[147.16,43.94],[147.11,43.99],[146.93,44.08],[146.78,44.09],[146.71,44.07],[146.48,44],[146.39,43.95],[146.32,43.85],[146.22,43.84],[146.15,43.81],[146.04,43.74],[145.86,43.66],[145.84,43.73],[145.94,43.77],[146,43.82],[146.23,44.02],[146.66,44.19],[146.75,44.26],[146.91,44.23],[146.99,44.23],[147.09,44.25],[147.16,44.29],[147.24,44.37],[147.38,44.41],[147.49,44.49],[147.56,44.57],[147.76,44.68],[147.84,44.75],[147.98,44.77],[148.06,44.79],[148.18,44.86],[148.26,44.93],[148.45,45.03],[148.59,45.06],[148.72,45.13],[148.82,45.12],[148.97,45.16],[149.07,45.22],[149.14,45.32],[149.17,45.46],[149.24,45.41],[149.36,45.37],[149.52,45.37],[149.63,45.39],[149.86,45.48],[150.02,45.59],[150.2,45.67],[150.42,45.82],[150.54,45.94],[150.68,46.03],[150.78,46.08],[150.89,46.18],[150.9,46.25],[151.02,46.28],[151.08,46.33],[151.19,46.46],[151.21,46.54],[151.19,46.6],[151.12,46.68],[151.04,46.72],[151.01,46.82],[150.92,46.89],[150.77,46.94],[150.65,46.93],[150.55,46.9],[150.47,46.84],[150.43,46.79],[150.42,46.7],[150.45,46.63],[150.52,46.56],[150.49,46.49],[150.49,46.42],[150.26,46.42],[150.03,46.35],[149.79,46.22],[149.44,45.98],[149.31,45.83],[149.21,45.77],[149.11,45.64],[149,45.71],[148.9,45.75],[148.73,45.76],[148.52,45.72],[148.39,45.64],[148.23,45.5],[148.16,45.56],[148,45.63],[147.9,45.64],[147.8,45.62],[147.68,45.56],[147.62,45.49],[147.5,45.33],[147.33,45.27],[147.26,45.23],[147.21,45.14],[147.21,45.07],[146.98,45],[146.91,44.97],[146.84,44.89],[146.78,44.8],[146.72,44.75],[146.66,44.65],[146.5,44.65],[146.42,44.62],[146.32,44.69],[146.25,44.71],[146.12,44.71],[146.02,44.69],[145.88,44.61],[145.76,44.47],[145.73,44.42],[145.63,44.33],[145.59,44.22],[145.5,44.11],[145.28,43.9],[145.24,43.78],[145.26,43.73],[145.43,43.64],[145.53,43.51],[145.69,43.54],[145.82,43.43],[145.9,43.28],[145.92,43.15]]],[[[169.31,-18.35],[168.81,-17.64],[168.86,-17.02],[168.85,-16.94],[168.73,-16.61],[168.49,-15.88],[168.3,-14.59],[168.26,-14.38],[167.84,-13.19],[167.79,-13.12],[167.68,-13.06],[166.58,-12.87],[166.54,-12.87],[166.44,-12.9],[166.39,-12.95],[166.34,-13.03],[166.34,-13.13],[166.34,-14.14],[166.34,-14.77],[166.34,-14.88],[166.44,-15.43],[166.46,-15.48],[166.59,-15.74],[166.73,-15.94],[167.29,-16.7],[167.46,-16.98],[167.98,-17.82],[168.35,-18.34],[168.8,-18.97],[169.03,-19.54],[169.07,-19.64],[169.58,-20.37],[169.64,-20.43],[169.73,-20.46],[169.92,-20.45],[170.03,-20.38],[170.09,-20.3],[170.43,-19.63],[170.45,-19.52],[170.43,-19.42],[170.38,-19.36],[169.47,-18.57],[169.31,-18.35]]],[[[154.71,3.82],[154.73,3.75],[154.78,3.67],[154.84,3.64],[154.92,3.62],[155.05,3.65],[155.13,3.71],[155.17,3.81],[155.16,3.93],[155.12,3.99],[155.03,4.06],[154.92,4.08],[154.8,4.03],[154.73,3.93],[154.71,3.82]]],[[[154.52,1.02],[154.55,0.95],[154.6,0.9],[154.69,0.84],[154.8,0.82],[154.87,0.85],[154.95,0.9],[154.99,0.97],[155.01,1.03],[155,1.13],[154.97,1.2],[154.89,1.28],[154.78,1.31],[154.63,1.27],[154.56,1.22],[154.51,1.12],[154.52,1.02]]],[[[154.04,8.07],[154.08,7.98],[154.12,7.93],[154.2,7.88],[154.28,7.86],[154.38,7.87],[154.48,7.95],[154.51,8.02],[154.51,8.13],[154.47,8.24],[154.41,8.31],[154.3,8.35],[154.18,8.32],[154.09,8.25],[154.06,8.18],[154.04,8.07]]],[[[154.95,7.52],[154.99,7.43],[155.09,7.3],[155.21,7.23],[155.37,7.21],[155.48,7.24],[155.54,7.28],[155.6,7.41],[155.61,7.47],[155.61,7.61],[155.59,7.68],[155.53,7.77],[155.45,7.81],[155.39,7.82],[155.28,7.8],[155.19,7.83],[155.09,7.82],[155.02,7.77],[154.97,7.7],[154.95,7.65],[154.95,7.52]]],[[[156.95,5.74],[157.02,5.63],[157.13,5.58],[157.35,5.57],[157.44,5.61],[157.53,5.7],[157.55,5.81],[157.52,5.91],[157.47,5.97],[157.42,6.02],[157.31,6.06],[157.21,6.05],[157.04,5.96],[156.98,5.9],[156.95,5.82],[156.95,5.74]]],[[[159.55,6.63],[159.57,6.57],[159.63,6.5],[159.68,6.47],[159.77,6.46],[159.87,6.5],[159.92,6.55],[159.96,6.64],[159.97,6.72],[159.96,6.78],[159.91,6.84],[159.86,6.88],[159.75,6.9],[159.65,6.87],[159.59,6.83],[159.55,6.75],[159.55,6.63]]],[[[160.49,6.19],[160.51,6.12],[160.55,6.06],[160.62,6.01],[160.75,6],[160.84,6.04],[160.88,6.09],[160.92,6.18],[160.9,6.31],[160.84,6.38],[160.76,6.43],[160.69,6.43],[160.6,6.41],[160.54,6.37],[160.51,6.32],[160.49,6.19]]],[[[158.53,6.98],[158.52,7.05],[158.47,7.13],[158.37,7.22],[158.31,7.25],[158.17,7.24],[158.01,7.15],[157.97,7.21],[157.91,7.25],[157.79,7.29],[157.71,7.28],[157.61,7.22],[157.58,7.16],[157.56,7.08],[157.6,6.96],[157.7,6.87],[157.69,6.79],[157.74,6.64],[157.78,6.59],[157.86,6.53],[157.95,6.52],[158.02,6.54],[158.11,6.58],[158.24,6.56],[158.3,6.56],[158.42,6.61],[158.54,6.74],[158.57,6.86],[158.53,6.98]]],[[[163.24,5.29],[163.23,5.39],[163.18,5.5],[163.14,5.53],[163.05,5.57],[162.99,5.58],[162.87,5.55],[162.81,5.5],[162.75,5.44],[162.7,5.35],[162.71,5.24],[162.74,5.18],[162.8,5.11],[162.9,5.07],[163.03,5.06],[163.09,5.08],[163.18,5.15],[163.21,5.2],[163.24,5.29]]],[[[153.68,48.8],[153.67,48.72],[153.61,48.67],[153.54,48.56],[153.58,48.44],[153.7,48.35],[153.81,48.33],[153.9,48.33],[154.05,48.38],[154.14,48.46],[154.17,48.55],[154.39,48.68],[154.47,48.75],[154.53,48.87],[154.61,48.88],[154.77,48.93],[154.84,48.98],[154.91,49.1],[155.05,49.16],[155.14,49.27],[155.16,49.35],[155.14,49.42],[155.19,49.48],[155.23,49.6],[155.22,49.67],[155.17,49.73],[155.06,49.79],[154.94,49.83],[154.79,49.83],[154.75,49.9],[154.66,49.97],[154.51,50.01],[154.42,50.02],[154.28,49.99],[154.21,49.96],[154.13,49.9],[154.08,49.8],[154.08,49.74],[154.11,49.66],[154.19,49.6],[154.3,49.55],[154.4,49.53],[154.32,49.42],[154.31,49.33],[154.18,49.25],[154.15,49.14],[153.99,49.17],[153.87,49.17],[153.72,49.13],[153.58,49.18],[153.49,49.19],[153.35,49.17],[153.28,49.14],[153.17,49.03],[153.18,48.91],[153.26,48.83],[153.35,48.79],[153.49,48.77],[153.68,48.8]]],[[[156.8,50.69],[156.71,50.77],[156.49,50.93],[156.38,51.06],[156.22,51.02],[156.11,50.96],[155.96,50.96],[155.91,51.02],[155.77,51.09],[155.61,51.12],[155.5,51.12],[155.36,51.1],[155.27,51.07],[155.18,51],[155.14,50.91],[155.15,50.82],[155.21,50.74],[155.35,50.64],[155.5,50.61],[155.48,50.58],[155.14,50.49],[155.03,50.46],[154.96,50.41],[154.79,50.37],[154.69,50.31],[154.65,50.24],[154.66,50.14],[154.72,50.07],[154.79,50.02],[154.93,49.99],[155.04,49.89],[155.29,49.8],[155.46,49.8],[155.64,49.87],[155.73,49.97],[155.89,50],[155.99,50.03],[156.14,50.13],[156.3,50.3],[156.44,50.33],[156.57,50.42],[156.6,50.48],[156.68,50.53],[156.8,50.69]]]]},"properties":{"tzid":"Asia/Sakhalin"}},
{"type":"Feature","geometry":{"type":"MultiPolygon","coordinates":[[[[56.55,26.7],[56.6,26.76],[56.67,26.91],[56.75,26.79],[56.81,26.73],[56.85,26.64],[56.86,26.56],[56.84,26.39],[56.88,26.24],[56.96,26.11],[56.97,26],[57.01,25.91],[57.07,25.85],[57.08,25.76],[57.11,25.69],[57.17,25.63],[57.7,25.44],[58.05,25.36],[58.63,25.27],[59.07,25.2],[59.55,25.2],[59.77,25.17],[59.87,25.14],[59.96,25.15],[60.17,25.12],[60.45,25.08],[60.58,25.07],[61.36,24.86],[61.58,24.84],[61.59,25.04],[61.65,25.31],[61.68,25.66],[61.73,25.73],[61.84,25.74],[61.85,25.82],[61.83,25.96],[61.86,26.18],[61.92,26.25],[62,26.28],[62.07,26.33],[62.1,26.28],[62.21,26.27],[62.26,26.41],[62.31,26.47],[62.3,26.51],[62.44,26.56],[62.6,26.58],[62.7,26.61],[62.76,26.65],[63.2,26.65],[63.2,26.76],[63.19,26.84],[63.24,26.84],[63.25,26.9],[63.25,27.09],[63.31,27.13],[63.28,27.22],[63.2,27.26],[63.12,27.24],[63.04,27.24],[62.95,27.2],[62.88,27.23],[62.82,27.22],[62.83,27.31],[62.8,27.33],[62.85,27.46],[62.83,27.76],[62.76,28.03],[62.79,28.23],[62.79,28.28],[62.6,28.25],[62.46,28.38],[62.39,28.43],[62.28,28.45],[62.17,28.49],[62.04,28.51],[61.91,28.56],[61.81,28.65],[61.75,28.72],[61.66,28.78],[61.62,28.84],[61.54,28.99],[61.5,29.02],[61.5,29.07],[61.48,29.12],[61.43,29.13],[61.43,29.2],[61.35,29.28],[61.37,29.34],[61.21,29.49],[61.12,29.53],[61.13,29.57],[60.87,29.86],[61.1,30.1],[61.54,30.57],[61.8,30.84],[61.79,30.93],[61.82,31],[61.83,31.09],[61.78,31.21],[61.78,31.3],[61.71,31.38],[60.86,31.49],[60.81,31.71],[60.82,31.89],[60.83,31.98],[60.82,32.01],[60.88,32.2],[60.86,32.27],[60.81,32.48],[60.71,32.7],[60.63,33.02],[60.58,33.13],[60.63,33.23],[60.82,33.4],[60.87,33.42],[60.85,33.48],[60.9,33.54],[60.7,33.55],[60.63,33.58],[60.55,33.73],[60.58,33.81],[60.52,34.06],[60.54,34.15],[60.69,34.31],[60.92,34.3],[60.86,34.37],[60.81,34.46],[60.74,34.53],[60.85,34.54],[60.9,34.57],[60.92,34.62],[60.98,34.62],[61,34.71],[61.07,34.81],[61.06,34.91],[61.1,34.95],[61.11,35.03],[61.14,35.1],[61.09,35.18],[61.09,35.26],[61.19,35.29],[61.19,35.4],[61.28,35.54],[61.27,35.6],[61.23,35.65],[61.26,35.81],[61.24,35.89],[61.18,35.94],[61.16,36.03],[61.21,36.09],[61.23,36.16],[61.19,36.22],[61.14,36.4],[61.17,36.41],[61.16,36.51],[61.19,36.55],[61.17,36.61],[61.1,36.64],[60.68,36.62],[60.35,36.63],[60.21,36.82],[60.17,36.85],[60.09,36.94],[60.04,37.02],[59.93,37.04],[59.77,37.13],[59.65,37.14],[59.56,37.13],[59.54,37.19],[59.44,37.3],[59.4,37.32],[59.38,37.41],[59.39,37.48],[59.35,37.53],[59.23,37.51],[59.06,37.63],[58.93,37.67],[58.67,37.66],[58.55,37.71],[58.5,37.65],[58.39,37.63],[58.36,37.66],[58.23,37.68],[58.2,37.78],[58.16,37.79],[58.03,37.81],[57.89,37.87],[57.83,37.86],[57.8,37.9],[57.72,37.92],[57.58,37.94],[57.51,37.92],[57.35,38],[57.37,38.08],[57.25,38.27],[57.16,38.27],[57.13,38.24],[57.05,38.19],[56.91,38.21],[56.79,38.25],[56.76,38.28],[56.61,38.24],[56.55,38.27],[56.45,38.26],[56.33,38.2],[56.35,38.12],[56.3,38.08],[56.22,38.07],[56.17,38.09],[56.02,38.08],[55.84,38.1],[55.75,38.13],[55.44,38.09],[55.38,38.04],[55.27,37.99],[55.13,37.95],[54.95,37.8],[54.84,37.75],[54.78,37.63],[54.82,37.6],[54.8,37.52],[54.7,37.45],[54.6,37.46],[54.49,37.42],[54.4,37.36],[54.29,37.35],[54.24,37.32],[53.85,37.36],[53.66,37.36],[53.69,37.2],[53.73,37.09],[53.22,37.05],[53.05,37.01],[52.8,36.94],[52.37,36.87],[52.01,36.78],[51.9,36.77],[51.72,36.79],[51.63,36.84],[51.46,36.88],[51.34,36.89],[51.16,36.93],[50.85,37.07],[50.81,37.1],[50.66,37.17],[50.61,37.18],[50.51,37.27],[50.45,37.43],[50.41,37.49],[50.29,37.57],[50.14,37.6],[50.03,37.66],[49.92,37.67],[49.79,37.65],[49.49,37.68],[49.37,37.72],[49.23,37.82],[49.19,37.94],[49.17,38.08],[49.17,38.18],[49.13,38.35],[49.14,38.45],[48.88,38.44],[48.79,38.45],[48.74,38.41],[48.66,38.39],[48.47,38.55],[48.43,38.61],[48.31,38.61],[48.25,38.66],[48.25,38.73],[48.19,38.76],[48.11,38.77],[48.02,38.84],[48.03,38.9],[48.09,38.95],[48.27,38.97],[48.34,39.03],[48.3,39.11],[48.23,39.13],[48.14,39.21],[48.13,39.27],[48.21,39.33],[48.25,39.33],[48.36,39.39],[48.33,39.43],[48.03,39.69],[47.99,39.71],[47.91,39.66],[47.81,39.66],[47.75,39.61],[47.51,39.5],[47.4,39.47],[47.32,39.37],[47.13,39.29],[47.06,39.24],[47.05,39.19],[46.96,39.14],[46.93,39.16],[46.79,39.09],[46.76,39.04],[46.7,39.02],[46.6,38.91],[46.53,38.89],[46.43,38.89],[46.36,38.92],[46.28,38.9],[46.19,38.84],[46.11,38.87],[45.92,38.87],[45.74,38.93],[45.69,38.95],[45.62,38.94],[45.45,38.99],[45.45,39.06],[45.35,39.13],[45.31,39.2],[45.25,39.19],[45.17,39.22],[45.09,39.35],[44.96,39.42],[44.95,39.49],[44.91,39.53],[44.9,39.58],[44.81,39.63],[44.71,39.71],[44.67,39.71],[44.61,39.78],[44.47,39.68],[44.48,39.61],[44.42,39.56],[44.44,39.5],[44.43,39.44],[44.3,39.38],[44.25,39.4],[44.05,39.4],[44.09,39.22],[44.21,39.13],[44.19,39.08],[44.21,39.02],[44.17,38.99],[44.21,38.89],[44.31,38.81],[44.26,38.71],[44.28,38.64],[44.32,38.62],[44.31,38.44],[44.32,38.37],[44.38,38.36],[44.44,38.38],[44.5,38.31],[44.42,38.27],[44.39,38.15],[44.35,38.13],[44.3,38.03],[44.24,37.96],[44.22,37.89],[44.4,37.85],[44.44,37.77],[44.53,37.78],[44.59,37.76],[44.62,37.7],[44.57,37.64],[44.61,37.6],[44.59,37.44],[44.66,37.39],[44.71,37.38],[44.82,37.28],[44.76,37.23],[44.78,37.14],[44.75,37.11],[44.8,37.05],[44.85,37.05],[44.9,37],[44.88,36.95],[44.91,36.92],[44.89,36.85],[44.84,36.82],[44.84,36.78],[44.94,36.78],[45.03,36.74],[45.07,36.63],[45.03,36.6],[45.08,36.43],[45.15,36.4],[45.24,36.43],[45.28,36.38],[45.26,36.3],[45.3,36.27],[45.34,36.2],[45.33,36.14],[45.38,36.08],[45.34,36.01],[45.4,35.97],[45.45,35.99],[45.56,36],[45.67,35.93],[45.76,35.8],[45.9,35.84],[45.96,35.82],[46.06,35.86],[46.14,35.84],[46.21,35.79],[46.29,35.83],[46.35,35.79],[46.23,35.72],[46.17,35.69],[46.04,35.71],[46.01,35.68],[46.01,35.57],[45.99,35.5],[46.04,35.41],[46.15,35.31],[46.12,35.23],[46.18,35.23],[46.16,35.16],[46.19,35.11],[46.07,35.04],[45.94,35.09],[45.88,35.04],[45.89,34.95],[45.87,34.9],[45.79,34.91],[45.8,34.86],[45.72,34.84],[45.66,34.72],[45.7,34.69],[45.74,34.59],[45.71,34.54],[45.58,34.56],[45.52,34.55],[45.53,34.49],[45.44,34.46],[45.47,34.38],[45.56,34.33],[45.58,34.25],[45.56,34.2],[45.58,34.15],[45.52,34.11],[45.47,34.02],[45.42,33.99],[45.45,33.94],[45.5,33.95],[45.65,33.76],[45.67,33.7],[45.77,33.64],[45.86,33.63],[45.96,33.56],[45.86,33.49],[46.01,33.5],[46.08,33.36],[46.13,33.29],[46.19,33.26],[46.16,33.14],[46.08,33.09],[46.15,33.05],[46.09,32.99],[46.17,32.95],[46.31,32.97],[46.42,32.94],[46.52,32.9],[46.66,32.81],[46.72,32.79],[46.89,32.63],[46.96,32.6],[47.17,32.46],[47.25,32.46],[47.28,32.49],[47.38,32.47],[47.47,32.39],[47.46,32.32],[47.57,32.19],[47.53,32.14],[47.6,32.12],[47.7,32.02],[47.73,31.94],[47.81,31.88],[47.8,31.86],[47.87,31.78],[47.69,31.39],[47.69,31],[48.03,31],[48.03,30.48],[48.16,30.43],[48.19,30.34],[48.28,30.33],[48.42,30.19],[48.39,30.11],[48.45,30.06],[48.46,30],[48.51,29.96],[48.61,29.94],[48.88,29.82],[49.1,29.81],[49.46,29.79],[49.71,29.53],[50.13,29.08],[50.59,28.54],[50.82,28.26],[51.3,27.69],[51.42,27.62],[52.11,27.21],[52.61,26.91],[53.09,26.62],[53.13,26.61],[53.89,26.31],[53.96,26.29],[54.22,26.06],[54.27,25.98],[54.28,25.87],[54.31,25.8],[54.36,25.74],[54.44,25.71],[54.6,25.7],[54.7,25.74],[54.81,25.83],[54.86,25.75],[54.95,25.69],[55.05,25.67],[55.18,25.72],[55.25,25.82],[55.26,25.93],[55.22,26.01],[55.23,26.07],[55.32,26.06],[55.45,26.1],[55.53,26.19],[55.54,26.28],[55.73,26.34],[56.13,26.5],[56.24,26.59],[56.3,26.6],[56.55,26.7]]],[[[49.98,27.88],[50.37,27.89],[50.4,27.95],[50.4,28.03],[50.37,28.1],[50.31,28.15],[50.22,28.19],[50.1,28.18],[50.03,28.15],[49.98,28.1],[49.95,28.04],[49.95,27.95],[49.98,27.88]]]]},"properties":{"tzid":"Asia/Tehran"}},
{"type":"Feature","geometry":{"type":"MultiPolygon","coordinates":[[[[93.23,13.78],[93.31,13.79],[93.5,13.9],[93.56,13.99],[93.59,14.13],[93.57,14.24],[93.54,14.31],[93.48,14.36],[93.39,14.39],[93.31,14.39],[93.25,14.37],[93.18,14.3],[93.05,14.14],[93.01,14.04],[93.01,13.96],[93.05,13.87],[93.13,13.82],[93.23,13.78]]],[[[93.86,14.94],[93.85,15],[93.8,15.07],[93.72,15.12],[93.65,15.14],[93.57,15.12],[93.42,15.01],[93.37,14.92],[93.34,14.78],[93.37,14.69],[93.46,14.6],[93.56,14.58],[93.68,14.63],[93.75,14.69],[93.82,14.79],[93.86,14.94]]],[[[98.53,9.92],[98.58,9.99],[98.67,10.17],[98.71,10.23],[98.76,10.39],[98.82,10.5],[98.81,10.58],[98.77,10.62],[98.78,10.68],[98.86,10.78],[98.96,10.81],[99.01,10.86],[99,10.91],[99.02,10.97],[99.08,10.95],[99.1,11.01],[99.16,11.03],[99.23,11.11],[99.26,11.21],[99.32,11.28],[99.31,11.32],[99.4,11.39],[99.39,11.46],[99.44,11.48],[99.47,11.53],[99.47,11.61],[99.52,11.64],[99.57,11.63],[99.58,11.68],[99.64,11.73],[99.66,11.83],[99.63,11.83],[99.58,11.91],[99.59,11.99],[99.54,12.01],[99.53,12.07],[99.57,12.15],[99.52,12.15],[99.47,12.23],[99.43,12.34],[99.44,12.4],[99.4,12.46],[99.44,12.57],[99.41,12.62],[99.29,12.68],[99.29,12.72],[99.23,12.74],[99.22,12.83],[99.19,12.85],[99.17,12.94],[99.18,12.99],[99.1,13.07],[99.13,13.1],[99.14,13.21],[99.21,13.21],[99.19,13.29],[99.21,13.38],[99.17,13.56],[99.17,13.73],[99.12,13.77],[99.08,13.89],[99.02,13.95],[98.97,14.08],[98.88,14.12],[98.83,14.17],[98.76,14.21],[98.63,14.32],[98.6,14.33],[98.55,14.43],[98.44,14.61],[98.32,14.71],[98.25,14.83],[98.26,14.86],[98.23,14.97],[98.23,15.04],[98.18,15.1],[98.21,15.18],[98.31,15.31],[98.39,15.26],[98.39,15.34],[98.47,15.37],[98.58,15.38],[98.59,15.47],[98.55,15.6],[98.55,15.69],[98.58,15.8],[98.61,15.87],[98.58,15.92],[98.61,15.97],[98.56,16.03],[98.63,16.04],[98.7,16.14],[98.81,16.1],[98.85,16.14],[98.85,16.21],[98.9,16.25],[98.93,16.33],[98.88,16.42],[98.74,16.34],[98.68,16.28],[98.64,16.43],[98.66,16.45],[98.58,16.56],[98.56,16.63],[98.52,16.65],[98.51,16.7],[98.46,16.73],[98.49,16.79],[98.54,16.83],[98.53,16.87],[98.49,16.97],[98.44,17.04],[98.35,17.05],[98.28,17.12],[98.29,17.16],[98.25,17.21],[98.11,17.32],[98.11,17.39],[97.99,17.51],[97.92,17.54],[97.91,17.58],[97.79,17.68],[97.72,17.82],[97.67,17.88],[97.69,17.92],[97.74,17.96],[97.72,18.02],[97.68,18.12],[97.68,18.16],[97.61,18.22],[97.64,18.29],[97.62,18.32],[97.55,18.33],[97.5,18.27],[97.44,18.34],[97.39,18.51],[97.44,18.5],[97.6,18.54],[97.65,18.58],[97.77,18.58],[97.77,18.69],[97.74,18.83],[97.74,18.89],[97.69,18.95],[97.74,18.98],[97.74,19.04],[97.77,19.07],[97.84,19.09],[97.84,19.23],[97.82,19.33],[97.79,19.4],[97.88,19.51],[97.86,19.58],[97.98,19.6],[98.03,19.64],[98.04,19.8],[98.08,19.81],[98.14,19.79],[98.24,19.71],[98.25,19.68],[98.32,19.7],[98.47,19.7],[98.52,19.71],[98.61,19.71],[98.67,19.75],[98.78,19.75],[98.83,19.8],[98.92,19.76],[99.01,19.79],[99.03,19.86],[99.03,19.97],[99.07,20.09],[99.16,20.13],[99.34,20.11],[99.4,20.09],[99.5,20.12],[99.54,20.15],[99.56,20.21],[99.52,20.23],[99.51,20.33],[99.52,20.36],[99.68,20.32],[99.73,20.35],[99.81,20.34],[99.87,20.44],[99.97,20.46],[100.08,20.37],[100.12,20.43],[100.18,20.64],[100.22,20.71],[100.36,20.82],[100.42,20.83],[100.49,20.82],[100.61,20.84],[100.51,20.89],[100.55,21.03],[100.6,21.03],[100.7,21.17],[100.73,21.32],[100.81,21.29],[100.88,21.35],[101,21.39],[101.06,21.46],[101.16,21.53],[101.15,21.56],[101.17,21.6],[101.15,21.67],[101.12,21.69],[101.09,21.78],[101.01,21.71],[100.89,21.69],[100.72,21.51],[100.57,21.45],[100.48,21.46],[100.43,21.54],[100.35,21.53],[100.25,21.47],[100.21,21.51],[100.13,21.51],[100.11,21.6],[100.17,21.67],[100.12,21.71],[100.07,21.69],[99.99,21.71],[99.94,21.82],[100,21.97],[99.96,22.05],[99.88,22.07],[99.87,22.03],[99.76,22.07],[99.67,22.08],[99.65,22.1],[99.53,22.11],[99.47,22.14],[99.41,22.1],[99.27,22.1],[99.17,22.15],[99.16,22.17],[99.24,22.25],[99.23,22.3],[99.3,22.41],[99.38,22.5],[99.39,22.58],[99.33,22.75],[99.39,22.76],[99.39,22.82],[99.45,22.85],[99.44,22.92],[99.56,22.91],[99.52,22.99],[99.52,23.08],[99.38,23.1],[99.35,23.14],[99.25,23.08],[99.19,23.11],[99.12,23.09],[99,23.16],[98.89,23.21],[98.93,23.27],[98.92,23.42],[98.88,23.49],[98.83,23.48],[98.8,23.54],[98.89,23.62],[98.85,23.63],[98.82,23.74],[98.79,23.78],[98.7,23.79],[98.7,23.84],[98.68,23.92],[98.71,23.98],[98.75,23.98],[98.9,24.11],[98.89,24.14],[98.72,24.13],[98.62,24.09],[98.54,24.13],[98.42,24.12],[98.36,24.1],[98.22,24.12],[98.04,24.07],[97.99,24.04],[97.9,24.02],[97.84,23.96],[97.77,23.94],[97.71,23.87],[97.63,23.88],[97.53,23.93],[97.57,23.99],[97.63,24.01],[97.64,24.05],[97.73,24.12],[97.75,24.16],[97.73,24.23],[97.77,24.26],[97.67,24.35],[97.71,24.38],[97.67,24.45],[97.53,24.44],[97.56,24.5],[97.57,24.6],[97.57,24.72],[97.68,24.83],[97.77,24.83],[97.8,24.85],[97.73,24.92],[97.72,25.08],[97.78,25.13],[97.84,25.27],[97.9,25.22],[97.94,25.22],[98.01,25.28],[98.07,25.31],[98.1,25.4],[98.14,25.39],[98.16,25.53],[98.2,25.62],[98.26,25.6],[98.3,25.55],[98.41,25.61],[98.42,25.67],[98.46,25.69],[98.47,25.78],[98.53,25.85],[98.63,25.8],[98.67,25.82],[98.71,25.88],[98.68,25.94],[98.62,25.97],[98.57,26.12],[98.63,26.15],[98.71,26.12],[98.74,26.19],[98.67,26.25],[98.68,26.31],[98.73,26.35],[98.75,26.43],[98.75,26.57],[98.78,26.62],[98.74,26.71],[98.76,26.8],[98.73,26.85],[98.76,26.89],[98.73,27.01],[98.77,27.05],[98.71,27.08],[98.69,27.2],[98.73,27.25],[98.74,27.33],[98.71,27.36],[98.68,27.49],[98.7,27.52],[98.59,27.59],[98.56,27.64],[98.48,27.64],[98.43,27.66],[98.43,27.55],[98.38,27.51],[98.32,27.52],[98.28,27.66],[98.23,27.69],[98.23,27.8],[98.18,27.84],[98.2,27.9],[98.13,27.99],[98.16,28.09],[98.14,28.15],[98.08,28.21],[98.01,28.21],[98.02,28.26],[97.91,28.37],[97.84,28.33],[97.8,28.33],[97.74,28.4],[97.74,28.47],[97.69,28.52],[97.57,28.55],[97.5,28.49],[97.53,28.45],[97.48,28.38],[97.5,28.31],[97.42,28.3],[97.4,28.24],[97.35,28.22],[97.36,28.17],[97.33,28.14],[97.35,28.07],[97.4,28.01],[97.36,27.97],[97.38,27.89],[97.3,27.92],[97.24,27.9],[97.1,27.77],[97.02,27.74],[96.98,27.66],[96.91,27.61],[96.93,27.51],[96.9,27.45],[96.96,27.4],[97,27.32],[97.09,27.24],[97.16,27.14],[97.14,27.1],[97.06,27.1],[96.96,27.16],[96.86,27.19],[96.89,27.23],[96.8,27.35],[96.61,27.37],[96.52,27.29],[96.46,27.31],[96.39,27.28],[96.31,27.29],[96.23,27.28],[96.09,27.22],[96.02,27.18],[95.95,27.05],[95.88,27.02],[95.8,27.02],[95.72,26.88],[95.67,26.9],[95.61,26.81],[95.54,26.84],[95.48,26.75],[95.43,26.7],[95.3,26.65],[95.23,26.68],[95.15,26.62],[95.07,26.47],[95.13,26.39],[95.11,26.23],[95.12,26.1],[95.19,26.07],[95.1,25.96],[95.01,25.9],[95.05,25.79],[95.04,25.74],[94.94,25.67],[94.91,25.61],[94.83,25.55],[94.81,25.5],[94.69,25.47],[94.59,25.27],[94.6,25.18],[94.73,25.13],[94.75,25.06],[94.71,24.93],[94.63,24.84],[94.63,24.75],[94.61,24.71],[94.55,24.71],[94.54,24.64],[94.51,24.59],[94.46,24.57],[94.41,24.44],[94.26,24.16],[94.26,24.08],[94.17,23.93],[94.16,23.85],[94.02,23.93],[93.97,23.92],[93.89,23.95],[93.82,23.92],[93.76,24.01],[93.63,24.01],[93.51,23.95],[93.47,23.97],[93.4,24.09],[93.34,24.09],[93.33,24.05],[93.35,23.95],[93.39,23.92],[93.39,23.75],[93.44,23.68],[93.42,23.64],[93.42,23.54],[93.4,23.51],[93.39,23.36],[93.36,23.35],[93.39,23.22],[93.37,23.12],[93.32,23.03],[93.25,23.01],[93.21,23.05],[93.14,23.05],[93.12,23.01],[93.15,22.93],[93.1,22.81],[93.09,22.71],[93.11,22.64],[93.14,22.59],[93.11,22.56],[93.13,22.47],[93.19,22.43],[93.19,22.34],[93.2,22.26],[93.14,22.24],[93.16,22.19],[93.07,22.21],[93.04,22.2],[93.04,22.14],[92.99,22.06],[92.92,21.99],[92.86,22.03],[92.73,22.15],[92.68,22.11],[92.68,22.04],[92.61,21.97],[92.63,21.87],[92.61,21.85],[92.6,21.7],[92.63,21.5],[92.65,21.36],[92.68,21.29],[92.6,21.24],[92.56,21.38],[92.48,21.35],[92.43,21.38],[92.43,21.43],[92.38,21.48],[92.32,21.42],[92.27,21.43],[92.26,21.36],[92.2,21.31],[92.22,21.24],[92.18,21.16],[92.26,21.08],[92.25,21.02],[92.27,20.93],[92.33,20.84],[92.37,20.7],[92.34,20.68],[92.42,20.59],[92.43,20.55],[92.4,20.38],[92.33,20.24],[92.34,20.12],[92.41,20.04],[92.86,19.68],[93.08,19.3],[93.24,18.81],[93.28,18.73],[93.76,18.24],[94.11,17.44],[94.01,16.97],[94,16.91],[94.03,16.54],[93.99,16.36],[93.97,16.19],[93.99,15.7],[94.01,15.63],[94.06,15.56],[94.12,15.52],[94.49,15.38],[95.1,15.16],[95.62,14.97],[96.07,14.81],[96.6,14.61],[96.99,14.47],[97.57,14.26],[97.57,14.11],[97.55,13.37],[97.52,12.67],[97.58,12.51],[97.45,12.15],[97.32,11.97],[97.27,11.92],[97.24,11.85],[97.23,11.79],[97.31,11.4],[97.49,10.63],[97.47,10.45],[97.68,9.81],[97.72,9.61],[97.86,9.58],[97.98,9.53],[98.06,9.53],[98.12,9.55],[98.21,9.62],[98.24,9.66],[98.28,9.77],[98.44,9.9],[98.53,9.92]]],[[[97.01,-11.74],[96.94,-11.66],[96.84,-11.62],[96.77,-11.63],[96.67,-11.69],[96.63,-11.75],[96.61,-11.83],[96.62,-11.89],[96.66,-11.97],[96.63,-12.03],[96.61,-12.13],[96.63,-12.26],[96.71,-12.37],[96.79,-12.4],[96.91,-12.41],[97.01,-12.38],[97.1,-12.3],[97.13,-12.21],[97.13,-12.14],[97.1,-12.05],[97.01,-11.93],[97.04,-11.83],[97.01,-11.74]]]]},"properties":{"tzid":"Asia/Yangon"}},
{"type":"Feature","geometry":{"type":"MultiPolygon","coordinates":[[[[-31.54,39.51],[-31.55,39.39],[-31.51,39.28],[-31.46,39.22],[-31.35,39.16],[-31.27,39.15],[-31.13,39.16],[-30.98,39.21],[-30.9,39.3],[-30.86,39.42],[-30.85,39.72],[-30.87,39.78],[-30.93,39.86],[-31.01,39.91],[-31.15,39.93],[-31.29,39.88],[-31.35,39.82],[-31.5,39.59],[-31.54,39.51]]],[[[-29.09,38.62],[-29.08,38.53],[-29.03,38.46],[-28.88,38.34],[-28.57,38.21],[-28.46,38.18],[-28.2,38.18],[-28.05,38.2],[-27.93,38.22],[-27.63,38.37],[-27.55,38.43],[-27.51,38.52],[-27.39,38.46],[-27.19,38.42],[-27.09,38.41],[-26.98,38.44],[-26.84,38.53],[-26.77,38.64],[-26.76,38.69],[-26.78,38.79],[-26.81,38.84],[-26.96,38.95],[-27.14,38.99],[-27.25,39.01],[-27.4,38.99],[-27.5,38.96],[-27.61,38.87],[-27.64,38.82],[-27.64,38.72],[-27.88,38.81],[-27.8,38.83],[-27.71,38.91],[-27.68,38.98],[-27.7,39.11],[-27.75,39.18],[-27.84,39.25],[-27.92,39.29],[-28.09,39.3],[-28.2,39.26],[-28.27,39.21],[-28.33,39.11],[-28.33,39.03],[-28.3,38.96],[-28.41,38.95],[-28.81,38.84],[-29,38.76],[-29.05,38.71],[-29.09,38.62]]],[[[-25.04,36.73],[-24.96,36.73],[-24.85,36.78],[-24.81,36.82],[-24.56,37.17],[-24.53,37.24],[-24.55,37.36],[-24.84,37.8],[-24.91,37.92],[-25.04,38.03],[-25.15,38.06],[-25.77,38.11],[-25.84,38.11],[-25.95,38.07],[-26.02,38],[-26.09,37.88],[-26.1,37.83],[-26.06,37.72],[-25.75,37.31],[-25.37,36.82],[-25.33,36.78],[-25.23,36.74],[-25.04,36.73]]]]},"properties":{"tzid":"Atlantic/Azores"}},
{"type":"Feature","geometry":{"type":"MultiPolygon","coordinates":[[[[-14.02,57.6],[-13.99,57.53],[-13.9,57.46],[-13.72,57.42],[-13.56,57.44],[-13.44,57.48],[-13.38,57.54],[-13.36,57.61],[-13.42,57.69],[-13.6,57.77],[-13.76,57.77],[-13.87,57.74],[-13.96,57.7],[-14.02,57.6]]],[[[-6.06,59.3],[-6.21,59.3],[-6.35,59.28],[-6.47,59.23],[-6.54,59.16],[-6.56,59.08],[-6.49,58.98],[-6.39,58.93],[-6.25,58.89],[-6.09,58.89],[-5.94,58.92],[-5.72,58.92],[-5.6,58.95],[-5.47,59.02],[-5.42,59.1],[-5.43,59.16],[-5.52,59.26],[-5.67,59.32],[-5.78,59.33],[-5.98,59.32],[-6.06,59.3]]],[[[-4.76,59.18],[-4.88,59.09],[-4.89,58.98],[-4.81,58.9],[-4.72,58.86],[-4.55,58.82],[-4.42,58.83],[-4.24,58.88],[-4.11,58.96],[-4.04,59.02],[-4.01,59.1],[-4.04,59.16],[-4.15,59.24],[-4.37,59.29],[-4.58,59.27],[-4.7,59.22],[-4.76,59.18]]],[[[-8.76,58.03],[-8.9,57.98],[-8.99,57.91],[-9.01,57.79],[-8.91,57.69],[-8.68,57.61],[-8.5,57.59],[-8.36,57.61],[-8.22,57.67],[-8.15,57.74],[-8.1,57.85],[-8.12,57.92],[-8.21,58.01],[-8.32,58.06],[-8.42,58.08],[-8.58,58.08],[-8.76,58.03]]],[[[1.89,51.2],[1.73,51.27],[1.77,51.38],[1.74,51.47],[1.66,51.54],[1.54,51.58],[1.29,51.6],[1.44,51.66],[1.55,51.74],[1.61,51.83],[1.71,51.9],[1.85,51.98],[1.9,52.04],[1.95,52.21],[2.05,52.35],[2.09,52.48],[2.07,52.57],[2.07,52.67],[2,52.8],[1.89,52.9],[1.62,53.05],[1.5,53.1],[1.32,53.14],[1.02,53.18],[0.69,53.19],[0.65,53.31],[0.49,53.53],[0.47,53.67],[0.4,53.77],[0.17,53.97],[0.25,54.05],[0.25,54.17],[0.19,54.24],[0.04,54.31],[-0.09,54.39],[-0.23,54.56],[-0.32,54.62],[-0.59,54.73],[-0.86,54.78],[-0.98,54.86],[-1.01,55],[-1.15,55.17],[-1.19,55.29],[-1.18,55.35],[-1.22,55.43],[-1.27,55.58],[-1.26,55.68],[-1.31,55.76],[-1.44,55.82],[-1.68,55.88],[-1.76,55.96],[-1.87,56.05],[-1.98,56.1],[-2.16,56.28],[-2.06,56.35],[-2.03,56.42],[-2.06,56.52],[-2.13,56.57],[-2.09,56.64],[-1.89,56.79],[-1.82,56.93],[-1.69,57.09],[-1.67,57.2],[-1.55,57.28],[-1.43,57.39],[-1.39,57.52],[-1.5,57.71],[-1.69,57.84],[-1.93,57.9],[-2.16,57.9],[-2.37,57.89],[-2.46,57.88],[-2.81,57.91],[-3.05,57.89],[-3.16,57.91],[-3.25,58.02],[-3.14,58.11],[-2.92,58.18],[-2.77,58.29],[-2.69,58.38],[-2.67,58.52],[-2.52,58.62],[-2.51,58.71],[-2.33,58.8],[-2.27,58.9],[-2.2,58.96],[-2.14,59.06],[-2.14,59.12],[-2.03,59.18],[-1.99,59.24],[-1.99,59.33],[-1.94,59.37],[-1.72,59.31],[-1.58,59.31],[-1.42,59.34],[-1.29,59.4],[-1.23,59.46],[-1.2,59.54],[-1.26,59.65],[-1.07,59.68],[-0.9,59.78],[-0.86,59.87],[-0.77,59.97],[-0.62,60.08],[-0.61,60.18],[-0.4,60.3],[-0.35,60.36],[-0.32,60.45],[-0.38,60.53],[-0.36,60.6],[-0.39,60.69],[-0.35,60.79],[-0.37,60.89],[-0.53,60.99],[-0.71,61.04],[-0.83,61.06],[-1.01,61.05],[-1.21,60.98],[-1.28,60.92],[-1.45,60.85],[-1.64,60.8],[-1.89,60.69],[-1.97,60.63],[-2.02,60.55],[-2.13,60.5],[-2.21,60.44],[-2.23,60.34],[-2.44,60.26],[-2.49,60.22],[-2.52,60.13],[-2.49,60.06],[-2.4,59.99],[-2.29,59.94],[-2.1,59.91],[-1.95,59.92],[-1.78,59.96],[-1.76,59.83],[-1.67,59.75],[-1.89,59.71],[-2,59.64],[-2.05,59.5],[-2.2,59.57],[-2.29,59.59],[-2.53,59.58],[-2.66,59.55],[-2.81,59.58],[-2.97,59.58],[-3.28,59.5],[-3.41,59.43],[-3.46,59.33],[-3.66,59.25],[-3.74,59.12],[-3.75,59.01],[-3.82,58.9],[-3.8,58.81],[-3.87,58.79],[-3.98,58.8],[-4.16,58.79],[-4.26,58.76],[-4.59,58.78],[-4.79,58.81],[-5.06,58.82],[-6.33,58.72],[-6.44,58.7],[-6.98,58.49],[-7.15,58.45],[-7.25,58.41],[-7.43,58.48],[-7.55,58.49],[-7.74,58.48],[-7.92,58.42],[-8.02,58.34],[-8.03,58.28],[-8,58.2],[-7.89,58.13],[-7.64,58.07],[-8.02,57.81],[-8.09,57.69],[-8.1,57.55],[-8.07,57.45],[-7.84,57.21],[-7.89,57.06],[-8,56.89],[-8.03,56.79],[-7.96,56.68],[-7.53,56.31],[-7.49,56.19],[-7.32,56.11],[-7.15,56.09],[-6.97,56.02],[-6.89,55.67],[-6.86,55.62],[-6.76,55.53],[-6.58,55.44],[-6.74,55.41],[-6.87,55.45],[-6.94,55.56],[-7.09,55.62],[-7.24,55.64],[-7.39,55.62],[-7.65,55.52],[-7.71,55.48],[-7.97,55.43],[-8.13,55.47],[-8.36,55.47],[-8.47,55.43],[-8.58,55.35],[-8.6,55.26],[-8.65,55.23],[-8.82,55.15],[-8.88,55.1],[-8.92,55.02],[-8.91,54.92],[-9.07,54.83],[-9.16,54.74],[-9.18,54.66],[-9.16,54.59],[-9.08,54.53],[-9.12,54.49],[-9.28,54.53],[-9.57,54.53],[-9.67,54.56],[-9.79,54.57],[-9.97,54.54],[-10.25,54.46],[-10.36,54.41],[-10.52,54.23],[-10.63,54.15],[-10.66,54.04],[-10.6,53.91],[-10.5,53.77],[-10.61,53.68],[-10.63,53.57],[-10.56,53.45],[-10.55,53.33],[-10.49,53.27],[-10.33,53.21],[-10.29,53.15],[-10.18,53.08],[-10.09,53.01],[-9.82,52.91],[-9.93,52.81],[-10.12,52.73],[-10.23,52.65],[-10.26,52.58],[-10.25,52.5],[-10.55,52.4],[-10.83,52.27],[-10.93,52.2],[-11.01,52.07],[-11.01,51.99],[-10.94,51.9],[-10.84,51.85],[-10.87,51.75],[-10.82,51.66],[-10.71,51.6],[-10.62,51.57],[-10.59,51.5],[-10.49,51.43],[-10.41,51.4],[-10.25,51.37],[-10.12,51.38],[-10.02,51.3],[-9.91,51.26],[-9.69,51.25],[-9.58,51.23],[-9.41,51.23],[-9.29,51.27],[-9.12,51.28],[-8.99,51.33],[-8.92,51.33],[-8.74,51.37],[-8.62,51.38],[-8.41,51.42],[-8.3,51.47],[-8.23,51.53],[-8.08,51.59],[-7.82,51.65],[-7.41,51.82],[-7.35,51.86],[-7.27,51.93],[-6.89,51.92],[-6.8,51.94],[-6.66,51.91],[-6.53,51.92],[-6.38,51.97],[-6.26,51.98],[-6.01,52.04],[-5.92,52.1],[-5.88,52.22],[-5.93,52.31],[-6.01,52.36],[-5.93,52.43],[-5.88,52.51],[-5.87,52.61],[-5.77,52.76],[-5.68,52.9],[-5.67,52.97],[-5.7,53.06],[-5.71,53.15],[-5.74,53.22],[-5.71,53.39],[-5.67,53.45],[-5.66,53.6],[-5.69,53.68],[-5.76,53.74],[-5.88,53.78],[-5.89,53.84],[-5.72,53.92],[-5.58,54.03],[-5.49,54.05],[-5.36,54.11],[-5.27,54.17],[-5.18,54.26],[-5.13,54.34],[-5.08,54.46],[-4.87,54.43],[-5.04,54.28],[-5.08,54.19],[-5.15,54.12],[-5.17,54.05],[-5.12,53.95],[-5.04,53.89],[-4.94,53.86],[-4.83,53.85],[-4.57,53.86],[-4.43,53.89],[-4.25,53.99],[-4.1,54.09],[-3.97,54.26],[-3.98,54.36],[-4.02,54.4],[-3.95,54.42],[-3.78,54.29],[-3.73,54.2],[-3.61,54.08],[-3.55,54],[-3.39,53.87],[-3.39,53.75],[-3.37,53.7],[-3.43,53.61],[-3.44,53.55],[-3.63,53.51],[-3.77,53.54],[-3.9,53.54],[-4.01,53.53],[-4.15,53.6],[-4.4,53.63],[-4.67,53.62],[-4.81,53.58],[-4.92,53.5],[-5.02,53.36],[-5.03,53.3],[-4.98,53.19],[-4.81,53.09],[-4.89,53.04],[-5.02,52.95],[-5.1,52.84],[-5.13,52.75],[-5.09,52.65],[-5,52.59],[-4.9,52.56],[-4.73,52.55],[-4.61,52.58],[-4.45,52.58],[-4.4,52.5],[-4.44,52.41],[-4.65,52.34],[-4.79,52.33],[-4.95,52.27],[-5,52.23],[-5.14,52.23],[-5.22,52.21],[-5.37,52.12],[-5.53,52.05],[-5.62,51.99],[-5.67,51.89],[-5.77,51.82],[-5.81,51.75],[-5.76,51.63],[-5.65,51.56],[-5.38,51.5],[-5.36,50.62],[-5.38,50.54],[-5.49,50.43],[-5.65,50.4],[-5.87,50.32],[-6,50.21],[-6.05,50.11],[-6.16,50.16],[-6.33,50.18],[-6.47,50.16],[-6.59,50.11],[-6.66,50.05],[-6.7,49.95],[-6.67,49.83],[-6.64,49.78],[-6.56,49.72],[-6.4,49.68],[-6.29,49.68],[-6.2,49.7],[-6.06,49.77],[-5.99,49.83],[-5.94,49.91],[-5.81,49.85],[-5.62,49.84],[-5.5,49.86],[-5.41,49.8],[-5.27,49.76],[-5.14,49.76],[-5,49.81],[-4.86,49.88],[-4.74,50.02],[-4.59,50.07],[-4.52,50.12],[-4.38,50.14],[-4.28,50.12],[-4.08,50.1],[-3.99,50.05],[-3.75,50],[-3.62,50.01],[-3.48,50.05],[-3.42,50.08],[-3.34,50.18],[-3.24,50.25],[-3.19,50.33],[-3.16,50.45],[-3.09,50.49],[-2.87,50.52],[-2.77,50.48],[-2.72,50.4],[-2.65,50.35],[-2.53,50.32],[-2.34,50.33],[-2.2,50.4],[-2.02,50.38],[-1.86,50.4],[-1.7,50.47],[-1.57,50.46],[-1.48,50.41],[-1.33,50.38],[-1.18,50.39],[-1.03,50.42],[-0.87,50.53],[-0.75,50.52],[-0.66,50.54],[-0.55,50.59],[-0.23,50.63],[0.11,50.55],[0.24,50.53],[0.35,50.55],[0.48,50.59],[0.55,50.64],[0.79,50.69],[0.87,50.72],[0.98,50.71],[1.11,50.73],[1.19,50.76],[1.26,50.82],[1.28,50.9],[1.36,50.95],[1.55,51.04],[1.72,51.1],[1.89,51.2]]],[[[-7.39,36.97],[-7.4,37.16],[-7.44,37.31],[-7.44,37.39],[-7.49,37.52],[-7.52,37.55],[-7.44,37.66],[-7.42,37.74],[-7.32,37.82],[-7.25,37.92],[-7.25,37.99],[-7.13,38],[-7.11,38.04],[-7.01,38.02],[-6.97,38.16],[-7.01,38.2],[-7.08,38.17],[-7.14,38.26],[-7.32,38.44],[-7.3,38.54],[-7.26,38.59],[-7.26,38.72],[-7.03,38.88],[-7.05,38.91],[-6.95,39.02],[-6.98,39.09],[-7.03,39.12],[-7.14,39.11],[-7.13,39.16],[-7.22,39.19],[-7.23,39.28],[-7.31,39.34],[-7.32,39.38],[-7.29,39.46],[-7.38,39.49],[-7.5,39.59],[-7.53,39.67],[-7.33,39.64],[-7.25,39.67],[-7.15,39.65],[-7.02,39.67],[-6.98,39.77],[-6.99,39.81],[-6.9,39.87],[-6.88,40.04],[-6.95,40.12],[-7.02,40.14],[-7.01,40.23],[-6.95,40.26],[-6.87,40.26],[-6.86,40.3],[-6.78,40.36],[-6.85,40.45],[-6.8,40.55],[-6.85,40.57],[-6.79,40.66],[-6.83,40.74],[-6.8,40.85],[-6.86,40.95],[-6.93,41.02],[-6.81,41.04],[-6.75,41.1],[-6.77,41.13],[-6.7,41.18],[-6.65,41.25],[-6.58,41.24],[-6.47,41.3],[-6.42,41.35],[-6.32,41.39],[-6.31,41.45],[-6.19,41.57],[-6.25,41.63],[-6.35,41.68],[-6.45,41.68],[-6.51,41.66],[-6.55,41.69],[-6.56,41.75],[-6.52,41.88],[-6.55,41.93],[-6.6,41.95],[-6.75,41.94],[-7.08,41.95],[-7.14,41.99],[-7.19,41.97],[-7.2,41.88],[-7.32,41.84],[-7.45,41.87],[-7.57,41.83],[-7.7,41.91],[-7.73,41.89],[-7.92,41.88],[-8.09,41.81],[-8.17,41.82],[-8.16,41.86],[-8.22,41.91],[-8.13,42],[-8.09,42.02],[-8.12,42.08],[-8.19,42.07],[-8.2,42.15],[-8.25,42.14],[-8.33,42.08],[-8.53,42.08],[-8.64,42.05],[-8.68,41.99],[-8.87,41.86],[-9.16,41.87],[-9.16,41.72],[-9.08,41.54],[-9.07,41.41],[-9.04,40.67],[-9.17,40.28],[-9.76,39.62],[-9.83,39.53],[-9.81,39.39],[-9.78,38.78],[-9.76,38.68],[-9.71,38.6],[-9.46,38.31],[-9.17,37.9],[-9.26,37.06],[-9.26,36.99],[-9.21,36.86],[-9.15,36.78],[-9.07,36.73],[-8.95,36.71],[-8.35,36.74],[-7.88,36.76],[-7.76,36.8],[-7.46,36.96],[-7.39,36.97]]],[[[-14.72,28.12],[-14.73,28.05],[-14.7,27.96],[-14.6,27.88],[-14.53,27.86],[-14.31,27.84],[-14.22,27.86],[-13.81,28.06],[-13.7,28.17],[-13.64,28.32],[-13.62,28.44],[-13.6,28.53],[-13.44,28.79],[-13.33,28.85],[-13.25,28.94],[-13.12,29.19],[-13.11,29.32],[-13.15,29.4],[-13.26,29.5],[-13.29,29.73],[-13.34,29.83],[-13.41,29.88],[-13.54,29.91],[-13.64,29.88],[-13.69,29.85],[-13.74,29.78],[-14.03,29.12],[-14.23,28.79],[-14.39,28.45],[-14.64,28.26],[-14.7,28.2],[-14.72,28.12]]],[[[-16.06,27.94],[-16.05,27.84],[-15.99,27.74],[-15.93,27.67],[-15.82,27.59],[-15.71,27.54],[-15.59,27.53],[-15.47,27.55],[-15.32,27.63],[-15.24,27.68],[-15.18,27.76],[-15.14,27.87],[-15.14,28.03],[-15.17,28.2],[-15.24,28.31],[-15.31,28.36],[-15.43,28.38],[-15.72,28.37],[-15.8,28.35],[-15.9,28.28],[-16.01,28.13],[-16.04,28.07],[-16.06,27.94]]],[[[-17.58,28.12],[-17.56,28.01],[-17.51,27.94],[-17.38,27.84],[-17.27,27.81],[-17.18,27.82],[-17.07,27.85],[-16.94,27.95],[-16.88,27.87],[-16.8,27.82],[-16.68,27.79],[-16.59,27.8],[-16.44,27.84],[-16.37,27.9],[-16.22,28.05],[-16.18,28.18],[-15.95,28.39],[-15.92,28.43],[-15.89,28.54],[-15.91,28.65],[-15.96,28.72],[-16.01,28.75],[-16.13,28.78],[-16.32,28.78],[-16.4,28.77],[-16.52,28.7],[-16.9,28.58],[-17.03,28.54],[-17.12,28.46],[-17.15,28.4],[-17.22,28.42],[-17.34,28.41],[-17.43,28.38],[-17.49,28.34],[-17.54,28.27],[-17.57,28.18],[-17.58,28.12]]],[[[-18.24,28.79],[-18.22,28.68],[-18.06,28.36],[-18.01,28.31],[-17.91,28.25],[-17.8,28.25],[-17.74,28.26],[-17.64,28.35],[-17.55,28.49],[-17.53,28.53],[-17.49,28.75],[-17.52,28.83],[-17.59,28.95],[-17.67,29.02],[-17.76,29.04],[-17.93,29.06],[-18.02,29.04],[-18.13,28.97],[-18.22,28.86],[-18.24,28.79]]],[[[-18.39,27.73],[-18.39,27.66],[-18.34,27.58],[-18.28,27.53],[-18.09,27.45],[-18.01,27.43],[-17.89,27.45],[-17.83,27.48],[-17.76,27.56],[-17.68,27.71],[-17.66,27.77],[-17.67,27.87],[-17.73,27.97],[-17.86,28.04],[-17.95,28.05],[-18.03,28.03],[-18.25,27.94],[-18.32,27.89],[-18.38,27.79],[-18.39,27.73]]],[[[-17.5,32.83],[-17.49,32.74],[-17.42,32.64],[-17.33,32.56],[-17.21,32.49],[-16.57,32.22],[-16.43,32.2],[-16.32,32.24],[-16.26,32.29],[-16.23,32.37],[-16.24,32.47],[-16.33,32.68],[-16.42,32.79],[-16.3,32.8],[-16.15,32.88],[-16.07,32.95],[-16.04,33],[-16.04,33.14],[-16.07,33.23],[-16.18,33.31],[-16.29,33.33],[-16.48,33.28],[-16.58,33.19],[-16.64,33.07],[-16.63,32.95],[-16.86,33.03],[-17.14,33.08],[-17.25,33.07],[-17.34,33.03],[-17.46,32.93],[-17.5,32.83]]],[[[-16.05,29.83],[-15.95,29.84],[-15.86,29.88],[-15.81,29.94],[-15.69,30],[-15.63,30.1],[-15.62,30.17],[-15.65,30.24],[-15.71,30.31],[-15.83,30.36],[-15.91,30.36],[-16,30.33],[-16.09,30.26],[-16.18,30.22],[-16.23,30.18],[-16.28,30.09],[-16.28,30.01],[-16.23,29.9],[-16.17,29.86],[-16.05,29.83]]],[[[-6.03,61.83],[-5.83,62.31],[-5.83,62.38],[-5.91,62.46],[-6.04,62.52],[-6.5,62.59],[-6.89,62.57],[-7.37,62.49],[-7.49,62.46],[-7.97,62.25],[-8.11,62.14],[-8.12,62.07],[-8.05,61.99],[-7.74,61.75],[-7.25,61.39],[-7.01,61.22],[-6.89,61.17],[-6.72,61.14],[-6.57,61.14],[-6.39,61.19],[-6.27,61.3],[-6.03,61.83]]],[[[-2.93,49.3],[-2.78,49.28],[-2.56,49.22],[-2.53,49.06],[-2.53,48.93],[-2.24,48.87],[-1.98,48.88],[-1.98,48.94],[-1.94,48.96],[-1.86,49.06],[-1.83,49.25],[-1.89,49.32],[-1.99,49.36],[-2.1,49.46],[-2.14,49.54],[-2.07,49.68],[-2.05,49.81],[-2.05,49.92],[-2.12,49.93],[-2.33,49.94],[-2.52,49.9],[-2.59,49.87],[-2.67,49.8],[-2.69,49.7],[-2.81,49.67],[-2.89,49.62],[-2.99,49.53],[-3.02,49.43],[-3,49.37],[-2.93,49.3]]]]},"properties":{"tzid":"Europe/London"}},
{"type":"Feature","geometry":{"type":"Polygon","coordinates":[[[-22.5,15.97],[-22.47,16.05],[-22.45,16.16],[-22.49,16.26],[-22.7,16.9],[-22.73,16.95],[-22.8,17.02],[-22.87,17.05],[-22.95,17.06],[-23.25,17.02],[-24.29,16.89],[-24.9,17.34],[-25.05,17.4],[-25.12,17.41],[-25.19,17.39],[-25.43,17.27],[-25.5,17.23],[-25.56,17.12],[-25.57,17.05],[-25.56,16.97],[-25.51,16.86],[-25.46,16.77],[-25.39,16.72],[-24.69,16.43],[-24.58,16.38],[-24.88,15.18],[-24.95,14.91],[-24.97,14.84],[-24.95,14.76],[-24.91,14.7],[-24.85,14.65],[-24.78,14.62],[-24.7,14.61],[-24.36,14.61],[-23.5,14.7],[-23.38,14.74],[-22.99,14.98],[-22.91,15.09],[-22.6,15.76],[-22.5,15.97]]]},"properties":{"tzid":"Atlantic/Cape_Verde"}},
{"type":"Feature","geometry":{"type":"Polygon","coordinates":[[[140.96,-38.27],[140.97,-37.61],[140.97,-37.03],[140.97,-36.31],[140.96,-35.8],[140.97,-35.66],[140.97,-35.11],[140.96,-34.64],[140.96,-34.1],[141,-34.02],[141,-33.66],[141,-33.13],[141,-32.6],[141,-32.22],[141.11,-32.23],[141.11,-32.19],[141.25,-32.2],[141.24,-32.24],[141.31,-32.27],[141.85,-32.27],[141.94,-32.21],[141.93,-32.13],[141.94,-32.06],[141.89,-32.06],[141.86,-31.97],[141.97,-31.98],[141.97,-31.83],[142,-31.78],[141.97,-31.74],[141.97,-31.59],[141.78,-31.59],[141.78,-31.63],[141.69,-31.64],[141.7,-31.6],[141.56,-31.58],[141.49,-31.56],[141.42,-31.59],[141.3,-31.59],[141.3,-31.56],[141.21,-31.56],[141.21,-31.59],[141,-31.59],[141,-30.92],[141,-30.52],[141,-29.85],[141,-29.37],[141,-29],[141,-28.65],[141,-28.15],[141,-27.67],[141,-27.1],[141,-26.67],[141,-26],[140.44,-26],[139.63,-26],[139.07,-26],[138.59,-26],[138,-26],[137.49,-26],[136.76,-26],[136.12,-26],[135.72,-26],[135.08,-26],[134.67,-26],[134.03,-26],[133.41,-26],[132.98,-26],[132.38,-26],[131.81,-26],[130.95,-26],[130.25,-26],[129.75,-26],[129,-26],[129,-26.76],[129,-27.44],[129,-28.11],[129,-28.56],[129,-29.33],[129,-30],[129,-30.58],[129,-31.3],[129,-31.91],[129.1,-31.87],[129.55,-31.82],[129.87,-31.81],[129.95,-31.79],[130.27,-31.78],[130.5,-31.79],[130.57,-31.79],[130.78,-31.81],[130.91,-31.79],[131.07,-31.74],[131.18,-31.69],[131.4,-31.78],[131.56,-31.85],[131.7,-31.93],[131.7,-32.02],[131.73,-32.08],[131.79,-32.14],[131.89,-32.18],[131.94,-32.27],[132.03,-32.33],[132.1,-32.34],[132.2,-32.33],[132.3,-32.28],[132.35,-32.23],[132.4,-32.22],[132.85,-32.31],[132.92,-32.35],[132.98,-32.49],[132.91,-32.58],[132.9,-32.66],[132.91,-32.72],[132.98,-32.8],[133.1,-32.84],[133.29,-32.84],[133.37,-32.81],[133.79,-32.9],[133.86,-33.04],[133.92,-33.12],[134.11,-33.33],[134.18,-33.36],[134.34,-33.51],[134.31,-33.53],[134.2,-33.55],[134.11,-33.59],[134.07,-33.64],[134.04,-33.72],[134.06,-33.83],[134,-33.97],[134.01,-34.06],[134.07,-34.15],[134.16,-34.2],[134.23,-34.21],[134.33,-34.2],[134.4,-34.17],[134.48,-34.08],[134.52,-33.97],[134.61,-33.93],[134.7,-33.92],[134.8,-33.86],[134.87,-33.92],[134.88,-33.99],[134.95,-34.09],[135,-34.12],[134.96,-34.35],[134.89,-34.45],[134.76,-34.44],[134.65,-34.46],[134.58,-34.51],[134.53,-34.62],[134.53,-34.67],[134.48,-34.76],[134.47,-34.84],[134.52,-34.94],[134.6,-34.99],[134.72,-35.02],[134.79,-35.01],[134.9,-34.95],[135.01,-34.99],[135.15,-34.96],[135.21,-34.93],[135.29,-34.91],[135.32,-35.02],[135.46,-35.16],[135.56,-35.2],[136.02,-35.69],[136.3,-35.97],[136.39,-36.08],[136.45,-36.12],[136.47,-36.17],[136.53,-36.24],[136.64,-36.28],[136.7,-36.33],[136.82,-36.36],[136.91,-36.35],[137,-36.31],[137.01,-36.47],[137.09,-36.56],[137.21,-36.6],[137.3,-36.59],[137.37,-36.57],[137.48,-36.49],[137.51,-36.43],[137.52,-36.33],[137.58,-36.33],[137.68,-36.3],[137.77,-36.22],[137.79,-36.14],[137.85,-36.07],[138.03,-36.11],[138.13,-36.09],[138.25,-36.02],[138.4,-35.96],[138.49,-35.9],[138.69,-35.8],[138.88,-35.8],[139.05,-35.91],[139.22,-36.05],[139.32,-36.16],[139.43,-36.31],[139.48,-36.39],[139.57,-36.59],[139.49,-36.77],[139.41,-36.81],[139.35,-36.9],[139.36,-37.02],[139.41,-37.1],[139.48,-37.13],[139.51,-37.27],[139.68,-37.51],[139.8,-37.61],[139.82,-37.65],[140.03,-37.8],[140.13,-37.98],[140.23,-38.08],[140.46,-38.21],[140.59,-38.26],[140.75,-38.26],[140.92,-38.25],[140.96,-38.27]]]},"properties":{"tzid":"Australia/Adelaide"}},
{"type":"Feature","geometry":{"type":"Polygon","coordinates":[[[138.13,-16.37],[138.03,-16.29],[137.96,-16.19],[137.92,-16.11],[137.87,-16.06],[137.79,-16.03],[137.46,-15.93],[137.41,-15.87],[137.32,-15.82],[137.3,-15.59],[137.27,-15.51],[137.24,-15.47],[137.09,-15.34],[136.98,-15.29],[136.92,-15.28],[136.84,-15.3],[136.61,-15.29],[136.35,-15.22],[136.32,-15.19],[136.28,-15.06],[136.22,-14.99],[136.07,-14.9],[135.98,-14.88],[135.95,-14.76],[135.98,-14.69],[135.99,-14.61],[136.07,-14.56],[136.12,-14.5],[136.14,-14.43],[136.34,-14.45],[136.41,-14.43],[136.48,-14.45],[136.57,-14.5],[136.7,-14.53],[136.74,-14.59],[136.81,-14.65],[136.87,-14.66],[136.95,-14.66],[137.02,-14.63],[137.06,-14.58],[137.1,-14.5],[137.14,-14.44],[137.19,-14.28],[137.19,-14.16],[137.14,-13.83],[137.14,-13.79],[137.18,-13.63],[137.17,-13.56],[137.12,-13.48],[136.9,-13.01],[136.93,-12.93],[136.93,-12.78],[136.95,-12.7],[137,-12.67],[137.06,-12.61],[137.09,-12.54],[137.17,-12.46],[137.18,-12.38],[137.18,-12.3],[137.08,-11.99],[137.04,-11.58],[136.96,-10.95],[136.89,-10.84],[136.81,-10.8],[136.68,-10.8],[136.62,-10.83],[136.55,-10.91],[136.5,-11.05],[136.47,-11.07],[136.38,-11.22],[136.32,-11.29],[136.05,-11.35],[135.91,-11.44],[135.81,-11.49],[135.76,-11.57],[135.67,-11.67],[135.65,-11.73],[135.51,-11.74],[135.49,-11.65],[135.43,-11.55],[135.34,-11.47],[135.27,-11.42],[135.18,-11.41],[135.09,-11.44],[135.03,-11.49],[134.95,-11.6],[134.94,-11.72],[134.78,-11.74],[134.71,-11.71],[134.58,-11.73],[134.51,-11.78],[134.47,-11.85],[134.36,-11.75],[134.27,-11.69],[134.12,-11.66],[134.08,-11.6],[133.98,-11.55],[133.86,-11.51],[133.76,-11.52],[133.7,-11.54],[133.7,-11.48],[133.65,-11.37],[133.55,-11.28],[133.48,-11.26],[133.31,-11.3],[133.22,-11.38],[133.13,-11.27],[133.21,-11.16],[133.22,-11.08],[133.22,-11.01],[133.25,-10.9],[133.22,-10.81],[133.19,-10.76],[133.12,-10.72],[133.02,-10.7],[132.95,-10.72],[132.88,-10.77],[132.84,-10.76],[132.56,-10.76],[132.47,-10.79],[132.23,-10.9],[132.07,-10.92],[131.94,-10.92],[131.82,-10.96],[131.29,-10.99],[131.16,-11.01],[131.11,-11.05],[131.01,-11.08],[130.94,-11.06],[130.83,-11.09],[130.77,-11.14],[130.69,-11.08],[130.61,-11.06],[130.49,-10.95],[130.37,-10.89],[130.29,-10.89],[130.21,-10.93],[130.14,-10.99],[130.12,-11.05],[130.07,-11.23],[129.96,-11.38],[129.94,-11.46],[129.82,-11.73],[129.82,-11.81],[129.87,-11.93],[130.09,-12.59],[130.11,-12.68],[130.02,-12.73],[129.96,-12.81],[129.93,-12.89],[129.86,-12.93],[129.81,-13.01],[129.79,-13.1],[129.79,-13.19],[129.74,-13.29],[129.66,-13.37],[129.61,-13.44],[129.6,-13.55],[129.55,-13.66],[129.45,-13.64],[129.33,-13.67],[129.18,-13.84],[129.16,-13.96],[129.18,-14.03],[129.24,-14.1],[129.16,-14.28],[129.15,-14.36],[129.08,-14.45],[129.05,-14.44],[129,-14.87],[129,-15.42],[129,-15.83],[129,-16.55],[129,-16.95],[129,-17.58],[129,-18.17],[129,-18.53],[129,-19.25],[129,-19.74],[129,-20.46],[129,-21.18],[129,-21.87],[129,-22.44],[129,-23.21],[129,-23.93],[129,-24.51],[129,-24.87],[129,-25.46],[129,-26],[129.75,-26],[130.25,-26],[130.95,-26],[131.81,-26],[132.38,-26],[132.98,-26],[133.41,-26],[134.03,-26],[134.67,-26],[135.08,-26],[135.72,-26],[136.12,-26],[136.76,-26],[137.49,-26],[138,-26],[138,-25.46],[138,-24.92],[138,-24.38],[138,-23.54],[138,-23.1],[138,-22.62],[138,-21.87],[138,-21.31],[138,-20.64],[138,-20.23],[138,-19.74],[138,-19.09],[138,-18.37],[138,-17.84],[138,-17.43],[137.99,-16.81],[137.99,-16.52],[138.13,-16.37]]]},"properties":{"tzid":"Australia/Darwin"}},
{"type":"Feature","geometry":{"type":"Polygon","coordinates":[[[129,-31.91],[129,-31.3],[125.5,-31.3],[125.5,-32.56],[125.5,-32.78],[125.69,-32.7],[125.93,-32.54],[126.05,-32.48],[126.24,-32.45],[126.3,-32.47],[126.56,-32.51],[126.68,-32.51],[126.81,-32.5],[127.03,-32.5],[127.13,-32.48],[127.28,-32.47],[127.56,-32.42],[127.68,-32.36],[127.79,-32.33],[128.07,-32.27],[128.43,-32.16],[128.77,-32.02],[128.85,-31.97],[129,-31.91]]]},"properties":{"tzid":"Australia/Eucla"}},
{"type":"Feature","geometry":{"type":"Polygon","coordinates":[[[159.36,-31.58],[159.33,-31.45],[159.22,-31.33],[159.13,-31.29],[158.99,-31.3],[158.92,-31.33],[158.84,-31.4],[158.8,-31.51],[158.81,-31.58],[158.86,-31.69],[158.92,-31.75],[159,-31.79],[159.03,-31.86],[159.14,-31.95],[159.24,-31.99],[159.39,-31.97],[159.44,-31.93],[159.5,-31.86],[159.51,-31.78],[159.5,-31.72],[159.44,-31.63],[159.36,-31.58]]]},"properties":{"tzid":"Australia/Lord_Howe"}},
{"type":"Feature","geometry":{"type":"MultiPolygon","coordinates":[[[[-176.23,-22.13],[-176.29,-22.15],[-176.38,-22.21],[-176.42,-22.27],[-176.43,-22.34],[-176.42,-22.4],[-176.36,-22.49],[-176.3,-22.53],[-176.2,-22.55],[-176.13,-22.54],[-176.04,-22.48],[-175.99,-22.38],[-175.99,-22.28],[-176.03,-22.21],[-176.11,-22.15],[-176.23,-22.13]]],[[[-175.17,-21.47],[-175.17,-21.51],[-175.12,-21.6],[-175.06,-21.65],[-174.99,-21.67],[-174.9,-21.67],[-174.81,-21.63],[-174.75,-21.6],[-174.7,-21.51],[-174.69,-21.44],[-174.71,-21.23],[-174.76,-21.14],[-174.76,-21.09],[-174.8,-20.96],[-174.83,-20.9],[-174.89,-20.85],[-174.96,-20.82],[-175.09,-20.84],[-175.23,-20.81],[-175.3,-20.83],[-175.41,-20.87],[-175.48,-20.92],[-175.55,-21.01],[-175.57,-21.07],[-175.55,-21.19],[-175.52,-21.26],[-175.47,-21.31],[-175.28,-21.43],[-175.17,-21.47]]],[[[-175.47,-20.35],[-175.55,-20.4],[-175.6,-20.46],[-175.62,-20.56],[-175.6,-20.63],[-175.57,-20.69],[-175.49,-20.74],[-175.41,-20.77],[-175.29,-20.75],[-175.23,-20.72],[-175.18,-20.65],[-175.16,-20.52],[-175.19,-20.44],[-175.24,-20.38],[-175.36,-20.33],[-175.47,-20.35]]],[[[-174.35,-20.19],[-174.3,-20.16],[-174.25,-20.05],[-174.1,-19.85],[-174.05,-19.71],[-174.06,-19.63],[-174.14,-19.5],[-174.21,-19.46],[-174.31,-19.45],[-174.37,-19.41],[-174.44,-19.39],[-174.52,-19.4],[-174.59,-19.44],[-174.67,-19.52],[-174.69,-19.57],[-174.81,-19.58],[-174.87,-19.49],[-174.94,-19.46],[-175.03,-19.45],[-175.11,-19.46],[-175.25,-19.58],[-175.3,-19.65],[-175.32,-19.74],[-175.3,-19.84],[-175.2,-19.95],[-175.09,-19.99],[-175.01,-19.98],[-174.99,-20.04],[-175,-20.15],[-175.03,-20.27],[-175.02,-20.34],[-174.98,-20.4],[-175,-20.48],[-174.99,-20.55],[-174.92,-20.64],[-174.81,-20.69],[-174.7,-20.7],[-174.6,-20.66],[-174.54,-20.6],[-174.49,-20.6],[-174.41,-20.56],[-174.35,-20.51],[-174.31,-20.42],[-174.31,-20.35],[-174.32,-20.25],[-174.35,-20.19]]],[[[-174.71,-19.02],[-174.66,-19.03],[-174.55,-19.01],[-174.48,-18.97],[-174.42,-18.86],[-174.41,-18.79],[-174.42,-18.73],[-174.46,-18.67],[-174.56,-18.6],[-174.64,-18.58],[-174.75,-18.6],[-174.84,-18.67],[-174.87,-18.74],[-174.88,-18.81],[-174.86,-18.88],[-174.81,-18.96],[-174.89,-18.97],[-174.99,-19],[-175.05,-19.05],[-175.08,-19.12],[-175.09,-19.19],[-175.08,-19.26],[-174.99,-19.37],[-174.9,-19.4],[-174.84,-19.41],[-174.76,-19.39],[-174.69,-19.35],[-174.63,-19.24],[-174.62,-19.17],[-174.63,-19.11],[-174.71,-19.02]]],[[[-174.11,-18.43],[-174.18,-18.46],[-174.27,-18.53],[-174.33,-18.6],[-174.38,-18.77],[-174.38,-18.84],[-174.34,-18.91],[-174.29,-18.96],[-174.03,-19.06],[-173.96,-19.06],[-173.89,-19.04],[-173.84,-18.99],[-173.79,-18.92],[-173.72,-18.76],[-173.71,-18.65],[-173.72,-18.56],[-173.78,-18.45],[-173.84,-18.4],[-173.9,-18.38],[-173.97,-18.37],[-174.04,-18.39],[-174.11,-18.43]]],[[[-174.53,-17.96],[-174.53,-18.07],[-174.51,-18.13],[-174.43,-18.21],[-174.38,-18.22],[-174.33,-18.31],[-174.27,-18.35],[-174.19,-18.37],[-174.11,-18.36],[-174.05,-18.32],[-174,-18.28],[-173.97,-18.19],[-173.97,-18.12],[-174,-18.05],[-174.05,-18],[-174.1,-17.97],[-174.14,-17.9],[-174.19,-17.85],[-174.25,-17.82],[-174.37,-17.82],[-174.44,-17.85],[-174.5,-17.91],[-174.53,-17.96]]],[[[-175.86,-15.51],[-175.88,-15.57],[-175.87,-15.69],[-175.81,-15.77],[-175.75,-15.81],[-175.62,-15.84],[-175.52,-15.81],[-175.43,-15.73],[-175.39,-15.62],[-175.4,-15.56],[-175.42,-15.49],[-175.48,-15.42],[-175.58,-15.37],[-175.66,-15.37],[-175.77,-15.4],[-175.82,-15.45],[-175.86,-15.51]]],[[[-173.54,-15.92],[-173.54,-15.8],[-173.58,-15.72],[-173.63,-15.68],[-173.71,-15.64],[-173.78,-15.64],[-173.84,-15.66],[-173.92,-15.72],[-174.01,-15.92],[-174.01,-15.99],[-173.94,-16.12],[-173.86,-16.17],[-173.79,-16.18],[-173.7,-16.16],[-173.62,-16.11],[-173.55,-16],[-173.54,-15.92]]],[[[-179.15,-23.57],[-179.16,-23.67],[-179.15,-23.72],[-179.29,-23.77],[-179.33,-23.8],[-179.39,-23.89],[-179.39,-23.96],[-179.36,-24.05],[-179.31,-24.11],[-179.24,-24.15],[-179.11,-24.16],[-178.99,-24.12],[-178.93,-24.08],[-178.88,-23.98],[-178.88,-23.87],[-178.78,-23.83],[-178.71,-23.77],[-178.68,-23.72],[-178.67,-23.63],[-178.71,-23.5],[-178.76,-23.46],[-178.85,-23.42],[-178.98,-23.42],[-179.07,-23.46],[-179.15,-23.57]]],[[[-171.48,-14.27],[-171.4,-14.28],[-171.33,-14.26],[-171.26,-14.22],[-171.22,-14.16],[-171.19,-14.04],[-171.21,-13.94],[-171.24,-13.88],[-171.32,-13.81],[-171.49,-13.7],[-171.63,-13.66],[-171.75,-13.61],[-171.82,-13.59],[-171.98,-13.61],[-172.04,-13.47],[-172.15,-13.33],[-172.25,-13.26],[-172.34,-13.24],[-172.52,-13.27],[-172.69,-13.3],[-172.82,-13.29],[-172.9,-13.33],[-172.98,-13.42],[-173.01,-13.49],[-172.99,-13.59],[-172.94,-13.68],[-172.83,-13.77],[-172.74,-13.89],[-172.66,-13.96],[-172.53,-14],[-172.35,-13.98],[-172.27,-14],[-172.21,-14.04],[-172.04,-14.17],[-171.98,-14.2],[-171.89,-14.21],[-171.78,-14.24],[-171.52,-14.25],[-171.48,-14.27]]],[[[-172.72,-8.58],[-172.67,-8.7],[-172.62,-8.75],[-172.51,-8.79],[-172.41,-8.77],[-172.31,-8.71],[-172.27,-8.64],[-172.27,-8.52],[-172.32,-8.42],[-172.39,-8.36],[-172.47,-8.33],[-172.58,-8.34],[-172.63,-8.36],[-172.7,-8.43],[-172.72,-8.5],[-172.72,-8.58]]],[[[-172.07,-9.1],[-172.06,-9.24],[-172.02,-9.32],[-171.94,-9.39],[-171.83,-9.43],[-171.75,-9.43],[-171.64,-9.38],[-171.57,-9.26],[-171.56,-9.18],[-171.58,-9.06],[-171.62,-8.98],[-171.7,-8.92],[-171.77,-8.9],[-171.89,-8.91],[-171.99,-8.96],[-172.03,-9],[-172.07,-9.1]]],[[[-171.44,-9.26],[-171.47,-9.36],[-171.46,-9.45],[-171.42,-9.51],[-171.35,-9.59],[-171.25,-9.64],[-171.17,-9.64],[-171.1,-9.62],[-171.03,-9.55],[-171,-9.48],[-170.98,-9.35],[-170.99,-9.3],[-171.05,-9.2],[-171.12,-9.14],[-171.17,-9.13],[-171.26,-9.13],[-171.32,-9.15],[-171.44,-9.26]]],[[[-174.5,-4.9],[-174.44,-4.89],[-174.37,-4.85],[-174.3,-4.75],[-174.29,-4.67],[-174.32,-4.6],[-174.37,-4.53],[-174.5,-4.46],[-174.56,-4.46],[-174.64,-4.48],[-174.68,-4.51],[-174.74,-4.6],[-174.74,-4.68],[-174.72,-4.76],[-174.68,-4.82],[-174.62,-4.86],[-174.5,-4.9]]],[[[-174.13,-3.8],[-174.06,-3.79],[-173.99,-3.75],[-173.95,-3.7],[-173.92,-3.63],[-173.92,-3.55],[-173.94,-3.49],[-174.02,-3.42],[-174.1,-3.39],[-174.16,-3.39],[-174.23,-3.42],[-174.29,-3.48],[-174.33,-3.57],[-174.3,-3.69],[-174.21,-3.78],[-174.13,-3.8]]],[[[-172.2,-4.74],[-172.11,-4.73],[-172.04,-4.69],[-171.96,-4.61],[-171.94,-4.53],[-171.94,-4.45],[-171.96,-4.4],[-172.01,-4.33],[-172.1,-4.29],[-172.18,-4.29],[-172.31,-4.33],[-172.38,-4.39],[-172.42,-4.45],[-172.43,-4.53],[-172.38,-4.64],[-172.3,-4.71],[-172.2,-4.74]]],[[[-171.25,-4.67],[-171.18,-4.66],[-171.1,-4.62],[-171.03,-4.52],[-171.03,-4.42],[-171.07,-4.34],[-171.14,-4.27],[-171.21,-4.24],[-171.33,-4.26],[-171.39,-4.3],[-171.45,-4.37],[-171.46,-4.43],[-171.45,-4.52],[-171.39,-4.61],[-171.33,-4.65],[-171.25,-4.67]]],[[[-170.71,-3.93],[-170.61,-3.9],[-170.53,-3.82],[-170.51,-3.75],[-170.51,-3.68],[-170.56,-3.58],[-170.61,-3.55],[-170.69,-3.52],[-170.75,-3.52],[-170.83,-3.55],[-170.9,-3.63],[-170.92,-3.71],[-170.91,-3.79],[-170.87,-3.85],[-170.8,-3.91],[-170.71,-3.93]]],[[[-171.52,-3.79],[-171.43,-3.77],[-171.37,-3.73],[-171.32,-3.64],[-171.31,-3.58],[-171.33,-3.5],[-171.36,-3.45],[-171.45,-3.39],[-171.51,-3.38],[-171.59,-3.39],[-171.66,-3.44],[-171.69,-3.48],[-171.72,-3.57],[-171.71,-3.65],[-171.68,-3.71],[-171.61,-3.76],[-171.52,-3.79]]],[[[-171.09,-3.35],[-171.02,-3.34],[-170.93,-3.28],[-170.89,-3.22],[-170.88,-3.11],[-170.91,-3.01],[-170.98,-2.93],[-171.08,-2.9],[-171.15,-2.91],[-171.24,-2.98],[-171.28,-3.04],[-171.29,-3.17],[-171.25,-3.26],[-171.21,-3.31],[-171.09,-3.35]]],[[[-171.62,-3.07],[-171.55,-3.06],[-171.46,-2.99],[-171.42,-2.92],[-171.42,-2.85],[-171.44,-2.75],[-171.52,-2.64],[-171.63,-2.58],[-171.76,-2.57],[-171.83,-2.6],[-171.9,-2.68],[-171.92,-2.77],[-171.9,-2.9],[-171.82,-3],[-171.71,-3.05],[-171.62,-3.07]]]]},"properties":{"tzid":"Pacific/Tongatapu"}},
{"type":"Feature","geometry":{"type":"Polygon","coordinates":[[[-176.09,-44.61],[-175.98,-44.52],[-175.9,-44.54],[-175.8,-44.53],[-175.7,-44.5],[-175.62,-44.44],[-175.59,-44.39],[-175.59,-44.29],[-175.66,-44.2],[-175.73,-44.16],[-175.63,-44.11],[-175.57,-44.05],[-175.54,-43.96],[-175.57,-43.87],[-175.66,-43.8],[-175.77,-43.77],[-175.92,-43.77],[-175.92,-43.7],[-175.97,-43.61],[-176.07,-43.55],[-176.17,-43.53],[-176.34,-43.53],[-176.54,-43.5],[-176.58,-43.44],[-176.66,-43.38],[-176.81,-43.33],[-176.94,-43.31],[-177.03,-43.33],[-177.15,-43.39],[-177.18,-43.44],[-177.2,-43.53],[-177.18,-43.59],[-177.1,-43.67],[-177.22,-43.83],[-177.24,-43.9],[-177.23,-43.96],[-177.19,-44.03],[-177.06,-44.09],[-176.95,-44.1],[-176.88,-44.22],[-176.74,-44.31],[-176.67,-44.33],[-176.64,-44.38],[-176.54,-44.5],[-176.39,-44.61],[-176.21,-44.63],[-176.09,-44.61]]]},"properties":{"tzid":"Pacific/Chatham"}},
{"type":"Feature","geometry":{"type":"Polygon","coordinates":[[[-112.5,-29.17],[-112.37,-29.33],[-112.15,-29.54],[-111.96,-29.7],[-111.83,-29.8],[-111.54,-29.99],[-111.31,-30.11],[-111,-30.25],[-110.84,-30.31],[-110.59,-30.39],[-110.27,-30.47],[-110,-30.51],[-109.79,-30.53],[-109.5,-30.54],[-109.27,-30.54],[-109.12,-30.53],[-108.85,-30.5],[-108.56,-30.45],[-108.23,-30.37],[-108.02,-30.3],[-107.66,-30.16],[-107.51,-30.09],[-107.23,-29.95],[-107.01,-29.82],[-106.86,-29.72],[-106.7,-29.6],[-106.55,-29.65],[-106.29,-29.71],[-106.14,-29.75],[-105.9,-29.78],[-105.55,-29.81],[-105.3,-29.82],[-104.94,-29.8],[-104.6,-29.75],[-104.29,-29.68],[-104.1,-29.63],[-103.93,-29.57],[-103.65,-29.45],[-103.4,-29.33],[-103.24,-29.24],[-103.04,-29.11],[-102.93,-29.02],[-102.76,-28.88],[-102.51,-28.65],[-102.41,-28.53],[-102.26,-28.34],[-102.17,-28.23],[-102.04,-28.01],[-101.94,-27.81],[-101.88,-27.69],[-101.8,-27.48],[-101.75,-27.32],[-101.7,-27.09],[-101.67,-26.91],[-101.65,-26.69],[-101.65,-26.38],[-101.67,-26.11],[-101.7,-25.93],[-101.78,-25.62],[-101.85,-25.43],[-101.9,-25.29],[-102.03,-25.03],[-102.15,-24.82],[-102.25,-24.68],[-102.35,-24.54],[-102.49,-24.38],[-102.67,-24.19],[-102.83,-24.04],[-103.07,-23.86],[-103.25,-23.74],[-103.43,-23.63],[-103.7,-23.49],[-103.91,-23.4],[-104.1,-23.33],[-104.27,-23.28],[-104.5,-23.22],[-104.65,-23.19],[-104.98,-23.15],[-105.18,-23.13],[-105.36,-23.13],[-105.68,-23.14],[-105.88,-23.16],[-106.04,-23.18],[-106.29,-23.23],[-106.48,-23.28],[-106.73,-23.37],[-106.97,-23.46],[-107.11,-23.53],[-107.3,-23.63],[-107.53,-23.77],[-107.72,-23.9],[-107.84,-24],[-108.2,-23.88],[-108.52,-23.8],[-108.82,-23.75],[-109.15,-23.72],[-109.35,-23.71],[-109.53,-23.71],[-109.82,-23.74],[-109.98,-23.76],[-110.23,-23.8],[-110.39,-23.84],[-110.61,-23.9],[-110.92,-24.02],[-111.18,-24.13],[-111.44,-24.28],[-111.64,-24.41],[-111.79,-24.52],[-111.93,-24.63],[-112.06,-24.75],[-112.21,-24.9],[-112.38,-25.09],[-112.5,-25.24],[-112.65,-25.45],[-112.78,-25.69],[-112.87,-25.87],[-112.97,-26.11],[-113.06,-26.35],[-113.1,-26.49],[-113.16,-26.77],[-113.18,-26.99],[-113.19,-27.14],[-113.19,-27.39],[-113.17,-27.59],[-113.15,-27.74],[-113.12,-27.92],[-113.06,-28.13],[-112.99,-28.32],[-112.85,-28.63],[-112.73,-28.86],[-112.59,-29.06],[-112.5,-29.17]]]},"properties":{"tzid":"Pacific/Easter"}},
{"type":"Feature","geometry":{"type":"MultiPolygon","coordinates":[[[[-137.04,-23.36],[-136.99,-23.33],[-136.92,-23.23],[-136.91,-23.09],[-136.97,-23],[-137.02,-22.96],[-137.09,-22.93],[-137.15,-22.93],[-137.23,-22.96],[-137.29,-23],[-137.34,-23.06],[-137.36,-23.19],[-137.33,-23.27],[-137.29,-23.32],[-137.21,-23.37],[-137.11,-23.38],[-137.04,-23.36]]],[[[-136.21,-22.24],[-136.13,-22.23],[-136.02,-22.16],[-135.98,-22.08],[-135.97,-21.94],[-136.01,-21.87],[-136.06,-21.82],[-136.18,-21.79],[-136.27,-21.81],[-136.38,-21.9],[-136.4,-21.96],[-136.41,-22.04],[-136.4,-22.1],[-136.34,-22.19],[-136.21,-22.24]]],[[[-135.85,-21.52],[-135.81,-21.64],[-135.71,-21.74],[-135.56,-21.77],[-135.48,-21.76],[-135.34,-21.7],[-135.26,-21.59],[-135.25,-21.54],[-135.28,-21.42],[-135.36,-21.33],[-135.48,-21.28],[-135.63,-21.28],[-135.7,-21.28],[-135.78,-21.33],[-135.84,-21.4],[-135.85,-21.52]]],[[[-134.71,-23.35],[-134.68,-23.44],[-134.62,-23.52],[-134.51,-23.57],[-134.45,-23.57],[-134.34,-23.53],[-134.28,-23.46],[-134.25,-23.39],[-134.25,-23.33],[-134.27,-23.25],[-134.35,-23.16],[-134.47,-23.12],[-134.59,-23.14],[-134.63,-23.13],[-134.66,-23.01],[-134.76,-22.89],[-134.82,-22.84],[-134.92,-22.8],[-135,-22.81],[-135.07,-22.84],[-135.17,-22.94],[-135.27,-23.03],[-135.31,-23.09],[-135.33,-23.18],[-135.32,-23.24],[-135.24,-23.34],[-135.03,-23.44],[-134.94,-23.45],[-134.75,-23.38],[-134.71,-23.35]]],[[[-136.57,-21.13],[-136.7,-21.1],[-136.8,-21.1],[-136.91,-21.17],[-136.96,-21.26],[-136.95,-21.38],[-136.92,-21.44],[-136.85,-21.49],[-136.73,-21.53],[-136.61,-21.55],[-136.55,-21.63],[-136.47,-21.69],[-136.34,-21.7],[-136.26,-21.66],[-136.21,-21.62],[-136.16,-21.53],[-136.16,-21.47],[-136.18,-21.39],[-136.26,-21.29],[-136.33,-21.26],[-136.39,-21.18],[-136.47,-21.14],[-136.57,-21.13]]]]},"properties":{"tzid":"Pacific/Gambier"}},
{"type":"Feature","geometry":{"type":"MultiPolygon","coordinates":[[[[-169.64,16.93],[-169.71,16.87],[-169.75,16.8],[-169.77,16.73],[-169.76,16.66],[-169.74,16.6],[-169.69,16.55],[-169.62,16.52],[-169.55,16.51],[-169.41,16.53],[-169.35,16.56],[-169.27,16.67],[-169.25,16.77],[-169.26,16.84],[-169.3,16.91],[-169.35,16.96],[-169.42,16.98],[-169.49,16.99],[-169.57,16.97],[-169.64,16.93]]],[[[-155.26,20.23],[-155.42,20.3],[-155.52,20.33],[-155.65,20.42],[-155.77,20.46],[-155.86,20.47],[-155.98,20.44],[-156.07,20.36],[-156.1,20.29],[-156.12,20.19],[-156.08,20.02],[-156.22,19.9],[-156.25,19.83],[-156.27,19.7],[-156.21,19.55],[-156.17,19.5],[-156.1,19.31],[-156.13,19.11],[-156.11,19.01],[-156.04,18.91],[-155.99,18.86],[-155.9,18.82],[-155.76,18.72],[-155.65,18.71],[-155.58,18.73],[-155.45,18.83],[-155.36,18.96],[-155.22,19.06],[-155.06,19.08],[-154.87,19.17],[-154.69,19.31],[-154.64,19.38],[-154.6,19.5],[-154.6,19.58],[-154.66,19.67],[-154.77,19.73],[-154.82,19.84],[-154.87,19.89],[-154.92,19.99],[-155.03,20.1],[-155.12,20.16],[-155.26,20.23]]],[[[-157.44,21.33],[-157.46,21.41],[-157.5,21.48],[-157.51,21.53],[-157.56,21.61],[-157.67,21.67],[-157.74,21.78],[-157.86,21.89],[-157.95,21.91],[-158.05,21.9],[-158.14,21.87],[-158.23,21.78],[-158.29,21.78],[-158.39,21.75],[-158.45,21.7],[-158.5,21.58],[-158.49,21.52],[-158.42,21.4],[-158.32,21.26],[-158.29,21.18],[-158.23,21.13],[-158.14,21.1],[-157.99,21.11],[-157.83,21.05],[-157.69,21.06],[-157.58,21.09],[-157.52,21.08],[-157.5,21.01],[-157.43,20.93],[-157.36,20.9],[-157.28,20.88],[-157.25,20.79],[-157.2,20.72],[-157.16,20.65],[-157.1,20.57],[-157,20.53],[-156.92,20.53],[-156.9,20.45],[-156.81,20.34],[-156.75,20.31],[-156.67,20.3],[-156.5,20.32],[-156.39,20.38],[-156.25,20.39],[-156.17,20.42],[-156.11,20.42],[-155.98,20.46],[-155.92,20.49],[-155.84,20.55],[-155.8,20.62],[-155.76,20.73],[-155.77,20.81],[-155.81,20.9],[-155.9,20.97],[-155.97,21],[-156.15,21.12],[-156.25,21.15],[-156.39,21.14],[-156.5,21.22],[-156.54,21.28],[-156.61,21.34],[-156.68,21.37],[-156.84,21.37],[-156.97,21.42],[-157.07,21.4],[-157.16,21.42],[-157.3,21.42],[-157.38,21.39],[-157.44,21.33]]],[[[-162.13,22.99],[-162.06,22.9],[-162,22.87],[-161.9,22.86],[-161.77,22.91],[-161.72,22.97],[-161.7,23.07],[-161.74,23.18],[-161.81,23.24],[-161.9,23.26],[-162,23.26],[-162.06,23.22],[-162.12,23.16],[-162.15,23.06],[-162.13,22.99]]],[[[-164.79,23.39],[-164.68,23.37],[-164.6,23.39],[-164.5,23.48],[-164.48,23.58],[-164.49,23.65],[-164.57,23.74],[-164.67,23.78],[-164.76,23.77],[-164.84,23.74],[-164.89,23.68],[-164.92,23.57],[-164.9,23.49],[-164.85,23.43],[-164.79,23.39]]],[[[-165.84,23.68],[-165.84,23.74],[-165.87,23.86],[-165.95,23.97],[-166.07,24.03],[-166.2,24.08],[-166.37,24.06],[-166.48,23.99],[-166.54,23.9],[-166.52,23.77],[-166.43,23.64],[-166.39,23.6],[-166.32,23.49],[-166.25,23.45],[-166.11,23.43],[-166.04,23.44],[-165.97,23.48],[-165.92,23.53],[-165.86,23.62],[-165.84,23.68]]],[[[-167.93,25.19],[-168.02,25.2],[-168.12,25.17],[-168.19,25.1],[-168.22,25.02],[-168.21,24.95],[-168.16,24.86],[-168.08,24.81],[-167.98,24.8],[-167.88,24.83],[-167.82,24.88],[-167.79,24.94],[-167.78,25.03],[-167.8,25.09],[-167.87,25.16],[-167.93,25.19]]],[[[-170.84,25.45],[-170.77,25.36],[-170.69,25.31],[-170.63,25.31],[-170.52,25.33],[-170.43,25.42],[-170.41,25.52],[-170.45,25.63],[-170.55,25.7],[-170.64,25.71],[-170.7,25.7],[-170.78,25.66],[-170.83,25.6],[-170.85,25.51],[-170.84,25.45]]],[[[-171.94,25.66],[-171.9,25.62],[-171.83,25.57],[-171.77,25.56],[-171.65,25.57],[-171.58,25.61],[-171.52,25.69],[-171.5,25.75],[-171.5,25.83],[-171.55,25.91],[-171.6,25.95],[-171.69,25.98],[-171.83,25.97],[-171.91,25.91],[-171.95,25.85],[-171.97,25.74],[-171.94,25.66]]],[[[-174.22,26.12],[-174.23,26],[-174.19,25.92],[-174.09,25.85],[-173.98,25.84],[-173.83,25.89],[-173.78,25.94],[-173.74,26.02],[-173.74,26.1],[-173.78,26.19],[-173.84,26.24],[-173.92,26.27],[-174,26.27],[-174.08,26.25],[-174.18,26.18],[-174.22,26.12]]],[[[-176.21,27.87],[-176.21,27.74],[-176.15,27.64],[-176.08,27.59],[-175.98,27.56],[-175.92,27.56],[-175.67,27.61],[-175.57,27.71],[-175.5,27.88],[-175.51,27.98],[-175.53,28.03],[-175.59,28.1],[-175.7,28.15],[-175.77,28.16],[-175.87,28.15],[-175.97,28.11],[-176.09,28.03],[-176.17,27.96],[-176.21,27.87]]],[[[-160.46,21.85],[-160.58,21.86],[-160.68,21.82],[-160.73,21.76],[-160.76,21.69],[-160.75,21.6],[-160.72,21.54],[-160.65,21.47],[-160.52,21.45],[-160.45,21.47],[-160.36,21.54],[-160.33,21.61],[-160.2,21.58],[-160.13,21.59],[-160.04,21.64],[-160,21.7],[-159.91,21.77],[-159.88,21.81],[-159.79,21.78],[-159.69,21.71],[-159.47,21.67],[-159.34,21.69],[-159.25,21.75],[-159.18,21.81],[-159.13,21.9],[-159.11,21.98],[-159.08,22.08],[-159.08,22.19],[-159.14,22.3],[-159.23,22.38],[-159.34,22.43],[-159.42,22.43],[-159.6,22.43],[-159.67,22.41],[-159.85,22.31],[-159.96,22.19],[-160.06,22.23],[-160.18,22.22],[-160.25,22.17],[-160.31,22.09],[-160.41,22],[-160.45,21.9],[-160.46,21.85]]],[[[-143.27,-27.81],[-143.35,-27.72],[-143.44,-27.68],[-143.57,-27.68],[-143.65,-27.72],[-143.7,-27.79],[-143.74,-27.9],[-143.7,-28],[-143.65,-28.05],[-143.56,-28.09],[-143.44,-28.09],[-143.36,-28.06],[-143.29,-28],[-143.26,-27.87],[-143.27,-27.81]]],[[[-148.28,-17.92],[-148.24,-18.01],[-148.18,-18.05],[-148.08,-18.08],[-148.02,-18.08],[-147.95,-18.05],[-147.88,-17.98],[-147.86,-17.93],[-147.86,-17.82],[-147.92,-17.72],[-147.99,-17.68],[-148.05,-17.67],[-148.15,-17.68],[-148.22,-17.73],[-148.28,-17.84],[-148.28,-17.92]]],[[[-154.6,-16.02],[-154.54,-16.03],[-154.43,-16.01],[-154.37,-15.97],[-154.33,-15.92],[-154.3,-15.83],[-154.31,-15.74],[-154.35,-15.68],[-154.41,-15.62],[-154.48,-15.6],[-154.58,-15.6],[-154.63,-15.62],[-154.7,-15.68],[-154.74,-15.76],[-154.75,-15.82],[-154.74,-15.89],[-154.7,-15.96],[-154.6,-16.02]]],[[[-139.04,-20.97],[-138.97,-20.92],[-138.92,-20.8],[-138.95,-20.68],[-139,-20.62],[-139.1,-20.57],[-139.2,-20.58],[-139.27,-20.61],[-139.33,-20.68],[-139.36,-20.76],[-139.33,-20.89],[-139.24,-20.97],[-139.13,-21],[-139.04,-20.97]]],[[[-154.8,-22],[-154.67,-22.02],[-154.56,-21.98],[-154.51,-21.92],[-154.48,-21.84],[-154.49,-21.74],[-154.52,-21.68],[-154.58,-21.63],[-154.71,-21.6],[-154.8,-21.62],[-154.88,-21.68],[-154.92,-21.74],[-154.94,-21.82],[-154.88,-21.95],[-154.8,-22]]],[[[-141.46,-19.26],[-141.39,-19.37],[-141.32,-19.41],[-141.22,-19.42],[-141.12,-19.39],[-141.05,-19.32],[-141.02,-19.26],[-141.02,-19.19],[-141.05,-19.1],[-141.15,-19.01],[-141.23,-18.98],[-141.35,-19],[-141.44,-19.09],[-141.47,-19.19],[-141.46,-19.26]]],[[[-150.86,-17.63],[-150.86,-17.69],[-150.8,-17.81],[-150.71,-17.87],[-150.64,-17.88],[-150.53,-17.86],[-150.45,-17.8],[-150.41,-17.72],[-150.41,-17.59],[-150.48,-17.49],[-150.6,-17.43],[-150.68,-17.44],[-150.8,-17.51],[-150.86,-17.63]]],[[[-142.13,-16.91],[-142.07,-16.99],[-142.01,-17.03],[-141.91,-17.05],[-141.8,-17.02],[-141.75,-16.97],[-141.71,-16.9],[-141.71,-16.77],[-141.75,-16.71],[-141.8,-16.66],[-141.88,-16.63],[-142.01,-16.64],[-142.07,-16.68],[-142.11,-16.73],[-142.14,-16.81],[-142.13,-16.91]]],[[[-143.09,-18.08],[-143.01,-18.07],[-142.93,-18.03],[-142.88,-17.97],[-142.85,-17.86],[-142.87,-17.77],[-142.95,-17.67],[-143.02,-17.64],[-143.15,-17.65],[-143.24,-17.7],[-143.29,-17.8],[-143.29,-17.92],[-143.25,-17.99],[-143.19,-18.05],[-143.09,-18.08]]],[[[-141.71,-17.47],[-141.64,-17.56],[-141.58,-17.59],[-141.47,-17.6],[-141.42,-17.58],[-141.34,-17.53],[-141.3,-17.48],[-141.28,-17.4],[-141.31,-17.28],[-141.35,-17.22],[-141.44,-17.17],[-141.53,-17.16],[-141.64,-17.2],[-141.68,-17.23],[-141.74,-17.35],[-141.71,-17.47]]],[[[-148.48,-15.77],[-148.49,-15.83],[-148.48,-15.92],[-148.45,-15.97],[-148.37,-16.04],[-148.3,-16.07],[-148.23,-16.07],[-148.13,-16.04],[-148.07,-15.99],[-148.02,-15.9],[-148.01,-15.84],[-148.05,-15.73],[-148.12,-15.66],[-148.2,-15.62],[-148.32,-15.61],[-148.4,-15.65],[-148.45,-15.7],[-148.48,-15.77]]],[[[-140.61,-19.53],[-140.64,-19.64],[-140.62,-19.74],[-140.58,-19.8],[-140.49,-19.85],[-140.38,-19.86],[-140.28,-19.83],[-140.22,-19.78],[-140.17,-19.67],[-140.19,-19.56],[-140.23,-19.5],[-140.34,-19.42],[-140.44,-19.41],[-140.55,-19.46],[-140.61,-19.53]]],[[[-143.67,-17.54],[-143.59,-17.65],[-143.48,-17.69],[-143.4,-17.68],[-143.31,-17.65],[-143.26,-17.6],[-143.22,-17.53],[-143.21,-17.44],[-143.24,-17.36],[-143.3,-17.3],[-143.37,-17.26],[-143.51,-17.25],[-143.58,-17.27],[-143.67,-17.37],[-143.69,-17.45],[-143.67,-17.54]]],[[[-140.87,-19.27],[-140.8,-19.33],[-140.72,-19.36],[-140.6,-19.34],[-140.55,-19.32],[-140.48,-19.24],[-140.45,-19.17],[-140.46,-19.07],[-140.49,-19.01],[-140.59,-18.94],[-140.68,-18.92],[-140.78,-18.92],[-140.84,-18.96],[-140.91,-19.04],[-140.92,-19.17],[-140.87,-19.27]]],[[[-152.03,-16.4],[-152.05,-16.34],[-152.11,-16.27],[-152.23,-16.22],[-152.3,-16.22],[-152.38,-16.24],[-152.46,-16.31],[-152.49,-16.37],[-152.5,-16.45],[-152.48,-16.55],[-152.44,-16.61],[-152.35,-16.66],[-152.24,-16.69],[-152.17,-16.67],[-152.07,-16.6],[-152.04,-16.53],[-152.03,-16.4]]],[[[-140.05,-16.2],[-139.96,-16.14],[-139.91,-16.08],[-139.89,-16.01],[-139.89,-15.94],[-139.92,-15.86],[-139.97,-15.81],[-140.06,-15.77],[-140.15,-15.76],[-140.21,-15.78],[-140.32,-15.84],[-140.37,-15.92],[-140.38,-15.99],[-140.35,-16.1],[-140.25,-16.18],[-140.16,-16.21],[-140.05,-16.2]]],[[[-138.97,-14.65],[-139.02,-14.7],[-139.05,-14.78],[-139.05,-14.83],[-139.02,-14.93],[-138.95,-14.99],[-138.86,-15.03],[-138.8,-15.04],[-138.72,-15.03],[-138.64,-14.98],[-138.61,-14.93],[-138.58,-14.85],[-138.59,-14.78],[-138.64,-14.69],[-138.72,-14.62],[-138.83,-14.6],[-138.89,-14.61],[-138.97,-14.65]]],[[[-149.33,-16.98],[-149.35,-16.9],[-149.41,-16.83],[-149.47,-16.8],[-149.56,-16.78],[-149.63,-16.79],[-149.7,-16.83],[-149.77,-16.91],[-149.8,-16.99],[-149.8,-17.07],[-149.77,-17.14],[-149.69,-17.21],[-149.57,-17.25],[-149.49,-17.24],[-149.41,-17.2],[-149.34,-17.09],[-149.33,-16.98]]],[[[-141.09,-15.91],[-141.04,-15.98],[-140.94,-16.03],[-140.86,-16.04],[-140.78,-16.03],[-140.69,-15.97],[-140.63,-15.86],[-140.63,-15.76],[-140.65,-15.7],[-140.72,-15.63],[-140.8,-15.61],[-140.86,-15.6],[-140.99,-15.64],[-141.09,-15.73],[-141.11,-15.83],[-141.09,-15.91]]],[[[-144.68,-15.12],[-144.56,-15.16],[-144.46,-15.14],[-144.39,-15.09],[-144.35,-15.05],[-144.32,-14.96],[-144.33,-14.9],[-144.37,-14.83],[-144.47,-14.76],[-144.59,-14.75],[-144.67,-14.78],[-144.75,-14.87],[-144.77,-14.92],[-144.77,-15],[-144.75,-15.06],[-144.68,-15.12]]],[[[-154.15,-16.68],[-154.19,-16.75],[-154.2,-16.85],[-154.18,-16.91],[-154.07,-17.02],[-153.99,-17.05],[-153.86,-17.03],[-153.79,-16.99],[-153.72,-16.88],[-153.71,-16.78],[-153.75,-16.69],[-153.83,-16.61],[-153.91,-16.57],[-154.04,-16.59],[-154.11,-16.63],[-154.15,-16.68]]],[[[-138.61,-17.49],[-138.51,-17.55],[-138.45,-17.56],[-138.33,-17.55],[-138.26,-17.53],[-138.18,-17.47],[-138.12,-17.37],[-138.14,-17.25],[-138.2,-17.17],[-138.26,-17.14],[-138.35,-17.13],[-138.44,-17.13],[-138.52,-17.15],[-138.6,-17.2],[-138.66,-17.31],[-138.66,-17.39],[-138.61,-17.49]]],[[[-144.61,-27.61],[-144.59,-27.69],[-144.54,-27.76],[-144.43,-27.83],[-144.29,-27.85],[-144.15,-27.79],[-144.1,-27.73],[-144.08,-27.63],[-144.1,-27.51],[-144.15,-27.45],[-144.26,-27.38],[-144.35,-27.37],[-144.47,-27.39],[-144.55,-27.45],[-144.59,-27.5],[-144.61,-27.61]]],[[[-145.11,-20.04],[-145.05,-20.09],[-144.97,-20.11],[-144.9,-20.11],[-144.8,-20.06],[-144.74,-19.97],[-144.72,-19.89],[-144.75,-19.76],[-144.79,-19.7],[-144.88,-19.65],[-144.99,-19.63],[-145.07,-19.66],[-145.17,-19.75],[-145.21,-19.81],[-145.21,-19.88],[-145.18,-19.98],[-145.11,-20.04]]],[[[-137.23,-18.4],[-137.18,-18.47],[-137.13,-18.51],[-137.02,-18.56],[-136.93,-18.56],[-136.83,-18.51],[-136.77,-18.43],[-136.76,-18.33],[-136.81,-18.22],[-136.89,-18.13],[-137.03,-18.06],[-137.14,-18.07],[-137.24,-18.15],[-137.27,-18.21],[-137.27,-18.32],[-137.23,-18.4]]],[[[-154.84,-16.33],[-154.92,-16.43],[-154.93,-16.52],[-154.91,-16.66],[-154.84,-16.75],[-154.72,-16.79],[-154.58,-16.78],[-154.52,-16.76],[-154.45,-16.69],[-154.42,-16.61],[-154.41,-16.53],[-154.46,-16.4],[-154.53,-16.34],[-154.59,-16.3],[-154.68,-16.28],[-154.77,-16.3],[-154.84,-16.33]]],[[[-141.75,-19],[-141.67,-18.97],[-141.58,-18.88],[-141.55,-18.78],[-141.55,-18.7],[-141.6,-18.62],[-141.71,-18.53],[-141.84,-18.51],[-141.9,-18.51],[-141.98,-18.54],[-142.03,-18.59],[-142.07,-18.66],[-142.08,-18.72],[-142.05,-18.82],[-141.96,-18.95],[-141.91,-18.99],[-141.8,-19.01],[-141.75,-19]]],[[[-138.78,-20.84],[-138.75,-20.96],[-138.67,-21.03],[-138.62,-21.07],[-138.48,-21.08],[-138.38,-21.04],[-138.32,-20.97],[-138.31,-20.92],[-138.3,-20.8],[-138.32,-20.71],[-138.37,-20.65],[-138.44,-20.61],[-138.53,-20.57],[-138.6,-20.57],[-138.71,-20.62],[-138.77,-20.73],[-138.78,-20.84]]],[[[-140.88,-21.75],[-140.84,-21.83],[-140.76,-21.89],[-140.63,-21.93],[-140.51,-21.91],[-140.45,-21.87],[-140.39,-21.81],[-140.36,-21.71],[-140.38,-21.62],[-140.44,-21.52],[-140.52,-21.45],[-140.63,-21.42],[-140.73,-21.44],[-140.81,-21.5],[-140.89,-21.64],[-140.88,-21.75]]],[[[-136.36,-18.78],[-136.25,-18.77],[-136.19,-18.75],[-136.13,-18.7],[-136.1,-18.65],[-136.08,-18.56],[-136.12,-18.45],[-136.18,-18.39],[-136.26,-18.33],[-136.35,-18.28],[-136.43,-18.26],[-136.52,-18.27],[-136.58,-18.3],[-136.64,-18.35],[-136.67,-18.44],[-136.67,-18.52],[-136.61,-18.62],[-136.53,-18.67],[-136.46,-18.74],[-136.36,-18.78]]],[[[-145.81,-17.38],[-145.79,-17.44],[-145.73,-17.54],[-145.65,-17.58],[-145.56,-17.67],[-145.46,-17.7],[-145.37,-17.7],[-145.27,-17.65],[-145.19,-17.56],[-145.18,-17.47],[-145.23,-17.34],[-145.36,-17.21],[-145.46,-17.14],[-145.57,-17.12],[-145.65,-17.13],[-145.76,-17.21],[-145.81,-17.3],[-145.81,-17.38]]],[[[-149.62,-17.33],[-149.71,-17.28],[-149.78,-17.27],[-149.94,-17.29],[-150.06,-17.34],[-150.11,-17.41],[-150.13,-17.48],[-150.1,-17.6],[-150.07,-17.66],[-149.98,-17.74],[-149.89,-17.79],[-149.78,-17.79],[-149.73,-17.88],[-149.68,-17.92],[-149.54,-17.97],[-149.43,-17.98],[-149.33,-18.05],[-149.23,-18.08],[-149.13,-18.08],[-149.08,-18.06],[-148.99,-18.01],[-148.95,-17.95],[-148.92,-17.86],[-148.92,-17.74],[-148.95,-17.68],[-149.02,-17.59],[-149.1,-17.55],[-149.12,-17.5],[-149.19,-17.4],[-149.24,-17.37],[-149.36,-17.32],[-149.45,-17.3],[-149.56,-17.3],[-149.62,-17.33]]],[[[-150.78,-16.65],[-150.84,-16.55],[-150.88,-16.51],[-150.98,-16.48],[-151.08,-16.49],[-151.14,-16.52],[-151.21,-16.58],[-151.24,-16.5],[-151.29,-16.43],[-151.36,-16.38],[-151.43,-16.36],[-151.53,-16.35],[-151.58,-16.31],[-151.59,-16.19],[-151.65,-16.1],[-151.72,-16.05],[-151.78,-16.03],[-151.88,-16.03],[-151.94,-16.06],[-152,-16.11],[-152.04,-16.18],[-152.05,-16.26],[-152.02,-16.36],[-151.99,-16.42],[-152,-16.57],[-151.97,-16.65],[-151.88,-16.73],[-151.75,-16.76],[-151.71,-16.8],[-151.7,-16.94],[-151.63,-17.07],[-151.52,-17.13],[-151.43,-17.13],[-151.32,-17.1],[-151.2,-17.02],[-151.15,-16.95],[-151.08,-17],[-151.01,-17.02],[-150.93,-17.02],[-150.83,-16.97],[-150.75,-16.85],[-150.74,-16.76],[-150.78,-16.65]]],[[[-141.29,-13.95],[-141.35,-13.91],[-141.45,-13.89],[-141.55,-13.92],[-141.59,-13.96],[-141.63,-14.03],[-141.64,-14.13],[-141.61,-14.21],[-141.51,-14.29],[-141.42,-14.31],[-141.33,-14.38],[-141.17,-14.4],[-141.09,-14.38],[-141.04,-14.35],[-140.98,-14.27],[-140.97,-14.2],[-140.98,-14.11],[-141.02,-14.06],[-141.09,-13.99],[-141.22,-13.95],[-141.29,-13.95]]],[[[-145.21,-14.36],[-145.33,-14.41],[-145.39,-14.47],[-145.43,-14.55],[-145.47,-14.69],[-145.46,-14.77],[-145.38,-14.87],[-145.29,-14.91],[-145.22,-14.91],[-145.13,-14.88],[-145.07,-14.83],[-144.97,-14.7],[-144.84,-14.64],[-144.71,-14.55],[-144.66,-14.47],[-144.66,-14.35],[-144.68,-14.3],[-144.77,-14.21],[-144.86,-14.19],[-144.97,-14.2],[-145.06,-14.23],[-145.18,-14.32],[-145.21,-14.36]]],[[[-142.5,-17.12],[-142.55,-17.1],[-142.64,-17.11],[-142.69,-17.13],[-142.76,-17.19],[-142.78,-17.23],[-142.8,-17.32],[-142.78,-17.38],[-142.84,-17.42],[-142.87,-17.49],[-142.88,-17.61],[-142.86,-17.68],[-142.82,-17.74],[-142.73,-17.81],[-142.6,-17.84],[-142.51,-17.82],[-142.43,-17.78],[-142.36,-17.7],[-142.34,-17.61],[-142.36,-17.51],[-142.4,-17.45],[-142.36,-17.38],[-142.35,-17.3],[-142.39,-17.19],[-142.5,-17.12]]],[[[-146.11,-14.66],[-146.05,-14.67],[-145.87,-14.64],[-145.74,-14.56],[-145.66,-14.48],[-145.63,-14.38],[-145.66,-14.25],[-145.75,-14.16],[-145.83,-14.13],[-145.98,-14.15],[-146.16,-14.24],[-146.27,-14.23],[-146.37,-14.24],[-146.44,-14.27],[-146.51,-14.32],[-146.56,-14.39],[-146.6,-14.51],[-146.6,-14.62],[-146.57,-14.68],[-146.49,-14.75],[-146.4,-14.77],[-146.31,-14.75],[-146.19,-14.71],[-146.11,-14.66]]],[[[-142.39,-18.3],[-142.38,-18.37],[-142.32,-18.46],[-142.25,-18.51],[-142.18,-18.52],[-142.1,-18.51],[-141.98,-18.43],[-141.93,-18.37],[-141.9,-18.27],[-141.92,-18.18],[-141.98,-18.08],[-141.98,-18.01],[-142.01,-17.87],[-142.07,-17.8],[-142.13,-17.77],[-142.2,-17.75],[-142.27,-17.76],[-142.36,-17.81],[-142.44,-17.82],[-142.52,-17.86],[-142.57,-17.91],[-142.6,-18.03],[-142.58,-18.14],[-142.51,-18.23],[-142.39,-18.3]]],[[[-139.01,-18.64],[-139,-18.59],[-139.01,-18.49],[-139.05,-18.42],[-139.11,-18.38],[-139.21,-18.35],[-139.33,-18.39],[-139.41,-18.47],[-139.43,-18.58],[-139.39,-18.67],[-139.34,-18.73],[-139.22,-18.76],[-139.16,-18.76],[-139.05,-18.71],[-139.07,-18.82],[-139.03,-18.9],[-138.93,-18.97],[-138.84,-18.99],[-138.77,-18.98],[-138.67,-18.94],[-138.59,-18.84],[-138.58,-18.73],[-138.61,-18.66],[-138.71,-18.58],[-138.8,-18.56],[-138.89,-18.57],[-139.01,-18.64]]],[[[-142.11,-16.03],[-141.97,-15.87],[-141.92,-15.77],[-141.92,-15.69],[-141.95,-15.62],[-142.05,-15.54],[-142.16,-15.53],[-142.29,-15.58],[-142.42,-15.7],[-142.45,-15.75],[-142.52,-15.8],[-142.65,-15.93],[-142.72,-16.08],[-142.74,-16.13],[-142.73,-16.21],[-142.68,-16.34],[-142.61,-16.41],[-142.54,-16.44],[-142.47,-16.45],[-142.39,-16.43],[-142.29,-16.36],[-142.18,-16.19],[-142.11,-16.03]]],[[[-138.94,-22.09],[-138.99,-22.17],[-139,-22.26],[-138.93,-22.4],[-138.83,-22.47],[-138.74,-22.48],[-138.61,-22.44],[-138.54,-22.38],[-138.5,-22.28],[-138.5,-22.22],[-138.52,-22.15],[-138.59,-22.06],[-138.67,-22.01],[-138.6,-21.94],[-138.58,-21.88],[-138.58,-21.78],[-138.62,-21.7],[-138.7,-21.64],[-138.8,-21.6],[-138.91,-21.58],[-139.02,-21.61],[-139.09,-21.67],[-139.18,-21.73],[-139.24,-21.83],[-139.23,-21.96],[-139.18,-22.03],[-139.08,-22.08],[-138.94,-22.09]]],[[[-140.67,-18.06],[-140.5,-17.9],[-140.45,-17.78],[-140.44,-17.7],[-140.48,-17.6],[-140.53,-17.55],[-140.61,-17.52],[-140.7,-17.51],[-140.77,-17.52],[-140.92,-17.61],[-140.97,-17.65],[-141.04,-17.75],[-141.08,-17.87],[-141.17,-17.91],[-141.23,-17.96],[-141.27,-18.05],[-141.27,-18.19],[-141.22,-18.28],[-141.09,-18.4],[-140.96,-18.55],[-140.88,-18.59],[-140.79,-18.62],[-140.68,-18.63],[-140.6,-18.62],[-140.53,-18.58],[-140.48,-18.53],[-140.46,-18.46],[-140.47,-18.36],[-140.51,-18.29],[-140.61,-18.21],[-140.62,-18.13],[-140.67,-18.06]]],[[[-153.02,-22.73],[-152.96,-22.81],[-152.86,-22.86],[-152.79,-22.87],[-152.7,-22.84],[-152.61,-22.77],[-152.58,-22.7],[-152.59,-22.57],[-152.63,-22.5],[-152.7,-22.46],[-152.84,-22.44],[-152.92,-22.46],[-153,-22.53],[-153.04,-22.61],[-153.02,-22.73]]],[[[-151.52,-22.28],[-151.59,-22.4],[-151.59,-22.48],[-151.53,-22.63],[-151.47,-22.69],[-151.37,-22.72],[-151.3,-22.72],[-151.22,-22.69],[-151.17,-22.64],[-151.11,-22.53],[-151.11,-22.41],[-151.18,-22.31],[-151.28,-22.25],[-151.38,-22.23],[-151.46,-22.25],[-151.52,-22.28]]],[[[-149.5,-23.13],[-149.64,-23.19],[-149.71,-23.25],[-149.74,-23.31],[-149.75,-23.39],[-149.73,-23.46],[-149.65,-23.55],[-149.54,-23.6],[-149.4,-23.59],[-149.29,-23.54],[-149.21,-23.48],[-149.18,-23.42],[-149.18,-23.36],[-149.2,-23.28],[-149.24,-23.22],[-149.32,-23.16],[-149.45,-23.13],[-149.5,-23.13]]],[[[-147.71,-23.66],[-147.77,-23.67],[-147.85,-23.71],[-147.91,-23.8],[-147.91,-23.94],[-147.87,-24.02],[-147.76,-24.1],[-147.62,-24.1],[-147.52,-24.07],[-147.44,-24.02],[-147.39,-23.95],[-147.37,-23.82],[-147.42,-23.71],[-147.48,-23.66],[-147.58,-23.63],[-147.71,-23.66]]],[[[-143.1,-20.49],[-143.17,-20.43],[-143.24,-20.41],[-143.31,-20.4],[-143.36,-20.3],[-143.43,-20.24],[-143.52,-20.21],[-143.58,-20.21],[-143.68,-20.26],[-143.74,-20.33],[-143.77,-20.45],[-143.75,-20.53],[-143.69,-20.6],[-143.63,-20.64],[-143.5,-20.66],[-143.46,-20.74],[-143.36,-20.82],[-143.23,-20.82],[-143.17,-20.88],[-143.07,-20.91],[-142.96,-20.9],[-142.89,-20.85],[-142.83,-20.74],[-142.84,-20.67],[-142.87,-20.59],[-142.93,-20.53],[-143.03,-20.49],[-143.1,-20.49]]],[[[-138.56,-19.22],[-138.6,-19.15],[-138.68,-19.09],[-138.77,-19.07],[-138.86,-19.08],[-138.92,-19.11],[-138.98,-19.16],[-139.01,-19.24],[-139.06,-19.19],[-139.15,-19.13],[-139.27,-19.13],[-139.4,-19.2],[-139.45,-19.27],[-139.47,-19.37],[-139.44,-19.45],[-139.4,-19.51],[-139.32,-19.55],[-139.26,-19.57],[-139.16,-19.56],[-139.1,-19.54],[-139.02,-19.46],[-138.99,-19.38],[-138.93,-19.45],[-138.88,-19.47],[-138.79,-19.57],[-138.7,-19.6],[-138.57,-19.58],[-138.51,-19.53],[-138.46,-19.42],[-138.46,-19.36],[-138.51,-19.27],[-138.56,-19.22]]],[[[-145.68,-15.85],[-145.75,-15.74],[-145.84,-15.67],[-145.93,-15.62],[-146.03,-15.6],[-146.02,-15.49],[-145.99,-15.42],[-145.98,-15.33],[-146,-15.25],[-146.07,-15.17],[-146.15,-15.14],[-146.36,-15.1],[-146.46,-15.11],[-146.59,-15.04],[-146.76,-15],[-146.86,-15],[-146.92,-15.03],[-147.05,-15.15],[-147.09,-15.09],[-147.19,-15.03],[-147.26,-15.02],[-147.37,-14.93],[-147.44,-14.85],[-147.56,-14.77],[-147.65,-14.74],[-147.84,-14.72],[-147.92,-14.73],[-147.97,-14.76],[-148.12,-14.7],[-148.26,-14.72],[-148.32,-14.75],[-148.42,-14.84],[-148.46,-14.77],[-148.5,-14.72],[-148.56,-14.68],[-148.7,-14.66],[-148.8,-14.68],[-148.87,-14.73],[-148.92,-14.84],[-148.91,-14.94],[-148.88,-15.02],[-148.82,-15.07],[-148.75,-15.1],[-148.64,-15.11],[-148.56,-15.09],[-148.5,-15.05],[-148.47,-15.16],[-148.43,-15.22],[-148.36,-15.29],[-148.24,-15.33],[-148.16,-15.32],[-148.08,-15.28],[-147.98,-15.37],[-147.82,-15.43],[-147.74,-15.45],[-147.66,-15.44],[-147.56,-15.5],[-147.48,-15.52],[-147.28,-15.52],[-147.13,-15.47],[-147.06,-15.42],[-147.01,-15.5],[-147.09,-15.61],[-147.1,-15.7],[-147.06,-15.8],[-146.95,-15.92],[-146.77,-16.01],[-146.58,-16.05],[-146.61,-16.15],[-146.59,-16.22],[-146.54,-16.3],[-146.5,-16.35],[-146.41,-16.39],[-146.29,-16.38],[-146.18,-16.34],[-146.13,-16.27],[-146.11,-16.21],[-146.02,-16.24],[-145.95,-16.39],[-145.8,-16.56],[-145.63,-16.71],[-145.57,-16.74],[-145.53,-16.85],[-145.49,-16.9],[-145.42,-16.95],[-145.28,-17.01],[-145.12,-17.01],[-144.99,-17.08],[-144.91,-17.1],[-144.82,-17.15],[-144.71,-17.19],[-144.62,-17.2],[-144.56,-17.29],[-144.52,-17.33],[-144.41,-17.37],[-144.27,-17.37],[-144.23,-17.34],[-144.15,-17.26],[-144.1,-17.13],[-144.09,-17.06],[-144.12,-16.97],[-144.01,-16.94],[-143.91,-16.87],[-143.87,-16.8],[-143.76,-16.86],[-143.54,-16.95],[-143.52,-17.04],[-143.46,-17.15],[-143.39,-17.21],[-143.31,-17.26],[-143.29,-17.3],[-143.17,-17.39],[-143.07,-17.41],[-142.95,-17.39],[-142.87,-17.33],[-142.82,-17.2],[-142.83,-17.13],[-142.86,-17.07],[-142.85,-16.96],[-142.73,-16.93],[-142.66,-16.9],[-142.61,-16.84],[-142.57,-16.72],[-142.59,-16.63],[-142.63,-16.54],[-142.69,-16.48],[-142.8,-16.43],[-142.8,-16.34],[-142.86,-16.24],[-142.95,-16.17],[-143.11,-16.09],[-143.17,-16.08],[-143.27,-16.09],[-143.36,-16.13],[-143.4,-16.17],[-143.43,-16.24],[-143.44,-16.3],[-143.41,-16.41],[-143.54,-16.42],[-143.66,-16.36],[-143.72,-16.3],[-143.78,-16.26],[-143.91,-16.24],[-144.04,-16.25],[-144.12,-16.31],[-144.21,-16.21],[-144.32,-16.15],[-144.46,-16.14],[-144.57,-16.2],[-144.61,-16.05],[-144.68,-15.97],[-144.54,-15.95],[-144.45,-15.89],[-144.41,-15.83],[-144.4,-15.74],[-144.42,-15.67],[-144.48,-15.59],[-144.56,-15.54],[-144.68,-15.52],[-144.79,-15.57],[-144.83,-15.63],[-144.86,-15.74],[-144.97,-15.63],[-145.09,-15.58],[-145.18,-15.58],[-145.26,-15.6],[-145.23,-15.51],[-145.24,-15.42],[-145.3,-15.34],[-145.39,-15.29],[-145.57,-15.26],[-145.69,-15.3],[-145.75,-15.37],[-145.79,-15.44],[-145.8,-15.53],[-145.78,-15.63],[-145.74,-15.7],[-145.66,-15.78],[-145.56,-15.82],[-145.47,-15.83],[-145.48,-15.9],[-145.55,-15.86],[-145.68,-15.85]],[[-143.08,-16.75],[-143.18,-16.72],[-143.18,-16.61],[-143.08,-16.61],[-143.08,-16.75]],[[-144.45,-16.69],[-144.47,-16.71],[-144.58,-16.67],[-144.67,-16.6],[-144.75,-16.57],[-144.9,-16.59],[-144.99,-16.59],[-145.07,-16.54],[-145.16,-16.51],[-145.15,-16.44],[-145.18,-16.35],[-145.24,-16.27],[-145.31,-16.21],[-145.36,-16.14],[-145.39,-16.04],[-145.28,-16.13],[-145.22,-16.16],[-145.19,-16.26],[-145.1,-16.38],[-144.96,-16.47],[-144.83,-16.48],[-144.67,-16.44],[-144.6,-16.56],[-144.45,-16.69]]],[[[-159.51,-21.2],[-159.56,-21.09],[-159.64,-21.03],[-159.73,-21],[-159.82,-21],[-159.91,-21.02],[-160.01,-21.11],[-160.05,-21.2],[-160.03,-21.3],[-160,-21.38],[-159.9,-21.45],[-159.77,-21.48],[-159.65,-21.46],[-159.57,-21.4],[-159.53,-21.34],[-159.51,-21.26],[-159.51,-21.2]]],[[[-157.71,-21.81],[-157.77,-21.74],[-157.87,-21.69],[-157.99,-21.7],[-158.07,-21.74],[-158.13,-21.79],[-158.16,-21.86],[-158.18,-21.96],[-158.14,-22.05],[-158.08,-22.11],[-157.96,-22.16],[-157.84,-22.15],[-157.74,-22.11],[-157.68,-22.04],[-157.66,-21.91],[-157.71,-21.81]]],[[[-157.54,-20.03],[-157.57,-20.12],[-157.57,-20.21],[-157.51,-20.32],[-157.43,-20.37],[-157.38,-20.39],[-157.27,-20.38],[-157.18,-20.32],[-157.14,-20.27],[-157.11,-20.16],[-157.14,-20.05],[-157.19,-19.99],[-157.29,-19.94],[-157.38,-19.93],[-157.49,-19.96],[-157.47,-19.9],[-157.47,-19.82],[-157.5,-19.75],[-157.56,-19.68],[-157.69,-19.64],[-157.81,-19.66],[-157.86,-19.7],[-157.91,-19.75],[-157.93,-19.85],[-157.98,-19.81],[-158.07,-19.77],[-158.14,-19.66],[-158.21,-19.62],[-158.27,-19.61],[-158.35,-19.61],[-158.42,-19.64],[-158.5,-19.73],[-158.51,-19.8],[-158.5,-19.89],[-158.44,-19.96],[-158.35,-20.01],[-158.35,-20.06],[-158.28,-20.16],[-158.23,-20.2],[-158.15,-20.23],[-158.09,-20.23],[-157.96,-20.17],[-157.89,-20.09],[-157.87,-20.03],[-157.78,-20.09],[-157.65,-20.09],[-157.54,-20.03]]],[[[-159.99,-18.75],[-160.05,-18.86],[-160.05,-18.93],[-160.03,-19.01],[-159.97,-19.08],[-159.77,-19.15],[-159.67,-19.15],[-159.59,-19.1],[-159.53,-19.02],[-159.52,-18.87],[-159.57,-18.74],[-159.65,-18.66],[-159.71,-18.63],[-159.81,-18.62],[-159.9,-18.66],[-159.99,-18.75]]],[[[-158.94,-19.05],[-159,-19.06],[-159.11,-19.11],[-159.17,-19.2],[-159.18,-19.28],[-159.17,-19.34],[-159.12,-19.42],[-159.07,-19.46],[-158.97,-19.49],[-158.9,-19.49],[-158.81,-19.45],[-158.76,-19.42],[-158.71,-19.35],[-158.7,-19.28],[-158.71,-19.2],[-158.74,-19.15],[-158.84,-19.07],[-158.94,-19.05]]],[[[-163.37,-17.93],[-163.41,-18.03],[-163.4,-18.12],[-163.32,-18.24],[-163.25,-18.28],[-163.16,-18.3],[-163.05,-18.27],[-162.97,-18.2],[-162.91,-18.1],[-162.91,-17.97],[-162.96,-17.9],[-163.03,-17.83],[-163.15,-17.79],[-163.24,-17.8],[-163.33,-17.86],[-163.37,-17.93]]],[[[-163.36,-13.13],[-163.39,-13.19],[-163.41,-13.28],[-163.39,-13.36],[-163.35,-13.44],[-163.28,-13.5],[-163.16,-13.54],[-163.08,-13.53],[-162.93,-13.46],[-162.88,-13.41],[-162.84,-13.3],[-162.84,-13.23],[-162.87,-13.17],[-162.99,-13.06],[-163.07,-13.01],[-163.17,-13.01],[-163.31,-13.08],[-163.36,-13.13]]],[[[-165.59,-11.68],[-165.52,-11.74],[-165.4,-11.77],[-165.28,-11.72],[-165.23,-11.66],[-165.2,-11.54],[-165.23,-11.47],[-165.28,-11.4],[-165.33,-11.37],[-165.41,-11.35],[-165.48,-11.36],[-165.54,-11.4],[-165.62,-11.5],[-165.63,-11.59],[-165.59,-11.68]]],[[[-165.96,-10.68],[-166.08,-10.76],[-166.13,-10.87],[-166.11,-10.97],[-166.06,-11.04],[-165.98,-11.09],[-165.88,-11.12],[-165.81,-11.12],[-165.71,-11.08],[-165.66,-11.03],[-165.62,-10.93],[-165.64,-10.79],[-165.67,-10.72],[-165.75,-10.66],[-165.81,-10.64],[-165.91,-10.65],[-165.96,-10.68]]],[[[-160.94,-10.18],[-160.89,-10.1],[-160.87,-10],[-160.88,-9.94],[-160.92,-9.87],[-161.01,-9.81],[-161.06,-9.8],[-161.14,-9.8],[-161.23,-9.84],[-161.28,-9.9],[-161.31,-10],[-161.29,-10.11],[-161.23,-10.19],[-161.16,-10.23],[-161.21,-10.3],[-161.24,-10.39],[-161.23,-10.5],[-161.19,-10.57],[-161.09,-10.64],[-161.02,-10.66],[-160.9,-10.65],[-160.84,-10.62],[-160.78,-10.56],[-160.76,-10.49],[-160.75,-10.4],[-160.8,-10.29],[-160.87,-10.22],[-160.94,-10.18]]],[[[-158.25,-8.89],[-158.26,-9],[-158.2,-9.13],[-158.1,-9.24],[-158,-9.28],[-157.86,-9.28],[-157.8,-9.24],[-157.71,-9.13],[-157.68,-9.07],[-157.68,-9],[-157.74,-8.85],[-157.78,-8.79],[-157.86,-8.74],[-157.98,-8.72],[-158.09,-8.72],[-158.18,-8.76],[-158.23,-8.83],[-158.25,-8.89]]]]},"properties":{"tzid":"Pacific/Honolulu"}},
{"type":"Feature","geometry":{"type":"MultiPolygon","coordinates":[[[[-157.5,2.25],[-157.62,2.2],[-157.69,2.1],[-157.7,2.03],[-157.74,1.96],[-157.76,1.9],[-157.75,1.8],[-157.69,1.71],[-157.63,1.67],[-157.5,1.6],[-157.41,1.58],[-157.33,1.52],[-157.25,1.5],[-157.14,1.5],[-157.06,1.53],[-157.02,1.57],[-156.97,1.66],[-156.97,1.76],[-156.99,1.84],[-157.05,1.92],[-157.1,1.95],[-157.11,2.02],[-157.14,2.1],[-157.19,2.15],[-157.33,2.22],[-157.43,2.25],[-157.5,2.25]]],[[[-159.31,3.61],[-159.25,3.61],[-159.16,3.65],[-159.1,3.69],[-159.05,3.78],[-159.04,3.87],[-159.07,3.96],[-159.1,4],[-159.2,4.09],[-159.27,4.13],[-159.34,4.14],[-159.43,4.13],[-159.54,4.05],[-159.59,3.95],[-159.58,3.82],[-159.51,3.71],[-159.44,3.64],[-159.31,3.61]]],[[[-160.36,4.47],[-160.28,4.49],[-160.23,4.51],[-160.18,4.58],[-160.15,4.66],[-160.15,4.72],[-160.18,4.79],[-160.25,4.86],[-160.32,4.89],[-160.4,4.9],[-160.47,4.89],[-160.56,4.83],[-160.61,4.74],[-160.61,4.65],[-160.59,4.6],[-160.53,4.53],[-160.45,4.49],[-160.36,4.47]]],[[[-152.11,-10.07],[-152.14,-9.95],[-152.22,-9.88],[-152.28,-9.86],[-152.36,-9.86],[-152.45,-9.91],[-152.5,-9.97],[-152.52,-10.05],[-152.51,-10.12],[-152.47,-10.2],[-152.41,-10.25],[-152.29,-10.27],[-152.2,-10.24],[-152.12,-10.14],[-152.11,-10.07]]],[[[-151.82,-11.65],[-151.71,-11.62],[-151.63,-11.54],[-151.61,-11.43],[-151.63,-11.34],[-151.69,-11.26],[-151.79,-11.22],[-151.87,-11.22],[-151.94,-11.25],[-151.99,-11.3],[-152.03,-11.39],[-152.03,-11.47],[-151.96,-11.59],[-151.9,-11.63],[-151.82,-11.65]]],[[[-150.23,-10.21],[-150.12,-10.18],[-150.06,-10.12],[-150.01,-10.05],[-149.99,-9.96],[-150,-9.89],[-150.04,-9.79],[-150.1,-9.74],[-150.17,-9.71],[-150.27,-9.71],[-150.37,-9.78],[-150.4,-9.84],[-150.43,-9.96],[-150.44,-10.02],[-150.41,-10.1],[-150.32,-10.19],[-150.23,-10.21]]],[[[-155.88,-5.86],[-155.83,-5.86],[-155.7,-5.79],[-155.65,-5.71],[-155.64,-5.59],[-155.69,-5.5],[-155.75,-5.45],[-155.81,-5.43],[-155.93,-5.42],[-156.04,-5.46],[-156.09,-5.51],[-156.13,-5.61],[-156.12,-5.71],[-156.04,-5.81],[-155.92,-5.86],[-155.88,-5.86]]],[[[-154.93,-4.25],[-154.8,-4.22],[-154.73,-4.14],[-154.69,-4.01],[-154.7,-3.92],[-154.78,-3.82],[-154.9,-3.79],[-155.01,-3.8],[-155.07,-3.83],[-155.13,-3.88],[-155.16,-3.93],[-155.17,-4.03],[-155.16,-4.09],[-155.11,-4.16],[-155.01,-4.23],[-154.93,-4.25]]]]},"properties":{"tzid":"Pacific/Kiritimati"}},
{"type":"Feature","geometry":{"type":"MultiPolygon","coordinates":[[[[-138.55,-10.73],[-138.47,-10.66],[-138.42,-10.56],[-138.32,-10.54],[-138.27,-10.5],[-138.23,-10.43],[-138.21,-10.36],[-138.23,-10.26],[-138.29,-10.2],[-138.34,-10.17],[-138.42,-10.16],[-138.51,-10.18],[-138.58,-10.24],[-138.67,-10.22],[-138.78,-10.24],[-138.86,-10.32],[-138.89,-10.39],[-138.89,-10.58],[-138.82,-10.69],[-138.76,-10.73],[-138.66,-10.75],[-138.55,-10.73]]],[[[-139.32,-9.91],[-139.33,-10.03],[-139.31,-10.09],[-139.24,-10.19],[-139.17,-10.22],[-139.06,-10.22],[-138.96,-10.16],[-138.85,-10.22],[-138.73,-10.21],[-138.66,-10.17],[-138.6,-10.06],[-138.6,-9.99],[-138.64,-9.88],[-138.61,-9.82],[-138.6,-9.74],[-138.63,-9.64],[-138.67,-9.59],[-138.75,-9.55],[-138.72,-9.42],[-138.76,-9.32],[-138.83,-9.26],[-138.95,-9.23],[-139.05,-9.27],[-139.1,-9.33],[-139.13,-9.4],[-139.12,-9.52],[-139.28,-9.6],[-139.33,-9.66],[-139.37,-9.75],[-139.36,-9.82],[-139.32,-9.91]]],[[[-140.38,-8.06],[-140.28,-8.04],[-140.21,-7.98],[-140.18,-7.89],[-140.19,-7.79],[-140.26,-7.7],[-140.34,-7.66],[-140.39,-7.66],[-140.5,-7.7],[-140.61,-7.7],[-140.71,-7.76],[-140.78,-7.79],[-140.86,-7.85],[-140.91,-7.92],[-140.93,-8.03],[-140.89,-8.15],[-140.8,-8.23],[-140.73,-8.25],[-140.64,-8.24],[-140.57,-8.21],[-140.5,-8.11],[-140.42,-8.06],[-140.38,-8.06]]],[[[-140.26,-9.22],[-140.31,-9.28],[-140.34,-9.39],[-140.3,-9.52],[-140.19,-9.63],[-140.12,-9.66],[-140.03,-9.67],[-139.93,-9.63],[-139.88,-9.58],[-139.85,-9.51],[-139.82,-9.4],[-139.83,-9.29],[-139.91,-9.2],[-140.03,-9.14],[-139.92,-9.1],[-139.85,-9.05],[-139.81,-8.97],[-139.77,-9.06],[-139.7,-9.13],[-139.61,-9.16],[-139.43,-9.13],[-139.34,-9.07],[-139.3,-9.01],[-139.28,-8.94],[-139.3,-8.84],[-139.34,-8.77],[-139.41,-8.7],[-139.49,-8.67],[-139.57,-8.67],[-139.64,-8.68],[-139.74,-8.74],[-139.79,-8.82],[-139.85,-8.68],[-139.95,-8.6],[-140.03,-8.59],[-140.21,-8.58],[-140.36,-8.63],[-140.41,-8.63],[-140.44,-8.56],[-140.51,-8.5],[-140.58,-8.48],[-140.66,-8.48],[-140.72,-8.5],[-140.78,-8.55],[-140.81,-8.62],[-140.82,-8.71],[-140.79,-8.78],[-140.75,-8.84],[-140.66,-8.87],[-140.6,-8.88],[-140.45,-8.85],[-140.42,-9],[-140.38,-9.07],[-140.31,-9.13],[-140.21,-9.18],[-140.26,-9.22]]]]},"properties":{"tzid":"Pacific/Marquesas"}},
{"type":"Feature","geometry":{"type":"MultiPolygon","coordinates":[[[[-170.92,-10.91],[-171,-10.86],[-171.07,-10.85],[-171.18,-10.87],[-171.24,-10.91],[-171.29,-11],[-171.29,-11.09],[-171.27,-11.15],[-171.2,-11.23],[-171.14,-11.26],[-171.05,-11.27],[-171,-11.25],[-170.93,-11.21],[-170.89,-11.15],[-170.86,-11.05],[-170.87,-10.98],[-170.92,-10.91]]],[[[-168.25,-14.35],[-168.34,-14.42],[-168.37,-14.48],[-168.38,-14.57],[-168.36,-14.63],[-168.28,-14.72],[-168.18,-14.76],[-168.09,-14.75],[-168.01,-14.71],[-167.95,-14.62],[-167.93,-14.56],[-167.94,-14.49],[-168.01,-14.39],[-168.05,-14.36],[-168.14,-14.33],[-168.25,-14.35]]],[[[-169.66,-14.39],[-169.55,-14.46],[-169.46,-14.47],[-169.35,-14.44],[-169.27,-14.39],[-169.24,-14.35],[-169.22,-14.27],[-169.21,-14.19],[-169.26,-14.09],[-169.37,-14.02],[-169.47,-14.01],[-169.53,-13.97],[-169.62,-13.95],[-169.69,-13.96],[-169.78,-13.98],[-169.86,-14.06],[-169.89,-14.15],[-169.87,-14.27],[-169.82,-14.33],[-169.73,-14.38],[-169.66,-14.39]]],[[[-170.57,-14.49],[-170.47,-14.48],[-170.43,-14.45],[-170.36,-14.37],[-170.34,-14.3],[-170.35,-14.22],[-170.41,-14.11],[-170.48,-14.06],[-170.68,-14.03],[-170.75,-14.04],[-170.82,-14.09],[-170.93,-14.13],[-170.99,-14.18],[-171.04,-14.24],[-171.05,-14.32],[-171.04,-14.4],[-171,-14.45],[-170.94,-14.5],[-170.81,-14.57],[-170.74,-14.57],[-170.63,-14.53],[-170.57,-14.49]]],[[[-170.13,-18.97],[-170.16,-19.08],[-170.15,-19.13],[-170.1,-19.24],[-170.05,-19.29],[-169.95,-19.34],[-169.84,-19.35],[-169.72,-19.31],[-169.62,-19.21],[-169.57,-19.11],[-169.57,-19.03],[-169.61,-18.89],[-169.69,-18.8],[-169.77,-18.76],[-169.86,-18.75],[-169.95,-18.77],[-170.01,-18.8],[-170.09,-18.89],[-170.13,-18.97]]],[[[-178.56,28.31],[-178.46,28.21],[-178.36,28.19],[-178.23,28.19],[-178.12,28.26],[-178.06,28.37],[-178.06,28.46],[-178.09,28.52],[-178.15,28.6],[-178.24,28.64],[-178.38,28.65],[-178.45,28.63],[-178.53,28.58],[-178.59,28.49],[-178.6,28.41],[-178.56,28.31]]],[[[-177.32,28],[-177.22,28.03],[-177.15,28.07],[-177.09,28.16],[-177.09,28.24],[-177.14,28.36],[-177.18,28.41],[-177.27,28.46],[-177.42,28.47],[-177.5,28.45],[-177.6,28.36],[-177.65,28.25],[-177.63,28.12],[-177.58,28.06],[-177.51,28.02],[-177.4,27.99],[-177.32,28]]]]},"properties":{"tzid":"Pacific/Pago_Pago"}},
{"type":"Feature","geometry":{"type":"Polygon","coordinates":[[[168.18,-29.18],[168.22,-29.06],[168.22,-28.98],[168.19,-28.91],[168.14,-28.87],[168.02,-28.81],[167.93,-28.79],[167.86,-28.8],[167.76,-28.85],[167.69,-28.97],[167.69,-29.1],[167.74,-29.22],[167.79,-29.28],[167.92,-29.34],[168.02,-29.33],[168.1,-29.29],[168.18,-29.18]]]},"properties":{"tzid":"Pacific/Norfolk"}},
{"type":"Feature","geometry":{"type":"MultiPolygon","coordinates":[[[[-124.55,-24.67],[-124.58,-24.58],[-124.63,-24.52],[-124.74,-24.47],[-124.83,-24.48],[-124.95,-24.53],[-125.01,-24.62],[-125.02,-24.7],[-125,-24.75],[-124.95,-24.82],[-124.85,-24.88],[-124.75,-24.89],[-124.62,-24.82],[-124.58,-24.78],[-124.55,-24.67]]],[[[-128.08,-24.33],[-128.11,-24.22],[-128.2,-24.15],[-128.31,-24.13],[-128.39,-24.14],[-128.49,-24.19],[-128.56,-24.29],[-128.58,-24.38],[-128.55,-24.48],[-128.5,-24.55],[-128.38,-24.61],[-128.31,-24.62],[-128.19,-24.6],[-128.1,-24.52],[-128.08,-24.45],[-128.08,-24.33]]],[[[-130.5,-23.91],[-130.52,-23.84],[-130.56,-23.78],[-130.67,-23.72],[-130.75,-23.71],[-130.89,-23.75],[-130.93,-23.79],[-130.97,-23.87],[-130.97,-23.93],[-130.96,-24.01],[-130.92,-24.07],[-130.83,-24.13],[-130.69,-24.14],[-130.56,-24.07],[-130.51,-23.98],[-130.5,-23.91]]],[[[-129.87,-25.06],[-129.89,-24.99],[-129.95,-24.91],[-130.05,-24.87],[-130.12,-24.86],[-130.22,-24.88],[-130.28,-24.93],[-130.34,-25.03],[-130.34,-25.12],[-130.27,-25.22],[-130.2,-25.26],[-130.11,-25.28],[-129.99,-25.26],[-129.94,-25.22],[-129.88,-25.15],[-129.87,-25.06]]]]},"properties":{"tzid":"Pacific/Pitcairn"}}
]}